"","I.P01","I.P07","I.P11","I.S07","I.S29","I.S34","I.W31","I.W32","I.W33","S.P03","S.P09","S.P12","S.S05","S.S08","S.S32","S.W20","S.W36","S.W37"
"CE1",265.229318184731,261.154108678302,278.860364591071,271.938881428547,277.312125092166,248.997503637126,291.295361588869,279.529995549583,308.294173411202,275.217674462713,252.784281109408,266.980316869171,250.184317975054,296.080093745857,257.6858463384,218.906674970152,250.16698672579,273.856436957249
"CE10",269.484333984486,234.857340790556,237.620451517743,275.108332261047,303.962900750374,271.905273971741,339.140976535833,325.690912245844,325.187004830993,285.017710348626,259.830532847649,298.596407024731,263.907508412504,300.221074077967,203.751599430362,266.792510119873,301.770939144563,266.834477035268
"CE11",46.8051737973054,68.9156675678852,58.9141615333248,58.9517854845101,66.2667935285175,59.7594008729102,50.6600628850207,55.1366504983122,74.9619394253264,51.4501884010413,64.2970471114522,50.9370341395129,48.0311665310757,63.1499500646758,62.3240186492873,44.4654183533121,70.6749783126671,94.7964589467401
"CE12",80.1361308953866,82.5174440615468,82.4798261466547,73.5312593140126,69.8682496985456,75.6952411056862,67.5467505133609,51.2899074402904,59.1249099692715,88.2003229732137,73.1048617842539,74.6491017561827,91.8398129275514,83.8548517252253,77.9050233116092,46.1756267515165,53.8476025239368,49.1537194538652
"CE13",2.12750789987752,0,0.98190269222208,0.633890166500109,0.720291234005625,0.995990014548503,0,1.28224768600726,1.05580196373699,0,0.880781467280167,1.75644945308665,2.11126006730003,1.03524508302747,0,0,0,0
"CE14",21.9842482987344,14.508561593239,12.764734998887,16.4811443290028,24.4899019561913,23.9037603491641,15.4794636593119,23.0804583481307,22.1718412384768,18.7834021146659,16.7348478783232,17.5644945308665,23.7516757571254,20.7049016605494,17.978082302679,22.2327091766561,26.9238012619684,28.087839687923
"CE15",9.92837019942842,4.53392549788719,8.83712422999872,8.24057216450142,10.8043685100844,8.96391013093653,5.62889587611341,10.2579814880581,8.44641570989593,13.8833841717096,6.16547027096117,5.26934835925996,5.80596518507509,9.31720574724725,10.7868493816074,20.5225007784518,8.97460042065614,14.0439198439615
"CE2",48.2235123972238,33.5510486843652,29.4570807666624,29.7928378255051,35.2942704662756,36.8516305382946,33.7733752566804,20.5159629761162,26.3950490934248,35.1167952578536,36.992821625767,56.2063824987729,48.0311665310757,32.0925975738516,23.9707764035721,17.1020839820431,19.0710258938943,14.0439198439615
"CE3",13.4742166992243,9.97463609535181,10.8009296144429,13.3116934965023,15.8464071481238,8.96391013093653,14.0722396902835,12.8224768600726,17.9486333835289,12.2500448573908,18.4964108128835,9.66047199197659,10.0284853196752,14.4934311623846,10.7868493816074,11.9714587874302,12.3400755784022,24.5768597269326
"CE4",385.78809917779,308.306933856329,286.715586128847,327.087325914056,308.284648154408,366.524325353849,395.429935296967,343.642379849946,335.745024468363,307.067791091929,302.108043277097,393.44467749141,432.280498779682,289.868623247692,327.201097908759,259.951676527056,296.161813881653,387.963285689436
"CE6",6.38252369963256,12.6949913940841,13.7466376911091,7.60668199800131,11.52465974409,8.96391013093653,2.8144479380567,12.8224768600726,9.50221767363293,8.98336622875325,9.68859614008184,7.90402253888993,8.97285528602514,13.4581860793571,8.38977174125022,15.3918755838388,10.0964254732382,12.2884298634663
"CE7",22.6934175986935,29.017123186478,33.3846915355507,22.8200459940039,32.4131055302531,30.8756904510036,39.4022711327938,37.1851828942106,26.3950490934248,33.4834559435348,22.9003181492844,15.8080450777799,23.2238607403004,40.3745582380714,33.5590869650009,34.2041679640863,29.1674513671325,43.8872495123797
"CE8",53.187697496938,76.1699483645047,71.6788965322118,65.9245773160113,66.2667935285175,74.6992510911377,68.9539744823892,47.4431643822686,57.0133060417975,59.6168849726352,58.1315768404911,72.8926523030961,86.5616627593013,79.7138713931154,67.1181739300017,32.493959565882,61.700377892011,73.7305791807978
"CE9",112.048749393549,77.0767334640822,78.5522153777664,89.3785134765154,89.3161130166975,97.6070214257533,139.315172933807,126.942520914719,101.356988518751,93.9170105733294,83.6742393916159,112.412764997546,101.340483230402,90.0663222233901,73.1108680308948,99.1920870958502,108.817030100456,112.351358751692
"GH1",138.997182791998,88.8649397585888,123.719739219982,84.9412823110146,101.561063994793,106.57093155669,101.320125770041,144.89398851882,116.138216011069,107.800394745039,73.9856432515341,157.202226051255,116.647118718327,125.264655046324,86.2947950528594,88.9308367066243,100.964254732382,110.595868771197
"GH10",35.4584649979587,46.2460400784493,50.0770373033261,44.3723116550076,36.0145617002813,44.8195506546826,22.5155835044536,17.9514676041017,21.1160392747398,41.6501525151287,38.7543845603274,34.2507643351897,51.1980566320258,43.4802934871538,58.7284021887515,18.8122923802474,22.4365010516404,14.0439198439615
"GH101",1.41833859991835,0.906785099577437,0,5.70501149850098,1.44058246801125,0,2.8144479380567,6.4112384300363,7.39061374615894,0,0,0,0,4.14098033210989,0,3.42041679640863,2.24365010516404,0
"GH102",4.25501579975504,7.2542807966195,4.9095134611104,9.50835249750163,7.20291234005625,5.97594008729102,2.8144479380567,7.69348611604357,9.50221767363293,3.26667862863754,5.284688803681,6.14757308580328,4.75033515142507,6.21147049816483,8.38977174125022,1.71020839820431,12.3400755784022,12.2884298634663
"GH103",5.67335439967338,7.2542807966195,5.89141615333248,7.60668199800131,6.48262110605063,4.97995007274251,4.22167190708506,8.97573380205083,7.39061374615894,4.08334828579693,7.92703320552151,7.90402253888993,4.75033515142507,8.28196066421978,7.19123292107162,3.42041679640863,10.0964254732382,10.5329398829711
"GH105",120.558780993059,138.738120235348,154.158722678867,136.286385797523,133.974169525046,133.462661949499,128.05738118158,137.200502402777,129.86364153965,137.200502402777,118.905498082823,140.515956246932,129.842494138952,151.145782122011,142.626119601254,155.628964236593,126.766230941768,124.639788615158
"GH106",53.8968667968972,55.3138910742237,48.1132319188819,57.6840051515099,64.8262110605063,48.8035107128766,37.9950471637655,48.7254120682759,48.5668903319016,78.4002870873011,44.0390733640084,47.4241352333396,40.1139412787006,45.5507836532088,40.7503198860725,92.3512535030329,42.6293519981167,19.3103897854471
"GH108",6.38252369963256,12.6949913940841,8.83712422999872,12.0439131635021,7.92320357406188,14.9398502182275,2.8144479380567,8.97573380205083,12.6696235648439,12.2500448573908,8.80781467280167,10.5386967185199,8.97285528602514,15.5286762454121,8.38977174125022,6.84083359281725,14.5837256835662,10.5329398829711
"GH109",121.977119592978,99.7463609535181,93.2807557610976,98.886865974017,118.127762376923,128.482711876757,161.83075643826,147.458483890835,123.528829757228,111.883743030836,105.69377607362,106.265191911742,112.952413600552,102.48926321972,112.662649096789,171.020839820431,131.253531152096,143.950178400605
"GH11",1.41833859991835,0.906785099577437,0,3.16945083250054,0.720291234005625,2.98797004364551,1.40722396902835,0,0,0,0.880781467280167,0.878224726543326,2.63907508412504,1.03524508302747,5.99269410089301,0,0,0
"GH110",20.565909698816,21.7628423898585,20.6199565366637,21.5522656610037,18.7275720841463,23.9037603491641,30.9589273186237,28.2094490921597,29.5624549846358,27.7667683434191,21.138755214724,16.6862698043232,18.4735255888753,20.7049016605494,23.9707764035721,39.3347931586992,30.2892764197145,36.8652895903989
"GH112",26.2392640984894,18.1357019915487,14.7285403833312,19.0167049950033,23.04931948818,19.9198002909701,18.2939115973686,24.362706034138,17.9486333835289,17.9667324575065,20.2579737474439,28.1031912493864,17.9457105720503,17.599166411467,15.5810046623218,20.5225007784518,17.9492008413123,12.2884298634663
"GH113",3.54584649979587,4.53392549788719,5.89141615333248,3.16945083250054,3.60145617002813,2.98797004364551,1.40722396902835,1.28224768600726,1.05580196373699,3.26667862863754,2.6423444018405,5.26934835925996,5.27815016825008,3.10573524908242,2.39707764035721,1.71020839820431,1.12182505258202,1.75548998049519
"GH115",29.7851105982853,32.6442635847877,33.3846915355507,37.3995198235064,31.6928142962475,27.8877204073581,25.3300314425103,30.7739444641743,21.1160392747398,35.933464915013,33.4696957566464,38.6418879679063,35.3636061272755,31.0573524908242,32.3605481448223,34.2041679640863,16.8273757887303,8.77744990247593
"GH116",3.54584649979587,4.53392549788719,2.94570807666624,5.07112133200087,2.8811649360225,0.995990014548503,4.22167190708506,3.84674305802178,2.11160392747398,4.08334828579693,0.880781467280167,6.14757308580328,6.3337802019001,1.03524508302747,3.59561646053581,11.9714587874302,2.24365010516404,1.75548998049519
"GH117",3.54584649979587,1.81357019915487,4.9095134611104,5.70501149850098,4.32174740403375,4.97995007274251,8.44334381417011,5.12899074402904,4.22320785494797,4.90001794295632,4.40390733640084,1.75644945308665,1.58344505047502,4.14098033210989,4.79415528071441,15.3918755838388,6.73095031549211,1.75548998049519
"GH120",23.4025868986527,12.6949913940841,15.7104430755533,17.748924662003,20.8884457861631,16.9318302473245,15.4794636593119,11.5402291740653,10.5580196373699,17.9667324575065,18.4964108128835,21.0773934370398,19.0013406057003,19.669656577522,14.3824658421432,22.2327091766561,5.60912526291009,8.77744990247593
"GH123",23.4025868986527,19.0424870911262,23.5656646133299,24.7217164935042,20.1681545521575,19.9198002909701,26.7372554115387,34.620687522196,24.2834451659508,22.0500807433034,21.138755214724,19.3209439839532,21.6404156898253,21.7401467435769,15.5810046623218,37.6245847604949,28.0456263145504,35.1097996099037
"GH125",26.2392640984894,27.2035529873231,35.3484969199949,27.2572771595047,33.8536879982644,25.8957403782611,35.1805992257088,25.6449537201452,30.6182569483728,31.0334469720567,36.1120401584869,34.2507643351897,34.3079760936255,35.1983328229341,28.7649316842865,39.3347931586992,26.9238012619684,28.087839687923
"GH126",1.41833859991835,0.906785099577437,1.96380538444416,1.26778033300022,3.60145617002813,0.995990014548503,1.40722396902835,2.56449537201452,4.22320785494797,2.45000897147816,0.880781467280167,0,1.05563003365002,2.07049016605494,1.1985388201786,1.71020839820431,1.12182505258202,1.75548998049519
"GH127",56.7335439967338,53.5003208750688,61.859869609991,58.9517854845101,58.3435899544556,63.7433609311042,68.9539744823892,61.5478889283485,57.0133060417975,65.3335725727509,59.8931397750514,56.2063824987729,55.9483917834509,64.1851951477033,57.5298633685729,70.1185443263768,50.4821273661908,40.3762695513893
"GH128",7.8008622995509,9.06785099577437,5.89141615333248,9.50835249750163,14.4058246801125,5.97594008729102,5.62889587611341,3.84674305802178,11.6138216011069,8.16669657159386,10.569377607362,7.90402253888993,8.97285528602514,9.31720574724725,9.58831056142882,1.71020839820431,15.7055507361482,15.7994098244567
"GH129",6.38252369963256,4.53392549788719,5.89141615333248,8.87446233100152,7.92320357406188,2.98797004364551,4.22167190708506,5.12899074402904,6.33481178242195,5.7166876001157,5.284688803681,5.26934835925996,4.75033515142507,3.10573524908242,5.99269410089301,8.55104199102157,1.12182505258202,1.75548998049519
"GH13",793.560446654315,726.334864761527,624.490112253243,670.021905990615,718.130360303608,765.916321187799,721.905896111545,644.970586061652,762.289017818108,602.702206983627,728.406273440698,876.468277090239,813.362940927337,727.777293368313,773.057539015199,441.233766736713,710.115258284417,832.102250754719
"GH130",91.4828396947333,86.1445844598565,81.4979234544326,71.6295888145123,80.67261820863,91.6310813384623,99.912901801013,91.0395857065155,87.6315629901703,76.7669477729823,80.1511135224952,98.3611693728525,88.6729228266014,78.6786263100879,76.7064844914306,78.6695863173984,76.2841035755772,80.7525391027786
"GH133",47.5143430972646,54.4071059746462,53.0227453799923,48.8095428205084,58.3435899544556,43.8235606401341,56.2889587611341,47.4431643822686,71.7945335341154,56.3502063439976,62.5354841768919,55.3281577722295,52.2536866656758,60.0442148155934,52.7357080878585,42.7552099551078,63.944027997175,80.7525391027786
"GH136",9.92837019942842,2.72035529873231,3.92761076888832,7.60668199800131,3.60145617002813,0.995990014548503,5.62889587611341,3.84674305802178,8.44641570989593,3.26667862863754,5.284688803681,0.878224726543326,6.86159521872511,4.14098033210989,3.59561646053581,23.9429175748604,6.73095031549211,7.02195992198075
"GH137",4.25501579975504,7.2542807966195,5.89141615333248,5.07112133200087,4.32174740403375,4.97995007274251,4.22167190708506,5.12899074402904,5.27900981868496,7.35002691443448,4.40390733640084,2.63467417962998,4.75033515142507,2.07049016605494,4.79415528071441,22.2327091766561,7.85277536807412,0
"GH138",2.12750789987752,1.81357019915487,4.9095134611104,3.16945083250054,3.60145617002813,4.97995007274251,2.8144479380567,1.28224768600726,3.16740589121098,8.16669657159386,2.6423444018405,0.878224726543326,6.3337802019001,4.14098033210989,3.59561646053581,10.2612503892259,4.48730021032807,0
"GH139",2.83667719983669,3.62714039830975,5.89141615333248,4.43723116550076,3.60145617002813,5.97594008729102,2.8144479380567,2.56449537201452,3.16740589121098,6.53335725727509,3.52312586912067,1.75644945308665,4.75033515142507,5.17622541513736,4.79415528071441,8.55104199102157,6.73095031549211,0
"GH14",1.41833859991835,2.72035529873231,2.94570807666624,0.633890166500109,1.44058246801125,1.99198002909701,2.8144479380567,1.28224768600726,0,0,1.76156293456033,3.5128989061733,0,4.14098033210989,1.1985388201786,0,0,0
"GH140",17.0200631990202,20.8560572902811,21.6018592288858,22.8200459940039,20.1681545521575,21.9117803200671,14.0722396902835,16.6692199180944,19.0044353472659,20.4167414289847,19.3771922801637,20.1991687104965,20.0569706393503,17.599166411467,13.1839270219646,23.9429175748604,15.7055507361482,12.2884298634663
"GH141",9.92837019942842,10.8814211949292,9.8190269222208,22.1861558275038,10.8043685100844,7.96792011638802,8.44334381417011,7.69348611604357,7.39061374615894,15.5167234860283,17.6156293456033,7.02579781234661,12.1397453869752,11.3876959133022,8.38977174125022,25.6531259730647,14.5837256835662,3.51097996099037
"GH142",2.83667719983669,7.2542807966195,11.782832306665,7.60668199800131,10.8043685100844,9.95990014548503,9.85056778319846,11.5402291740653,6.33481178242195,12.2500448573908,7.04625173824134,3.5128989061733,7.91722525237512,5.17622541513736,8.38977174125022,10.2612503892259,13.4619006309842,7.02195992198075
"GH143",3.54584649979587,5.44071059746462,3.92761076888832,8.87446233100152,7.92320357406188,5.97594008729102,4.22167190708506,6.4112384300363,3.16740589121098,5.7166876001157,3.52312586912067,2.63467417962998,5.80596518507509,4.14098033210989,5.99269410089301,5.13062519461294,7.85277536807412,3.51097996099037
"GH144",7.09169299959173,11.7882062945067,16.6923457677754,11.410022997002,11.52465974409,17.9278202618731,22.5155835044536,16.6692199180944,15.8370294560549,13.8833841717096,9.68859614008184,7.02579781234661,10.0284853196752,10.3524508302747,16.7795434825004,23.9429175748604,13.4619006309842,12.2884298634663
"GH145",9.21920089946925,13.6017764936616,9.8190269222208,8.87446233100152,11.52465974409,8.96391013093653,7.03611984514176,8.97573380205083,12.6696235648439,9.80003588591263,14.0925034764827,9.66047199197659,10.0284853196752,12.4229409963297,20.3751599430362,3.42041679640863,6.73095031549211,7.02195992198075
"GH146",36.876803597877,28.1103380869005,30.4389834588845,31.6945083250054,30.9725230622419,26.8917303928096,29.5517033495954,24.362706034138,26.3950490934248,29.4001076577379,35.2312586912067,28.1031912493864,32.1967160263255,25.8811270756868,33.5590869650009,34.2041679640863,16.8273757887303,12.2884298634663
"GH147",4.25501579975504,7.2542807966195,0.98190269222208,3.80334099900065,5.04203863803938,2.98797004364551,4.22167190708506,5.12899074402904,13.7254255285809,5.7166876001157,6.16547027096117,3.5128989061733,5.80596518507509,5.17622541513736,3.59561646053581,0,7.85277536807412,8.77744990247593
"GH148",6.38252369963256,3.62714039830975,1.96380538444416,1.90167049950033,2.8811649360225,4.97995007274251,2.8144479380567,6.4112384300363,3.16740589121098,1.63333931431877,3.52312586912067,5.26934835925996,3.16689010095005,3.10573524908242,0,1.71020839820431,3.36547515774605,1.75548998049519
"GH149",0,0.906785099577437,0,0,0,0,0,0,0,0.816669657159386,0.880781467280167,0,0.527815016825008,0,0,0,0,0
"GH15",1.41833859991835,2.72035529873231,4.9095134611104,6.9727918315012,3.60145617002813,2.98797004364551,2.8144479380567,3.84674305802178,4.22320785494797,4.08334828579693,3.52312586912067,2.63467417962998,8.97285528602514,5.17622541513736,2.39707764035721,6.84083359281725,2.24365010516404,1.75548998049519
"GH151",7.09169299959173,3.62714039830975,9.8190269222208,9.50835249750163,6.48262110605063,4.97995007274251,2.8144479380567,6.4112384300363,2.11160392747398,9.80003588591263,3.52312586912067,5.26934835925996,4.22252013460006,7.24671558119231,4.79415528071441,15.3918755838388,5.60912526291009,5.26646994148556
"GH154",34.7492956979995,38.0849741822524,43.2037184577715,34.863959157506,38.1754354022981,29.8797004364551,37.9950471637655,44.8786690102541,46.4552864044276,40.8334828579693,36.992821625767,45.667685780253,33.2523460599755,37.268822988989,35.9561646053581,59.857293937151,39.2638768403706,26.3323497074278
"GH156",2.12750789987752,1.81357019915487,0.98190269222208,1.26778033300022,0.720291234005625,0,0,1.28224768600726,1.05580196373699,0.816669657159386,0.880781467280167,0.878224726543326,0.527815016825008,2.07049016605494,1.1985388201786,3.42041679640863,1.12182505258202,1.75548998049519
"GH158",2.12750789987752,1.81357019915487,3.92761076888832,1.90167049950033,2.8811649360225,1.99198002909701,2.8144479380567,2.56449537201452,2.11160392747398,2.45000897147816,2.6423444018405,0.878224726543326,1.58344505047502,0,2.39707764035721,3.42041679640863,2.24365010516404,1.75548998049519
"GH159",6.38252369963256,3.62714039830975,4.9095134611104,4.43723116550076,1.44058246801125,1.99198002909701,1.40722396902835,3.84674305802178,2.11160392747398,7.35002691443448,0.880781467280167,3.5128989061733,4.75033515142507,4.14098033210989,5.99269410089301,6.84083359281725,4.48730021032807,5.26646994148556
"GH16",59.5702211965705,63.4749569704206,59.8960642255469,67.1923576490115,65.5465022945119,69.7193010183952,63.3250786062758,48.7254120682759,57.0133060417975,68.6002512013884,73.1048617842539,66.7450792172928,71.7828422882011,61.0794598986209,61.1254798291087,59.857293937151,80.7714037859053,77.2415591417882
"GH161",3.54584649979587,1.81357019915487,2.94570807666624,3.80334099900065,5.04203863803938,2.98797004364551,1.40722396902835,3.84674305802178,3.16740589121098,4.90001794295632,2.6423444018405,10.5386967185199,6.86159521872511,3.10573524908242,2.39707764035721,0,1.12182505258202,1.75548998049519
"GH163",14.8925552991426,18.1357019915487,12.764734998887,13.9455836630024,15.1261159141181,14.9398502182275,12.6650157212552,14.1047245460799,11.6138216011069,19.6000717718253,17.6156293456033,12.2951461716066,11.6119303701502,13.4581860793571,8.38977174125022,20.5225007784518,16.8273757887303,17.5548998049519
"GH164",2.83667719983669,1.81357019915487,0.98190269222208,2.53556066600044,2.16087370201688,0.995990014548503,2.8144479380567,2.56449537201452,0,1.63333931431877,1.76156293456033,0,1.05563003365002,1.03524508302747,1.1985388201786,6.84083359281725,2.24365010516404,5.26646994148556
"GH165",3.54584649979587,5.44071059746462,7.85522153777664,2.53556066600044,2.8811649360225,0.995990014548503,4.22167190708506,5.12899074402904,5.27900981868496,1.63333931431877,3.52312586912067,0.878224726543326,1.58344505047502,2.07049016605494,3.59561646053581,6.84083359281725,5.60912526291009,3.51097996099037
"GH18",112.048749393549,86.1445844598565,76.5884099933222,100.788536473517,92.9175691867256,106.57093155669,139.315172933807,114.120044054646,90.7989688813813,89.0169926303731,82.7934579243357,108.899866091372,116.119303701502,97.3130378045824,97.0816444344668,75.2491695209898,95.3551294694715,98.3074389077305
"GH19",5.67335439967338,2.72035529873231,4.9095134611104,1.90167049950033,4.32174740403375,0.995990014548503,1.40722396902835,0,0,0,1.76156293456033,3.5128989061733,0.527815016825008,1.03524508302747,1.1985388201786,0,0,1.75548998049519
"GH2",413.445701876198,369.968320627594,434.000989962159,454.499249380578,458.105224827578,391.424075717562,415.131070863364,423.141736382396,466.66446797175,490.001794295632,433.344481901842,432.96479018586,421.196383426356,403.745582380714,373.944111895724,547.26668742538,425.171694928585,366.897405923494
"GH20",129.06881259257,123.322773542531,152.194917294422,117.90357096902,139.016208163086,133.462661949499,180.124668035629,189.772657529075,178.430531871552,137.200502402777,137.401908895706,134.368383161129,115.063673667852,137.687596042654,123.449498478396,222.327091766561,181.735658518287,238.746637347345
"GH23",140.415521391916,157.780607326474,131.574960757759,159.106431791527,162.065527651266,157.366422298663,168.866876283402,148.740731576842,181.597937762763,130.667145145502,152.375193839469,146.663529332735,145.149129626877,156.322007537148,176.185206566255,116.294171077893,172.761058097631,200.125857776451
"GH24",47.5143430972646,43.525684779717,39.2761076888832,36.1317394905062,38.1754354022981,51.7914807565221,49.2528389159923,47.4431643822686,52.7900981868496,46.550170458085,46.6814177658489,37.763663241363,41.1695713123506,42.4450484041264,45.5444751667869,27.363334371269,40.3857018929526,45.6427394928749
"GH25",211.332451387834,194.052011309572,178.706289984419,191.434830283033,185.835138373451,238.041613477092,209.676371385224,165.409951494937,161.53770045176,164.150601089037,197.295048670758,269.614991048801,276.047253799479,220.507202684852,220.531142912863,106.032920688667,169.395582939885,159.749588225062
"GH26",56.0243746967747,49.873180476759,39.2761076888832,53.2467739860091,39.6160178703094,53.7834607856191,39.4022711327938,33.3384398361888,34.8414648033207,50.6335187438819,50.2045436349695,52.6934835925996,64.393432052651,42.4450484041264,61.1254798291087,22.2327091766561,43.7511770506987,35.1097996099037
"GH27",23.4025868986527,17.2289168919713,26.5113726899962,29.158947659005,27.3710668922138,18.9238102764216,28.144479380567,28.2094490921597,19.0044353472659,24.5000897147816,26.423444018405,27.2249665228431,31.1410859926755,26.9163721587143,25.1693152237507,25.6531259730647,22.4365010516404,21.0658797659422
"GH28",115.594595893345,145.992401031967,140.412084987757,140.723616963024,146.939411737148,134.458651964048,119.61403736741,115.402291740653,141.477463140757,149.450547260168,129.474875690185,135.246607887672,146.732574677352,154.251517371093,161.802740724111,123.135004670711,140.228131572752,119.373318673673
"GH29",112.048749393549,101.559931152673,111.936906913317,133.750825131523,103.72193769681,111.550881629432,123.835709274495,134.636007030762,135.142651358335,121.683778916749,135.640345961146,114.169214450632,117.702748751977,120.088429631187,93.486027973931,208.645424580926,118.913455573694,129.906258556644
"GH3",719.097670158602,687.343105479697,666.711928018792,676.994697822116,620.891043712849,611.537868932781,645.915801784014,594.962926307369,582.802683982819,620.668939441133,591.885146012273,824.653018224183,653.962805846185,659.4511178885,671.181739300018,483.988976691821,533.98872502904,588.089143465888
"GH30",58.1518825966522,48.0596102776042,50.0770373033261,61.4873461505106,57.62329872045,51.7914807565221,49.2528389159923,42.3141736382396,61.2365138967455,62.0668939441133,63.4162656441721,53.5717083191429,63.865617035826,65.2204402307308,51.5371692676799,53.0164603443337,50.4821273661908,42.1317595318845
"GH31",202.113250488364,223.06913449605,204.235759982193,192.702610616033,203.122127989586,160.354392342309,187.160787880771,161.563208436915,164.705106342971,187.017351489499,199.937393072598,217.799732182745,216.931971915078,207.049016605494,192.964750048755,179.571881811453,136.862656415006,143.950178400605
"GH32",146.798045091549,131.483839438728,114.882614989983,122.974692301021,136.135043227063,133.462661949499,125.242933243523,128.224768600726,125.640433684702,118.417100288111,112.740027811861,173.010271129035,140.398794475452,121.123674714214,136.633425500361,88.9308367066243,114.426155363366,117.617828693178
"GH33",58.1518825966522,48.9663953771816,55.9684534566586,52.612883819509,46.09863897636,48.8035107128766,83.0262141726728,70.5236227303993,69.6829296066415,62.8835636012727,53.7276695040902,50.0588094129696,50.6702416152008,57.9737246495385,43.1473975264297,87.22062830842,88.6241791539794,73.7305791807978
"GH35",72.3352685958357,65.2885271695755,68.7331884555456,67.1923576490115,64.1059198265006,65.7353409602012,63.3250786062758,51.2899074402904,73.9061374615894,58.8002153154758,71.3432988496936,76.4055512092694,60.1709119180509,68.3261754798132,56.3313245483943,71.8287527245812,49.3603023136088,43.8872495123797
"GH36",124.813796792814,113.34813744718,102.117879991096,107.127438138518,103.001646462804,127.486721862208,112.577917522268,97.4508241365518,109.803404228647,114.333752002314,111.859246344581,140.515956246932,129.314679122127,105.594998468802,111.46411027661,100.902295494054,76.2841035755772,80.7525391027786
"GH37",9.92837019942842,6.34749569704206,11.782832306665,10.1422426640017,10.0840772760788,11.951880174582,15.4794636593119,10.2579814880581,14.7812274923179,12.2500448573908,12.3309405419223,7.90402253888993,8.44504026920013,4.14098033210989,4.79415528071441,13.6816671856345,8.97460042065614,8.77744990247593
"GH38",66.6619141961623,55.3138910742237,64.8055776866573,83.0396118115143,65.5465022945119,48.8035107128766,78.8045422655877,52.5721551262977,77.0735433528004,60.4335546297946,56.3700139059307,62.3539555845762,61.2265419517009,65.2204402307308,46.7430139869655,68.4083359281725,44.8730021032807,61.4421493173315
"GH39",34.0401263980403,18.1357019915487,24.547567305552,34.2300689910059,41.0566003383206,20.9157903055186,36.5878231947371,34.620687522196,24.2834451659508,30.2167773148973,36.1120401584869,36.0072137882764,30.6132709758505,25.8811270756868,27.5663928641079,11.9714587874302,13.4619006309842,12.2884298634663
"GH4",60.9885597964889,48.9663953771816,48.1132319188819,59.5856756510102,61.2247548904781,50.7954907419736,77.3973182965593,70.5236227303993,61.2365138967455,55.5335366868383,44.9198548312885,67.6233039438361,55.4205767666258,60.0442148155934,55.1327857282157,94.0614619012372,50.4821273661908,68.4641092393123
"GH42",86.5186545950191,70.7292377670401,67.7512857633235,79.8701609790137,62.6653373584894,77.6872211347832,64.7323025753042,53.854402812305,51.7342962231126,66.9669118870697,65.1778285787324,89.5789221074193,77.5888074732762,60.0442148155934,67.1181739300017,70.1185443263768,33.6547515774605,38.6207795708941
"GH43",580.100487366604,543.164274646885,569.503561488806,530.566069360591,503.483572569932,520.902777608867,457.347789934214,442.375451672505,428.655597277219,509.601866067457,552.249979984665,599.827488229092,533.093166993258,534.186462842176,547.732240821621,424.13168275467,328.694740406531,321.254666430619
"GH44",2.12750789987752,1.81357019915487,2.94570807666624,1.26778033300022,2.8811649360225,3.98396005819401,0,0,0,2.45000897147816,1.76156293456033,3.5128989061733,4.22252013460006,0,1.1985388201786,0,0,0
"GH47",2.83667719983669,0.906785099577437,3.92761076888832,0.633890166500109,2.16087370201688,0,0,0,0,0,6.16547027096117,0.878224726543326,0,3.10573524908242,1.1985388201786,0,0,0
"GH48",0.709169299959173,0.906785099577437,1.96380538444416,0,0.720291234005625,0,0,0,0,0.816669657159386,0.880781467280167,0.878224726543326,0.527815016825008,0,1.1985388201786,0,0,0
"GH5",178.710663589712,165.034888123094,148.267306525534,166.079223623029,151.261159141181,177.286222589633,159.016308500204,126.942520914719,133.031047430861,160.06725280324,186.725671063396,165.106248590145,220.098862016028,153.216272288066,172.589590105719,109.453337485076,121.157105678858,122.884298634663
"GH50",3.54584649979587,6.34749569704206,4.9095134611104,3.16945083250054,5.04203863803938,1.99198002909701,0,2.56449537201452,4.22320785494797,4.90001794295632,1.76156293456033,2.63467417962998,3.69470511777506,3.10573524908242,5.99269410089301,10.2612503892259,8.97460042065614,1.75548998049519
"GH51",104.957056393958,81.6106589619693,92.2988530688755,95.0835249750163,98.6798990587706,82.6671712075257,73.1756463894743,69.2413750443921,87.6315629901703,113.517082345155,102.170650204499,99.2393940993959,92.3676279443764,92.136812389445,88.6918726932166,78.6695863173984,52.7257774713548,52.6646994148556
"GH52",0,0.906785099577437,0.98190269222208,1.26778033300022,0.720291234005625,0,0,1.28224768600726,1.05580196373699,0,0,0,0.527815016825008,0,0,5.13062519461294,0,0
"GH53",60.9885597964889,58.034246372956,46.1494265344378,48.8095428205084,50.4203863803938,42.8275706255856,52.067286854049,42.3141736382396,45.3994844406906,42.4668221722881,53.7276695040902,55.3281577722295,67.032507136776,55.9032344834835,53.9342469080371,6.84083359281725,48.2384772610268,47.39822947337
"GH55",5.67335439967338,6.34749569704206,6.87331884555456,8.87446233100152,9.36378604207313,6.97193010183952,5.62889587611341,7.69348611604357,9.50221767363293,7.35002691443448,7.04625173824134,7.02579781234661,7.91722525237512,10.3524508302747,8.38977174125022,10.2612503892259,4.48730021032807,0
"GH57",43.2593272975096,56.2206761738011,44.1856211499936,62.7551264835108,64.8262110605063,48.8035107128766,59.1034066991908,43.5964213242469,84.4641570989593,43.2834918294475,53.7276695040902,37.763663241363,46.4477214806007,62.1147049816483,51.5371692676799,37.6245847604949,62.822202944593,89.5299890052545
"GH59",5.67335439967338,4.53392549788719,4.9095134611104,3.80334099900065,2.8811649360225,4.97995007274251,1.40722396902835,3.84674305802178,3.16740589121098,3.26667862863754,5.284688803681,7.02579781234661,9.50067030285014,2.07049016605494,3.59561646053581,1.71020839820431,0,0
"GH63",7.8008622995509,9.97463609535181,9.8190269222208,10.1422426640017,8.6434948080675,10.9558901600335,14.0722396902835,12.8224768600726,10.5580196373699,12.2500448573908,7.92703320552151,8.78224726543326,7.38941023555011,6.21147049816483,11.985388201786,15.3918755838388,2.24365010516404,7.02195992198075
"GH64",0,0,0,1.26778033300022,2.16087370201688,0,0,0,0,0,0,0,0.527815016825008,1.03524508302747,0,0,0,0
"GH65",22.6934175986935,19.9492721907036,24.547567305552,17.748924662003,22.3290282541744,28.8837104219066,37.9950471637655,29.491696778167,28.5066530208988,20.4167414289847,17.6156293456033,21.0773934370398,26.3907508412504,30.0221074077967,35.9561646053581,30.7837511676776,29.1674513671325,22.8213697464374
"GH66",8.51003159951008,4.53392549788719,4.9095134611104,6.9727918315012,9.36378604207313,9.95990014548503,5.62889587611341,10.2579814880581,8.44641570989593,5.7166876001157,7.04625173824134,6.14757308580328,6.3337802019001,7.24671558119231,8.38977174125022,8.55104199102157,8.97460042065614,5.26646994148556
"GH67",11.3467087993468,17.2289168919713,20.6199565366637,15.8472541625027,11.52465974409,13.943860203679,8.44334381417011,11.5402291740653,7.39061374615894,14.700053828869,13.2117220092025,8.78224726543326,12.1397453869752,17.599166411467,21.5736987632148,11.9714587874302,5.60912526291009,5.26646994148556
"GH68",0,0,0.98190269222208,0.633890166500109,0,0,0,0,0,0.816669657159386,0,0,0.527815016825008,0,0,0,0,0
"GH70",0.709169299959173,0.906785099577437,0,0.633890166500109,2.8811649360225,0.995990014548503,0,0,0,0,1.76156293456033,0,0.527815016825008,2.07049016605494,1.1985388201786,0,0,0
"GH73",73.753607195754,82.5174440615468,91.3169503766534,86.2090626440148,90.0364042507031,90.6350913239138,85.8406621107295,79.4993565324502,98.1895826275402,93.9170105733294,88.0781467280167,77.2837759358127,89.7285528602514,104.559753385775,98.2801832546454,92.3512535030329,77.4059286281592,117.617828693178
"GH74",3.54584649979587,4.53392549788719,1.96380538444416,3.16945083250054,3.60145617002813,4.97995007274251,2.8144479380567,1.28224768600726,2.11160392747398,2.45000897147816,4.40390733640084,4.39112363271663,4.75033515142507,3.10573524908242,5.99269410089301,3.42041679640863,0,0
"GH76",10.6375394993876,22.6696274894359,19.6380538444416,20.9183754945036,24.4899019561913,20.9157903055186,21.1083595354253,28.2094490921597,12.6696235648439,26.9500986862597,23.7810996165645,18.4427192574098,27.4463808749004,20.7049016605494,15.5810046623218,32.493959565882,17.9492008413123,12.2884298634663
"GH77",155.308076691059,152.339896729009,121.755933835538,151.499749793526,146.939411737148,149.398502182275,161.83075643826,128.224768600726,144.644869031968,137.200502402777,133.878783026585,171.253821675949,153.066354879252,167.709703450451,142.626119601254,75.2491695209898,151.446382098572,159.749588225062
"GH78",203.531589088283,131.483839438728,156.122528063311,167.347003956029,173.590187395356,146.41053213863,144.94406880992,161.563208436915,168.928314197919,174.767306632109,162.063789979551,221.312631088918,152.010724845602,159.427742786231,116.258265557324,186.41271540427,114.426155363366,89.5299890052545
"GH79",15.6017245991018,13.6017764936616,13.7466376911091,10.1422426640017,11.52465974409,16.9318302473245,18.2939115973686,19.2337152901089,12.6696235648439,12.2500448573908,8.80781467280167,14.0515956246932,16.3622655215752,16.5639213284396,9.58831056142882,10.2612503892259,23.5583261042224,14.0439198439615
"GH8",17.0200631990202,13.6017764936616,17.6742484599974,17.1150344955029,14.4058246801125,16.9318302473245,11.2577917522268,8.97573380205083,11.6138216011069,10.616705543072,15.854066411043,17.5644945308665,14.2510054542752,9.31720574724725,17.978082302679,8.55104199102157,4.48730021032807,5.26646994148556
"GH81",1.41833859991835,0,0.98190269222208,8.87446233100152,5.04203863803938,0.995990014548503,1.40722396902835,2.56449537201452,1.05580196373699,3.26667862863754,1.76156293456033,2.63467417962998,4.75033515142507,9.31720574724725,2.39707764035721,0,2.24365010516404,3.51097996099037
"GH84",15.6017245991018,21.7628423898585,18.6561511522195,21.5522656610037,20.1681545521575,16.9318302473245,21.1083595354253,32.0561921501815,32.7298608758467,17.1500628003471,22.0195366820042,18.4427192574098,17.9457105720503,19.669656577522,17.978082302679,34.2041679640863,32.5329265248785,45.6427394928749
"GH85",12.0558780993059,10.8814211949292,16.6923457677754,12.6778033300022,15.1261159141181,13.943860203679,32.3661512876521,30.7739444641743,27.4508510571618,15.5167234860283,13.2117220092025,14.0515956246932,14.7788204711002,13.4581860793571,11.985388201786,5.13062519461294,16.8273757887303,19.3103897854471
"GH87",2.83667719983669,1.81357019915487,1.96380538444416,2.53556066600044,2.16087370201688,0.995990014548503,2.8144479380567,1.28224768600726,3.16740589121098,1.63333931431877,1.76156293456033,1.75644945308665,3.69470511777506,5.17622541513736,2.39707764035721,0,4.48730021032807,1.75548998049519
"GH88",73.0444378957948,66.1953122691529,86.407436915543,74.7990396470128,78.5117445066131,64.7393509456527,75.990094327531,100.015319508566,90.7989688813813,93.9170105733294,60.7739212423316,72.0144275765527,74.9497323891512,70.3966656458681,70.7137903905376,159.049381033001,94.2333044168895,98.3074389077305
"GH89",21.2750789987752,22.6696274894359,28.4751780744403,25.3556066600044,31.6928142962475,25.8957403782611,35.1805992257088,34.620687522196,40.1204746220057,32.6667862863754,33.4696957566464,27.2249665228431,25.3351208076004,32.0925975738516,23.9707764035721,42.7552099551078,38.1420517877886,50.9092094343604
"GH9",26.2392640984894,34.4578337839426,31.4208861511066,18.3828148285032,20.1681545521575,24.8997503637126,18.2939115973686,23.0804583481307,15.8370294560549,21.233411086144,36.992821625767,32.4943148821031,32.1967160263255,25.8811270756868,35.9561646053581,30.7837511676776,12.3400755784022,17.5548998049519
"GH91",1.41833859991835,6.34749569704206,2.94570807666624,2.53556066600044,3.60145617002813,2.98797004364551,1.40722396902835,6.4112384300363,2.11160392747398,4.90001794295632,1.76156293456033,1.75644945308665,3.16689010095005,5.17622541513736,3.59561646053581,1.71020839820431,3.36547515774605,0
"GH92",97.8653633943659,94.3056503560534,136.484474218869,109.662998804519,122.449509780956,111.550881629432,123.835709274495,152.587474634864,143.589067068231,146.18386863153,126.832531288344,94.8482704666792,111.896783566902,107.665488634857,147.420274881968,217.196466571948,152.568207151154,184.326447951995
"GH93",7.09169299959173,9.06785099577437,6.87331884555456,8.24057216450142,7.92320357406188,7.96792011638802,5.62889587611341,3.84674305802178,3.16740589121098,8.16669657159386,6.16547027096117,9.66047199197659,7.91722525237512,6.21147049816483,7.19123292107162,10.2612503892259,4.48730021032807,1.75548998049519
"GH94",67.3710834961214,54.4071059746462,45.1675238422157,57.0501149850098,62.6653373584894,57.7674208438132,49.2528389159923,50.0076597542832,39.0646726582687,53.9001973725195,53.7276695040902,65.8668544907495,63.337802019001,53.8327443174286,47.9415528071441,22.2327091766561,39.2638768403706,31.5988196489134
"GH95",82.9728080952233,76.1699483645047,93.2807557610976,85.5751724775147,82.8334919106469,83.6631612220742,83.0262141726728,76.9348611604356,74.9619394253264,94.7336802304888,94.2436169989779,82.5531242950726,82.8669576415263,73.5024008949505,80.3021009519664,118.004379476098,85.2587039962334,52.6646994148556
"GH97",92.9011782946517,115.161707646335,108.991198836651,114.10022997002,122.449509780956,120.514791760369,118.206813398382,103.862062566588,144.644869031968,129.033805831183,135.640345961146,87.8224726543326,101.340483230402,120.088429631187,154.61150780304,123.135004670711,132.375356204678,135.172728498129
"GH98",4.96418509971421,5.44071059746462,3.92761076888832,5.07112133200087,3.60145617002813,3.98396005819401,1.40722396902835,3.84674305802178,2.11160392747398,4.08334828579693,7.04625173824134,4.39112363271663,3.69470511777506,5.17622541513736,2.39707764035721,6.84083359281725,2.24365010516404,0
"GH99",1.41833859991835,0.906785099577437,7.85522153777664,5.07112133200087,2.8811649360225,4.97995007274251,2.8144479380567,6.4112384300363,3.16740589121098,4.90001794295632,7.04625173824134,2.63467417962998,3.69470511777506,2.07049016605494,3.59561646053581,6.84083359281725,4.48730021032807,1.75548998049519
"GT1",9.92837019942842,6.34749569704206,6.87331884555456,6.33890166500109,7.92320357406188,5.97594008729102,16.8866876283402,15.3869722320871,9.50221767363293,6.53335725727509,3.52312586912067,5.26934835925996,7.91722525237512,4.14098033210989,5.99269410089301,6.84083359281725,10.0964254732382,5.26646994148556
"GT10",10.6375394993876,17.2289168919713,9.8190269222208,10.1422426640017,5.762329872045,13.943860203679,11.2577917522268,16.6692199180944,5.27900981868496,10.616705543072,13.2117220092025,8.78224726543326,12.6675604038002,9.31720574724725,8.38977174125022,11.9714587874302,17.9492008413123,8.77744990247593
"GT101",19.1475710988977,74.3563781653498,80.5160207622105,25.3556066600044,33.8536879982644,65.7353409602012,64.7323025753042,10.2579814880581,17.9486333835289,7.35002691443448,25.5426625511249,88.7006973808759,26.9185658580754,68.3261754798132,68.3167127501804,5.13062519461294,7.85277536807412,15.7994098244567
"GT102",0.709169299959173,1.81357019915487,0.98190269222208,1.26778033300022,1.44058246801125,0,0,0,0,0,0.880781467280167,0,0,1.03524508302747,0,0,2.24365010516404,0
"GT103",0.709169299959173,2.72035529873231,0,0.633890166500109,0.720291234005625,0,1.40722396902835,0,0,0,1.76156293456033,0,0,0,0,0,2.24365010516404,0
"GT104",0,0.906785099577437,0.98190269222208,0.633890166500109,0.720291234005625,1.99198002909701,1.40722396902835,1.28224768600726,1.05580196373699,0.816669657159386,0.880781467280167,0,0.527815016825008,1.03524508302747,1.1985388201786,1.71020839820431,1.12182505258202,1.75548998049519
"GT107",1.41833859991835,4.53392549788719,1.96380538444416,5.07112133200087,3.60145617002813,3.98396005819401,5.62889587611341,3.84674305802178,6.33481178242195,1.63333931431877,3.52312586912067,3.5128989061733,2.11126006730003,2.07049016605494,5.99269410089301,0,5.60912526291009,5.26646994148556
"GT11",55.3152053968155,65.2885271695755,43.2037184577715,36.7656296570063,39.6160178703094,48.8035107128766,22.5155835044536,20.5159629761162,24.2834451659508,30.2167773148973,47.562199233129,57.9628319518595,56.4762068002759,38.3040680720165,44.3459363466083,18.8122923802474,30.2892764197145,29.8433296684182
"GT12",0,0,0,1.26778033300022,0,0,0,1.28224768600726,0,0,0,0,0.527815016825008,0,0,0,0,0
"GT14",23.4025868986527,17.2289168919713,22.5837619211078,19.0167049950033,15.1261159141181,27.8877204073581,21.1083595354253,25.6449537201452,25.3392471296878,23.6834200576222,24.6618810838447,23.7120676166698,19.5291556225253,18.6344114944945,22.7722375833935,22.2327091766561,24.6801511568044,21.0658797659422
"GT17",4.96418509971421,7.2542807966195,5.89141615333248,3.80334099900065,3.60145617002813,3.98396005819401,2.8144479380567,5.12899074402904,2.11160392747398,2.45000897147816,6.16547027096117,6.14757308580328,5.27815016825008,5.17622541513736,8.38977174125022,1.71020839820431,2.24365010516404,1.75548998049519
"GT19",48.2235123972238,58.9410314725334,59.8960642255469,60.2195658175103,62.6653373584894,52.7874707710707,52.067286854049,52.5721551262977,74.9619394253264,53.0835277153601,62.5354841768919,47.4241352333396,46.4477214806007,61.0794598986209,58.7284021887515,41.0450015569035,76.2841035755772,98.3074389077305
"GT2",2095.59528137936,2050.24111014459,1767.42484599974,1901.67049950033,1917.41526492297,1958.11636860236,1905.38125406439,1893.87983223272,1996.52151342665,1690.50619031993,2024.9165932771,2203.46583889721,2115.48258743463,1856.19443386826,1972.79489801398,1479.33026444673,1951.97559149271,2129.40934634066
"GT20",4.25501579975504,7.2542807966195,6.87331884555456,1.26778033300022,5.04203863803938,1.99198002909701,5.62889587611341,3.84674305802178,2.11160392747398,0.816669657159386,1.76156293456033,4.39112363271663,1.05563003365002,5.17622541513736,3.59561646053581,5.13062519461294,1.12182505258202,1.75548998049519
"GT21",0,1.81357019915487,0.98190269222208,0,0,0,1.40722396902835,1.28224768600726,2.11160392747398,0,0,0,0.527815016825008,1.03524508302747,0,1.71020839820431,2.24365010516404,1.75548998049519
"GT22",0,0,0,0,0,1.99198002909701,1.40722396902835,1.28224768600726,1.05580196373699,0,0.880781467280167,1.75644945308665,0.527815016825008,1.03524508302747,0,1.71020839820431,1.12182505258202,1.75548998049519
"GT23",7.8008622995509,5.44071059746462,10.8009296144429,5.07112133200087,7.20291234005625,10.9558901600335,5.62889587611341,6.4112384300363,7.39061374615894,6.53335725727509,8.80781467280167,8.78224726543326,9.50067030285014,7.24671558119231,5.99269410089301,6.84083359281725,4.48730021032807,10.5329398829711
"GT24",4.96418509971421,8.16106589619693,10.8009296144429,0.633890166500109,7.20291234005625,0.995990014548503,2.8144479380567,1.28224768600726,1.05580196373699,0.816669657159386,4.40390733640084,7.90402253888993,0,11.3876959133022,3.59561646053581,0,0,1.75548998049519
"GT25",5.67335439967338,9.06785099577437,5.89141615333248,6.9727918315012,6.48262110605063,5.97594008729102,8.44334381417011,5.12899074402904,5.27900981868496,3.26667862863754,5.284688803681,5.26934835925996,3.69470511777506,10.3524508302747,3.59561646053581,5.13062519461294,8.97460042065614,3.51097996099037
"GT26",109.212072193713,111.534567248025,89.3531449922093,110.930779137519,97.959607824765,114.538851673078,126.650157212552,117.966787112668,109.803404228647,83.3003050302574,101.289868737219,115.925663903719,120.341823836102,104.559753385775,121.052420838039,85.5104199102157,118.913455573694,110.595868771197
"GT27",16.310893899061,17.2289168919713,10.8009296144429,14.5794738295025,15.8464071481238,17.9278202618731,14.0722396902835,12.8224768600726,25.3392471296878,15.5167234860283,22.0195366820042,18.4427192574098,13.1953754206252,10.3524508302747,14.3824658421432,23.9429175748604,21.3146759990583,35.1097996099037
"GT28",175.873986389875,165.941673222671,153.176819986644,172.41812528803,154.142324077204,189.238102764216,192.789683756884,170.538942238966,169.984116161656,142.100520345733,170.871604652352,205.504586011138,207.431301612228,185.308869861918,151.015891342504,104.322712290463,154.811857256318,221.191737542394
"GT29",0,0,0,0.633890166500109,0,0,0,0,0,0,0,0,0.527815016825008,0,1.1985388201786,0,0,0
"GT3",29.0759412983261,32.6442635847877,31.4208861511066,30.4267279920052,34.57397923227,30.8756904510036,42.2167190708506,35.9029352082033,46.4552864044276,37.5668042293318,34.3504772239265,24.5902923432131,27.9741958917254,37.268822988989,32.3605481448223,32.493959565882,51.6039524187728,45.6427394928749
"GT30",45.3868351973871,72.542807966195,50.0770373033261,52.612883819509,61.2247548904781,58.7634108583617,47.845614946964,56.4188981843195,72.8503354978524,49.0001794295632,57.2507953732109,46.5459105067963,43.8086463964757,62.1147049816483,69.515251570359,41.0450015569035,71.7968033652491,91.2854789857497
"GT31",0.709169299959173,2.72035529873231,1.96380538444416,1.90167049950033,0,0.995990014548503,1.40722396902835,3.84674305802178,1.05580196373699,0,1.76156293456033,0.878224726543326,1.05563003365002,0,0,0,1.12182505258202,0
"GT32",93.6103475946108,78.890303663237,66.7693830711014,95.0835249750163,85.7146568466694,86.6511312657197,87.2478860797578,80.7816042184574,96.0779787000662,75.9502781158229,99.5283058026589,98.3611693728525,80.2278825574012,89.0310771403626,105.471416175717,63.2777107335596,97.5987795746355,101.818418868721
"GT33",0.709169299959173,0,0.98190269222208,0,0,0,0,0,0,0,0.880781467280167,0,0,0,0,0,0,0
"GT35",139.706352091957,134.204194737461,113.900712297761,128.679703799522,118.127762376923,138.442612022242,137.907948964778,124.378025542704,126.696235648439,122.500448573908,122.428623951943,151.932877691995,147.260389694177,118.017939465132,136.633425500361,76.9593779191941,136.862656415006,128.150768576149
"GT39",23.4025868986527,19.9492721907036,27.4932753822182,20.9183754945036,11.52465974409,23.9037603491641,36.5878231947371,26.9272014061525,23.2276432022138,26.9500986862597,32.5889142893662,39.5201126944497,30.0854559590255,20.7049016605494,23.9707764035721,13.6816671856345,28.0456263145504,31.5988196489134
"GT4",1094.248229837,1079.07426849715,932.807557610976,960.343602247665,1063.1498613923,1070.68926563964,1069.49021646155,1030.92713954984,1139.21031887221,912.220007047034,1035.79900552148,1086.36398673409,1099.43868004649,1009.36395595179,1101.45717574414,786.695863173984,1148.74885384399,1186.71122681475
"GT41",0,5.44071059746462,0,0.633890166500109,4.32174740403375,8.96391013093653,0,0,3.16740589121098,0,0,0.878224726543326,1.58344505047502,0,5.99269410089301,0,0,0
"GT46",5.67335439967338,4.53392549788719,1.96380538444416,3.80334099900065,2.16087370201688,1.99198002909701,1.40722396902835,3.84674305802178,1.05580196373699,0.816669657159386,3.52312586912067,5.26934835925996,2.63907508412504,6.21147049816483,5.99269410089301,1.71020839820431,2.24365010516404,1.75548998049519
"GT5",134.032997692284,127.856699040419,101.135977298874,122.974692301021,118.848053610928,131.470681920402,136.50072499575,108.991053310617,127.752037612176,111.067073373677,111.859246344581,137.881282067302,138.815349424977,110.77122388394,116.258265557324,68.4083359281725,136.862656415006,140.439198439615
"GT50",0.709169299959173,0,0.98190269222208,0.633890166500109,0,0,1.40722396902835,0,0,0,0.880781467280167,0,0,0,0,1.71020839820431,1.12182505258202,0
"GT51",243.245069885996,238.484481188866,232.710938056633,245.315494435542,225.451156243761,244.017553564383,271.594226022472,242.344812655372,250.225065405667,211.517441204281,245.738029371167,250.294047064848,262.851878378854,240.176859262374,243.303380496256,188.122923802474,255.7761119887,323.010156411114
"GT56",3.54584649979587,1.81357019915487,3.92761076888832,7.60668199800131,3.60145617002813,2.98797004364551,1.40722396902835,5.12899074402904,3.16740589121098,2.45000897147816,2.6423444018405,5.26934835925996,5.27815016825008,5.17622541513736,4.79415528071441,6.84083359281725,3.36547515774605,7.02195992198075
"GT6",1.41833859991835,1.81357019915487,3.92761076888832,2.53556066600044,3.60145617002813,0.995990014548503,2.8144479380567,2.56449537201452,3.16740589121098,2.45000897147816,1.76156293456033,0,1.05563003365002,2.07049016605494,3.59561646053581,1.71020839820431,5.60912526291009,10.5329398829711
"GT66",0.709169299959173,2.72035529873231,4.9095134611104,1.26778033300022,2.8811649360225,2.98797004364551,1.40722396902835,0,2.11160392747398,0,0.880781467280167,0.878224726543326,0,4.14098033210989,2.39707764035721,0,3.36547515774605,1.75548998049519
"GT74",0.709169299959173,0,0,0.633890166500109,1.44058246801125,0.995990014548503,0,0,0,0,0.880781467280167,2.63467417962998,0.527815016825008,1.03524508302747,1.1985388201786,0,0,0
"GT76",8.51003159951008,9.97463609535181,8.83712422999872,4.43723116550076,1.44058246801125,3.98396005819401,8.44334381417011,5.12899074402904,4.22320785494797,4.90001794295632,3.52312586912067,4.39112363271663,5.27815016825008,3.10573524908242,5.99269410089301,0,4.48730021032807,1.75548998049519
"GT77",0,0,0.98190269222208,0,0,0,0,0,0,0,1.76156293456033,0.878224726543326,0,0,0,0,0,0
"GT8",101.411209894162,124.229558642109,101.135977298874,122.340802134521,97.959607824765,112.546871643981,81.6189902036444,96.1685764505446,87.6315629901703,79.2169567444605,110.978464877301,119.438562809892,101.340483230402,103.524508302747,122.250959658217,71.8287527245812,79.6495787333233,143.950178400605
"GT80",0,0,0,0.633890166500109,0,0.995990014548503,0,0,0,0,0.880781467280167,0,1.05563003365002,1.03524508302747,1.1985388201786,0,4.48730021032807,5.26646994148556
"GT81",2.12750789987752,4.53392549788719,1.96380538444416,3.80334099900065,2.8811649360225,0.995990014548503,0,2.56449537201452,6.33481178242195,1.63333931431877,3.52312586912067,1.75644945308665,3.69470511777506,1.03524508302747,1.1985388201786,1.71020839820431,5.60912526291009,3.51097996099037
"GT83",36.1676342979178,36.2714039830975,38.2942049966611,36.1317394905062,46.09863897636,35.8556405237461,37.9950471637655,41.0319259522323,44.3436824769537,32.6667862863754,41.3967289621679,39.5201126944497,32.1967160263255,39.339313155044,39.5517810658939,44.4654183533121,48.2384772610268,61.4421493173315
"GT84",17.0200631990202,16.3221317923939,7.85522153777664,19.0167049950033,14.4058246801125,16.9318302473245,28.144479380567,20.5159629761162,14.7812274923179,8.98336622875325,13.2117220092025,24.5902923432131,20.5847856561753,18.6344114944945,16.7795434825004,6.84083359281725,17.9492008413123,21.0658797659422
"GT9",51.7693588970196,90.6785099577437,51.0589399955482,66.5584674825114,71.3088321665569,69.7193010183952,64.7323025753042,65.3946319863703,86.5757610264333,55.5335366868383,64.2970471114522,58.8410566784029,44.8642764301257,63.1499500646758,74.3094068510734,47.8858351497208,77.4059286281592,100.062928888226
"GT90",4.96418509971421,9.06785099577437,6.87331884555456,5.70501149850098,8.6434948080675,7.96792011638802,8.44334381417011,6.4112384300363,7.39061374615894,8.16669657159386,8.80781467280167,2.63467417962998,4.75033515142507,6.21147049816483,7.19123292107162,5.13062519461294,6.73095031549211,10.5329398829711
"GT92",6.38252369963256,9.97463609535181,6.87331884555456,5.70501149850098,7.92320357406188,4.97995007274251,0,6.4112384300363,7.39061374615894,4.08334828579693,4.40390733640084,2.63467417962998,6.86159521872511,8.28196066421978,5.99269410089301,5.13062519461294,6.73095031549211,7.02195992198075
"GT94",6.38252369963256,8.16106589619693,7.85522153777664,11.410022997002,10.8043685100844,1.99198002909701,14.0722396902835,8.97573380205083,13.7254255285809,8.16669657159386,7.04625173824134,7.02579781234661,5.80596518507509,5.17622541513736,3.59561646053581,11.9714587874302,13.4619006309842,19.3103897854471
"GT99",0.709169299959173,0,0,0.633890166500109,0.720291234005625,2.98797004364551,1.40722396902835,2.56449537201452,1.05580196373699,0,0.880781467280167,0.878224726543326,1.05563003365002,1.03524508302747,0,0,1.12182505258202,3.51097996099037
"PL1",64.5344062962848,83.4242291611242,71.6788965322118,60.2195658175103,54.0218425504219,73.7032610765892,42.2167190708506,35.9029352082033,45.3994844406906,66.1502422299103,70.4625173824134,57.0846072253162,97.1179630958015,65.2204402307308,65.9196351098231,29.0735427694733,45.9948271558627,56.175679375846
"PL10",5.67335439967338,15.4153466928164,18.6561511522195,12.0439131635021,14.4058246801125,17.9278202618731,14.0722396902835,10.2579814880581,10.5580196373699,12.2500448573908,7.04625173824134,7.90402253888993,13.1953754206252,15.5286762454121,13.1839270219646,10.2612503892259,13.4619006309842,29.8433296684182
"PL11",40.4226500976729,34.4578337839426,35.3484969199949,42.4706411555073,25.2101931901969,36.8516305382946,14.0722396902835,23.0804583481307,19.0044353472659,57.9835456583164,37.8736030930472,30.7378654290164,36.4192361609256,35.1983328229341,34.7576257851795,13.6816671856345,16.8273757887303,7.02195992198075
"PL12",24.1117561986119,22.6696274894359,30.4389834588845,22.1861558275038,25.2101931901969,21.9117803200671,30.9589273186237,30.7739444641743,31.6740589121097,26.1334290291004,20.2579737474439,28.1031912493864,27.9741958917254,19.669656577522,26.3678540439293,41.0450015569035,38.1420517877886,47.39822947337
"PL13",2.83667719983669,2.72035529873231,6.87331884555456,2.53556066600044,2.16087370201688,2.98797004364551,4.22167190708506,3.84674305802178,4.22320785494797,3.26667862863754,2.6423444018405,2.63467417962998,3.69470511777506,2.07049016605494,5.99269410089301,8.55104199102157,4.48730021032807,5.26646994148556
"PL15",12.0558780993059,15.4153466928164,21.6018592288858,6.33890166500109,6.48262110605063,7.96792011638802,15.4794636593119,7.69348611604357,7.39061374615894,9.80003588591263,9.68859614008184,6.14757308580328,9.50067030285014,9.31720574724725,7.19123292107162,25.6531259730647,11.2182505258202,14.0439198439615
"PL17",4.96418509971421,7.2542807966195,8.83712422999872,6.33890166500109,8.6434948080675,9.95990014548503,15.4794636593119,7.69348611604357,14.7812274923179,8.98336622875325,4.40390733640084,7.90402253888993,7.91722525237512,6.21147049816483,7.19123292107162,8.55104199102157,8.97460042065614,17.5548998049519
"PL21",2.12750789987752,1.81357019915487,3.92761076888832,1.26778033300022,1.44058246801125,0.995990014548503,1.40722396902835,2.56449537201452,1.05580196373699,3.26667862863754,2.6423444018405,0.878224726543326,1.58344505047502,2.07049016605494,1.1985388201786,5.13062519461294,1.12182505258202,1.75548998049519
"PL22",0,0.906785099577437,0,0.633890166500109,5.762329872045,0,2.8144479380567,2.56449537201452,3.16740589121098,3.26667862863754,0,0.878224726543326,2.11126006730003,0,2.39707764035721,6.84083359281725,2.24365010516404,3.51097996099037
"PL26",7.09169299959173,9.06785099577437,8.83712422999872,11.410022997002,12.2449509780956,9.95990014548503,4.22167190708506,6.4112384300363,7.39061374615894,11.4333752002314,8.80781467280167,9.66047199197659,5.80596518507509,9.31720574724725,7.19123292107162,8.55104199102157,2.24365010516404,1.75548998049519
"PL27",2.83667719983669,3.62714039830975,2.94570807666624,2.53556066600044,2.16087370201688,1.99198002909701,0,6.4112384300363,3.16740589121098,4.08334828579693,1.76156293456033,5.26934835925996,3.69470511777506,5.17622541513736,2.39707764035721,1.71020839820431,0,0
"PL29",4.96418509971421,4.53392549788719,5.89141615333248,6.9727918315012,6.48262110605063,8.96391013093653,5.62889587611341,6.4112384300363,4.22320785494797,9.80003588591263,6.16547027096117,7.02579781234661,8.44504026920013,7.24671558119231,9.58831056142882,18.8122923802474,11.2182505258202,10.5329398829711
"PL30",2.12750789987752,2.72035529873231,5.89141615333248,2.53556066600044,4.32174740403375,1.99198002909701,4.22167190708506,3.84674305802178,2.11160392747398,4.08334828579693,3.52312586912067,1.75644945308665,3.16689010095005,3.10573524908242,2.39707764035721,11.9714587874302,3.36547515774605,0
"PL33",22.6934175986935,17.2289168919713,23.5656646133299,19.0167049950033,17.286989616135,10.9558901600335,21.1083595354253,25.6449537201452,19.0044353472659,26.1334290291004,16.7348478783232,23.7120676166698,16.8900805384003,20.7049016605494,11.985388201786,37.6245847604949,20.1928509464763,21.0658797659422
"PL34",0.709169299959173,0,0,0,0.720291234005625,0.995990014548503,0,0,0,0,0,1.75644945308665,0.527815016825008,0,0,0,1.12182505258202,0
"PL35",9.92837019942842,7.2542807966195,8.83712422999872,6.33890166500109,9.36378604207313,7.96792011638802,9.85056778319846,11.5402291740653,6.33481178242195,7.35002691443448,9.68859614008184,5.26934835925996,6.86159521872511,7.24671558119231,5.99269410089301,20.5225007784518,11.2182505258202,8.77744990247593
"PL37",1.41833859991835,3.62714039830975,6.87331884555456,3.80334099900065,5.762329872045,2.98797004364551,9.85056778319846,6.4112384300363,6.33481178242195,8.98336622875325,2.6423444018405,2.63467417962998,4.75033515142507,4.14098033210989,3.59561646053581,13.6816671856345,5.60912526291009,12.2884298634663
"PL4",0,0.906785099577437,1.96380538444416,1.26778033300022,2.8811649360225,0.995990014548503,1.40722396902835,1.28224768600726,1.05580196373699,4.08334828579693,0.880781467280167,0.878224726543326,1.58344505047502,3.10573524908242,0,0,2.24365010516404,0
"PL6",4.25501579975504,3.62714039830975,6.87331884555456,3.80334099900065,4.32174740403375,7.96792011638802,11.2577917522268,1.28224768600726,9.50221767363293,4.08334828579693,5.284688803681,3.5128989061733,5.80596518507509,3.10573524908242,3.59561646053581,3.42041679640863,7.85277536807412,8.77744990247593
"PL8",21.9842482987344,19.9492721907036,28.4751780744403,23.453936160504,24.4899019561913,20.9157903055186,30.9589273186237,34.620687522196,26.3950490934248,36.7501345721724,23.7810996165645,17.5644945308665,24.2794907739504,24.8458819926593,32.3605481448223,63.2777107335596,43.7511770506987,38.6207795708941
"PL9",9.92837019942842,19.9492721907036,17.6742484599974,12.0439131635021,7.92320357406188,11.951880174582,7.03611984514176,8.97573380205083,6.33481178242195,16.3333931431877,14.0925034764827,21.0773934370398,17.4178955552253,9.31720574724725,9.58831056142882,8.55104199102157,5.60912526291009,7.02195992198075
"GT47",0,0,0,0,0,0,0,0,0,0.816669657159386,2.6423444018405,0,0.527815016825008,0,0,0,0,0
"PL7",0,0,0,0,0,0,0,0,0,0.816669657159386,0.880781467280167,1.75644945308665,1.05563003365002,0,0,0,0,0
