file	percent	reads	taxon_id	taxon_name
/home/glbrc.org/echiang3/Inulin_MetaG/kaiju/all_shortreads/I-P01.kaiju.output	19.743221	8530235	186801	Bacteria;Firmicutes;Clostridia;NA;NA;NA;NA;
/home/glbrc.org/echiang3/Inulin_MetaG/kaiju/all_shortreads/I-P01.kaiju.output	12.550476	5422546	200643	Bacteria;Bacteroidetes;Bacteroidia;NA;NA;NA;NA;
/home/glbrc.org/echiang3/Inulin_MetaG/kaiju/all_shortreads/I-P01.kaiju.output	0.563412	243427	203494	Bacteria;Verrucomicrobia;Verrucomicrobiae;NA;NA;NA;NA;
/home/glbrc.org/echiang3/Inulin_MetaG/kaiju/all_shortreads/I-P01.kaiju.output	0.521811	225453	91061	Bacteria;Firmicutes;Bacilli;NA;NA;NA;NA;
/home/glbrc.org/echiang3/Inulin_MetaG/kaiju/all_shortreads/I-P01.kaiju.output	0.186176	80439	28221	Bacteria;Proteobacteria;Deltaproteobacteria;NA;NA;NA;NA;
/home/glbrc.org/echiang3/Inulin_MetaG/kaiju/all_shortreads/I-P01.kaiju.output	0.175159	75679	28211	Bacteria;Proteobacteria;Alphaproteobacteria;NA;NA;NA;NA;
/home/glbrc.org/echiang3/Inulin_MetaG/kaiju/all_shortreads/I-P01.kaiju.output	0.140715	60797	1236	Bacteria;Proteobacteria;Gammaproteobacteria;NA;NA;NA;NA;
/home/glbrc.org/echiang3/Inulin_MetaG/kaiju/all_shortreads/I-P01.kaiju.output	0.116797	50463	526524	Bacteria;Firmicutes;Erysipelotrichia;NA;NA;NA;NA;
/home/glbrc.org/echiang3/Inulin_MetaG/kaiju/all_shortreads/I-P01.kaiju.output	0.111695	48259	909932	Bacteria;Firmicutes;Negativicutes;NA;NA;NA;NA;
/home/glbrc.org/echiang3/Inulin_MetaG/kaiju/all_shortreads/I-P01.kaiju.output	0.098929	42743	84998	Bacteria;Actinobacteria;Coriobacteriia;NA;NA;NA;NA;
/home/glbrc.org/echiang3/Inulin_MetaG/kaiju/all_shortreads/I-P01.kaiju.output	0.076082	32872	117743	Bacteria;Bacteroidetes;Flavobacteriia;NA;NA;NA;NA;
/home/glbrc.org/echiang3/Inulin_MetaG/kaiju/all_shortreads/I-P01.kaiju.output	0.058332	25203	1760	Bacteria;Actinobacteria;Actinobacteria;NA;NA;NA;NA;
/home/glbrc.org/echiang3/Inulin_MetaG/kaiju/all_shortreads/I-P01.kaiju.output	0.050007	21606	203692	Bacteria;Spirochaetes;Spirochaetia;NA;NA;NA;NA;
/home/glbrc.org/echiang3/Inulin_MetaG/kaiju/all_shortreads/I-P01.kaiju.output	0.042240	18250	768503	Bacteria;Bacteroidetes;Cytophagia;NA;NA;NA;NA;
/home/glbrc.org/echiang3/Inulin_MetaG/kaiju/all_shortreads/I-P01.kaiju.output	0.040450	17477	28216	Bacteria;Proteobacteria;Betaproteobacteria;NA;NA;NA;NA;
/home/glbrc.org/echiang3/Inulin_MetaG/kaiju/all_shortreads/I-P01.kaiju.output	0.037270	16103	117747	Bacteria;Bacteroidetes;Sphingobacteriia;NA;NA;NA;NA;
/home/glbrc.org/echiang3/Inulin_MetaG/kaiju/all_shortreads/I-P01.kaiju.output	0.035002	15123	31969	Bacteria;Tenericutes;Mollicutes;NA;NA;NA;NA;
/home/glbrc.org/echiang3/Inulin_MetaG/kaiju/all_shortreads/I-P01.kaiju.output	0.034039	14707	1737404	Bacteria;Firmicutes;Tissierellia;NA;NA;NA;NA;
/home/glbrc.org/echiang3/Inulin_MetaG/kaiju/all_shortreads/I-P01.kaiju.output	0.025895	11188	203490	Bacteria;Fusobacteria;Fusobacteriia;NA;NA;NA;NA;
/home/glbrc.org/echiang3/Inulin_MetaG/kaiju/all_shortreads/I-P01.kaiju.output	0.024240	10473	641853	Bacteria;Elusimicrobia;Elusimicrobia;NA;NA;NA;NA;
/home/glbrc.org/echiang3/Inulin_MetaG/kaiju/all_shortreads/I-P01.kaiju.output	0.023650	10218	29547	Bacteria;Proteobacteria;Epsilonproteobacteria;NA;NA;NA;NA;
/home/glbrc.org/echiang3/Inulin_MetaG/kaiju/all_shortreads/I-P01.kaiju.output	0.022316	9642	1853228	Bacteria;Bacteroidetes;Chitinophagia;NA;NA;NA;NA;
/home/glbrc.org/echiang3/Inulin_MetaG/kaiju/all_shortreads/I-P01.kaiju.output	0.018592	8033	649775	Bacteria;Synergistetes;Synergistia;NA;NA;NA;NA;
/home/glbrc.org/echiang3/Inulin_MetaG/kaiju/all_shortreads/I-P01.kaiju.output	0.017225	7442	204430	Bacteria;Fibrobacteres;Fibrobacteria;NA;NA;NA;NA;
/home/glbrc.org/echiang3/Inulin_MetaG/kaiju/all_shortreads/I-P01.kaiju.output	0.009068	3918	292625	Bacteria;Chloroflexi;Anaerolineae;NA;NA;NA;NA;
/home/glbrc.org/echiang3/Inulin_MetaG/kaiju/all_shortreads/I-P01.kaiju.output	0.004242	1833	224756	Archaea;Euryarchaeota;Methanomicrobia;NA;NA;NA;NA;
/home/glbrc.org/echiang3/Inulin_MetaG/kaiju/all_shortreads/I-P01.kaiju.output	0.003534	1527	1937959	Bacteria;Bacteroidetes;Saprospiria;NA;NA;NA;NA;
/home/glbrc.org/echiang3/Inulin_MetaG/kaiju/all_shortreads/I-P01.kaiju.output	0.003375	1458	451455	Eukaryota;Chytridiomycota;Neocallimastigomycetes;NA;NA;NA;NA;
/home/glbrc.org/echiang3/Inulin_MetaG/kaiju/all_shortreads/I-P01.kaiju.output	0.003349	1447	188708	Bacteria;Thermotogae;Thermotogae;NA;NA;NA;NA;
/home/glbrc.org/echiang3/Inulin_MetaG/kaiju/all_shortreads/I-P01.kaiju.output	0.003305	1428	183967	Archaea;Euryarchaeota;Thermoplasmata;NA;NA;NA;NA;
/home/glbrc.org/echiang3/Inulin_MetaG/kaiju/all_shortreads/I-P01.kaiju.output	0.003141	1357	204429	Bacteria;Chlamydiae;Chlamydiia;NA;NA;NA;NA;
/home/glbrc.org/echiang3/Inulin_MetaG/kaiju/all_shortreads/I-P01.kaiju.output	0.002525	1091	414999	Bacteria;Verrucomicrobia;Opitutae;NA;NA;NA;NA;
/home/glbrc.org/echiang3/Inulin_MetaG/kaiju/all_shortreads/I-P01.kaiju.output	0.002486	1074	188787	Bacteria;Deinococcus-Thermus;Deinococci;NA;NA;NA;NA;
/home/glbrc.org/echiang3/Inulin_MetaG/kaiju/all_shortreads/I-P01.kaiju.output	0.002472	1068	183925	Archaea;Euryarchaeota;Methanobacteria;NA;NA;NA;NA;
/home/glbrc.org/echiang3/Inulin_MetaG/kaiju/all_shortreads/I-P01.kaiju.output	0.002287	988	203683	Bacteria;Planctomycetes;Planctomycetia;NA;NA;NA;NA;
/home/glbrc.org/echiang3/Inulin_MetaG/kaiju/all_shortreads/I-P01.kaiju.output	0.002196	949	795747	Bacteria;Ignavibacteriae;Ignavibacteria;NA;NA;NA;NA;
/home/glbrc.org/echiang3/Inulin_MetaG/kaiju/all_shortreads/I-P01.kaiju.output	0.001930	834	301297	Bacteria;Chloroflexi;Dehalococcoidia;NA;NA;NA;NA;
/home/glbrc.org/echiang3/Inulin_MetaG/kaiju/all_shortreads/I-P01.kaiju.output	0.001842	796	1553900	Bacteria;Proteobacteria;Oligoflexia;NA;NA;NA;NA;
/home/glbrc.org/echiang3/Inulin_MetaG/kaiju/all_shortreads/I-P01.kaiju.output	0.001639	708	2212703	Eukaryota;Mucoromycota;Mucoromycetes;NA;NA;NA;NA;
/home/glbrc.org/echiang3/Inulin_MetaG/kaiju/all_shortreads/I-P01.kaiju.output	0.001567	677	191410	Bacteria;Chlorobi;Chlorobia;NA;NA;NA;NA;
/home/glbrc.org/echiang3/Inulin_MetaG/kaiju/all_shortreads/I-P01.kaiju.output	0.001447	625	4762	Eukaryota;NA;Oomycota;NA;NA;NA;NA;
/home/glbrc.org/echiang3/Inulin_MetaG/kaiju/all_shortreads/I-P01.kaiju.output	0.001370	592	1313211	Bacteria;Lentisphaerae;Lentisphaeria;NA;NA;NA;NA;
/home/glbrc.org/echiang3/Inulin_MetaG/kaiju/all_shortreads/I-P01.kaiju.output	0.001248	539	1853221	Bacteria;Balneolaeota;Balneolia;NA;NA;NA;NA;
/home/glbrc.org/echiang3/Inulin_MetaG/kaiju/all_shortreads/I-P01.kaiju.output	0.001234	533	203693	Bacteria;Nitrospirae;Nitrospira;NA;NA;NA;NA;
/home/glbrc.org/echiang3/Inulin_MetaG/kaiju/all_shortreads/I-P01.kaiju.output	0.001143	494	204432	Bacteria;Acidobacteria;Acidobacteriia;NA;NA;NA;NA;
/home/glbrc.org/echiang3/Inulin_MetaG/kaiju/all_shortreads/I-P01.kaiju.output	0.001032	446	2517206	Bacteria;Planctomycetes;Candidatus Brocadiae;NA;NA;NA;NA;
/home/glbrc.org/echiang3/Inulin_MetaG/kaiju/all_shortreads/I-P01.kaiju.output	0.000991	428	183963	Archaea;Euryarchaeota;Halobacteria;NA;NA;NA;NA;
/home/glbrc.org/echiang3/Inulin_MetaG/kaiju/all_shortreads/I-P01.kaiju.output	0.000958	414	68337	Bacteria;Deferribacteres;Deferribacteres;NA;NA;NA;NA;
/home/glbrc.org/echiang3/Inulin_MetaG/kaiju/all_shortreads/I-P01.kaiju.output	0.000921	398	187857	Bacteria;Aquificae;Aquificae;NA;NA;NA;NA;
/home/glbrc.org/echiang3/Inulin_MetaG/kaiju/all_shortreads/I-P01.kaiju.output	0.000866	374	214506	Eukaryota;Mucoromycota;Glomeromycetes;NA;NA;NA;NA;
/home/glbrc.org/echiang3/Inulin_MetaG/kaiju/all_shortreads/I-P01.kaiju.output	0.000817	353	155619	Eukaryota;Basidiomycota;Agaricomycetes;NA;NA;NA;NA;
/home/glbrc.org/echiang3/Inulin_MetaG/kaiju/all_shortreads/I-P01.kaiju.output	0.000808	349	147545	Eukaryota;Ascomycota;Eurotiomycetes;NA;NA;NA;NA;
/home/glbrc.org/echiang3/Inulin_MetaG/kaiju/all_shortreads/I-P01.kaiju.output	0.000787	340	75966	Eukaryota;Chlorophyta;Trebouxiophyceae;NA;NA;NA;NA;
/home/glbrc.org/echiang3/Inulin_MetaG/kaiju/all_shortreads/I-P01.kaiju.output	0.000771	333	147541	Eukaryota;Ascomycota;Dothideomycetes;NA;NA;NA;NA;
/home/glbrc.org/echiang3/Inulin_MetaG/kaiju/all_shortreads/I-P01.kaiju.output	0.000699	302	4891	Eukaryota;Ascomycota;Saccharomycetes;NA;NA;NA;NA;
/home/glbrc.org/echiang3/Inulin_MetaG/kaiju/all_shortreads/I-P01.kaiju.output	0.000662	286	666505	Bacteria;Planctomycetes;Phycisphaerae;NA;NA;NA;NA;
/home/glbrc.org/echiang3/Inulin_MetaG/kaiju/all_shortreads/I-P01.kaiju.output	0.000641	277	580370	Bacteria;Proteobacteria;Zetaproteobacteria;NA;NA;NA;NA;
/home/glbrc.org/echiang3/Inulin_MetaG/kaiju/all_shortreads/I-P01.kaiju.output	0.000634	274	1860136	Bacteria;Fibrobacteres;Chitinispirillia;NA;NA;NA;NA;
/home/glbrc.org/echiang3/Inulin_MetaG/kaiju/all_shortreads/I-P01.kaiju.output	0.000581	251	451435	Eukaryota;Chytridiomycota;Chytridiomycetes;NA;NA;NA;NA;
/home/glbrc.org/echiang3/Inulin_MetaG/kaiju/all_shortreads/I-P01.kaiju.output	0.000572	247	147548	Eukaryota;Ascomycota;Leotiomycetes;NA;NA;NA;NA;
/home/glbrc.org/echiang3/Inulin_MetaG/kaiju/all_shortreads/I-P01.kaiju.output	0.000560	242	388447	Bacteria;Chloroflexi;Ktedonobacteria;NA;NA;NA;NA;
/home/glbrc.org/echiang3/Inulin_MetaG/kaiju/all_shortreads/I-P01.kaiju.output	0.000553	239	147550	Eukaryota;Ascomycota;Sordariomycetes;NA;NA;NA;NA;
/home/glbrc.org/echiang3/Inulin_MetaG/kaiju/all_shortreads/I-P01.kaiju.output	0.000542	234	32061	Bacteria;Chloroflexi;Chloroflexia;NA;NA;NA;NA;
/home/glbrc.org/echiang3/Inulin_MetaG/kaiju/all_shortreads/I-P01.kaiju.output	0.000530	229	1280412	Eukaryota;Apicomplexa;Conoidasida;NA;NA;NA;NA;
/home/glbrc.org/echiang3/Inulin_MetaG/kaiju/all_shortreads/I-P01.kaiju.output	0.000523	226	219685	Bacteria;Gemmatimonadetes;Gemmatimonadetes;NA;NA;NA;NA;
/home/glbrc.org/echiang3/Inulin_MetaG/kaiju/all_shortreads/I-P01.kaiju.output	0.000516	223	1801911	Bacteria;Candidatus Peregrinibacteria;Candidatus Peribacteria;NA;NA;NA;NA;
/home/glbrc.org/echiang3/Inulin_MetaG/kaiju/all_shortreads/I-P01.kaiju.output	0.000505	218	5653	Eukaryota;Euglenozoa;Kinetoplastea;NA;NA;NA;NA;
/home/glbrc.org/echiang3/Inulin_MetaG/kaiju/all_shortreads/I-P01.kaiju.output	0.000477	206	422676	Eukaryota;Apicomplexa;Aconoidasida;NA;NA;NA;NA;
/home/glbrc.org/echiang3/Inulin_MetaG/kaiju/all_shortreads/I-P01.kaiju.output	0.000456	197	2830	Eukaryota;Haptista;Haptophyta;NA;NA;NA;NA;
/home/glbrc.org/echiang3/Inulin_MetaG/kaiju/all_shortreads/I-P01.kaiju.output	0.000447	193	1921781	Bacteria;Kiritimatiellaeota;Kiritimatiellae;NA;NA;NA;NA;
/home/glbrc.org/echiang3/Inulin_MetaG/kaiju/all_shortreads/I-P01.kaiju.output	0.000407	176	142796	Eukaryota;Evosea;Eumycetozoa;NA;NA;NA;NA;
/home/glbrc.org/echiang3/Inulin_MetaG/kaiju/all_shortreads/I-P01.kaiju.output	0.000343	148	1962850	Bacteria;Calditrichaeota;Calditrichae;NA;NA;NA;NA;
/home/glbrc.org/echiang3/Inulin_MetaG/kaiju/all_shortreads/I-P01.kaiju.output	0.000340	147	33829	Eukaryota;Ciliophora;Spirotrichea;NA;NA;NA;NA;
/home/glbrc.org/echiang3/Inulin_MetaG/kaiju/all_shortreads/I-P01.kaiju.output	0.000333	144	84992	Bacteria;Actinobacteria;Acidimicrobiia;NA;NA;NA;NA;
/home/glbrc.org/echiang3/Inulin_MetaG/kaiju/all_shortreads/I-P01.kaiju.output	0.000331	143	2507542	Bacteria;Candidatus Margulisbacteria;Candidatus Termititenacia;NA;NA;NA;NA;
/home/glbrc.org/echiang3/Inulin_MetaG/kaiju/all_shortreads/I-P01.kaiju.output	0.000326	141	3166	Eukaryota;Chlorophyta;Chlorophyceae;NA;NA;NA;NA;
/home/glbrc.org/echiang3/Inulin_MetaG/kaiju/all_shortreads/I-P01.kaiju.output	0.000326	141	118001	Bacteria;Chrysiogenetes;Chrysiogenetes;NA;NA;NA;NA;
/home/glbrc.org/echiang3/Inulin_MetaG/kaiju/all_shortreads/I-P01.kaiju.output	0.000326	141	2683628	Eukaryota;NA;Bigyra;NA;NA;NA;NA;
/home/glbrc.org/echiang3/Inulin_MetaG/kaiju/all_shortreads/I-P01.kaiju.output	0.000312	135	67799	Bacteria;Thermodesulfobacteria;Thermodesulfobacteria;NA;NA;NA;NA;
/home/glbrc.org/echiang3/Inulin_MetaG/kaiju/all_shortreads/I-P01.kaiju.output	0.000289	125	134549	Bacteria;Verrucomicrobia;Spartobacteria;NA;NA;NA;NA;
/home/glbrc.org/echiang3/Inulin_MetaG/kaiju/all_shortreads/I-P01.kaiju.output	0.000287	124	1035538	Eukaryota;Chlorophyta;Mamiellophyceae;NA;NA;NA;NA;
/home/glbrc.org/echiang3/Inulin_MetaG/kaiju/all_shortreads/I-P01.kaiju.output	0.000271	117	1042312	Bacteria;Armatimonadetes;Armatimonadia;NA;NA;NA;NA;
/home/glbrc.org/echiang3/Inulin_MetaG/kaiju/all_shortreads/I-P01.kaiju.output	0.000268	116	475962	Bacteria;Chloroflexi;Caldilineae;NA;NA;NA;NA;
/home/glbrc.org/echiang3/Inulin_MetaG/kaiju/all_shortreads/I-P01.kaiju.output	0.000266	115	2797	Eukaryota;Rhodophyta;Bangiophyceae;NA;NA;NA;NA;
/home/glbrc.org/echiang3/Inulin_MetaG/kaiju/all_shortreads/I-P01.kaiju.output	0.000252	109	183939	Archaea;Euryarchaeota;Methanococci;NA;NA;NA;NA;
/home/glbrc.org/echiang3/Inulin_MetaG/kaiju/all_shortreads/I-P01.kaiju.output	0.000252	109	447830	Bacteria;Elusimicrobia;Endomicrobia;NA;NA;NA;NA;
/home/glbrc.org/echiang3/Inulin_MetaG/kaiju/all_shortreads/I-P01.kaiju.output	0.000241	104	2008785	Bacteria;Proteobacteria;Hydrogenophilalia;NA;NA;NA;NA;
/home/glbrc.org/echiang3/Inulin_MetaG/kaiju/all_shortreads/I-P01.kaiju.output	0.000227	98	183968	Archaea;Euryarchaeota;Thermococci;NA;NA;NA;NA;
/home/glbrc.org/echiang3/Inulin_MetaG/kaiju/all_shortreads/I-P01.kaiju.output	0.000227	98	2498706	Bacteria;Candidatus Cryosericota;Candidatus Cryosericia;NA;NA;NA;NA;
/home/glbrc.org/echiang3/Inulin_MetaG/kaiju/all_shortreads/I-P01.kaiju.output	0.000220	95	1077257	Bacteria;Armatimonadetes;Chthonomonadetes;NA;NA;NA;NA;
/home/glbrc.org/echiang3/Inulin_MetaG/kaiju/all_shortreads/I-P01.kaiju.output	0.000218	94	908620	Bacteria;Actinobacteria;Nitriliruptoria;NA;NA;NA;NA;
/home/glbrc.org/echiang3/Inulin_MetaG/kaiju/all_shortreads/I-P01.kaiju.output	0.000218	94	2152896	Bacteria;Candidatus Fermentibacteria;Candidatus Fermentibacteria (class);NA;NA;NA;NA;
/home/glbrc.org/echiang3/Inulin_MetaG/kaiju/all_shortreads/I-P01.kaiju.output	0.000206	89	2864	Eukaryota;NA;Dinophyceae;NA;NA;NA;NA;
/home/glbrc.org/echiang3/Inulin_MetaG/kaiju/all_shortreads/I-P01.kaiju.output	0.000206	89	447827	Bacteria;Candidatus Margulisbacteria;Candidatus Marinamargulisbacteria;NA;NA;NA;NA;
/home/glbrc.org/echiang3/Inulin_MetaG/kaiju/all_shortreads/I-P01.kaiju.output	0.000194	84	533205	Bacteria;Acidobacteria;Holophagae;NA;NA;NA;NA;
/home/glbrc.org/echiang3/Inulin_MetaG/kaiju/all_shortreads/I-P01.kaiju.output	0.000194	84	1497346	Bacteria;Actinobacteria;Thermoleophilia;NA;NA;NA;NA;
/home/glbrc.org/echiang3/Inulin_MetaG/kaiju/all_shortreads/I-P01.kaiju.output	0.000183	79	1807140	Bacteria;Proteobacteria;Acidithiobacillia;NA;NA;NA;NA;
/home/glbrc.org/echiang3/Inulin_MetaG/kaiju/all_shortreads/I-P01.kaiju.output	0.000181	78	84995	Bacteria;Actinobacteria;Rubrobacteria;NA;NA;NA;NA;
/home/glbrc.org/echiang3/Inulin_MetaG/kaiju/all_shortreads/I-P01.kaiju.output	0.000181	78	2599185	Archaea;Euryarchaeota;Candidatus Poseidoniia;NA;NA;NA;NA;
/home/glbrc.org/echiang3/Inulin_MetaG/kaiju/all_shortreads/I-P01.kaiju.output	0.000174	75	2806	Eukaryota;Rhodophyta;Florideophyceae;NA;NA;NA;NA;
/home/glbrc.org/echiang3/Inulin_MetaG/kaiju/all_shortreads/I-P01.kaiju.output	0.000171	74	6020	Eukaryota;Ciliophora;Oligohymenophorea;NA;NA;NA;NA;
/home/glbrc.org/echiang3/Inulin_MetaG/kaiju/all_shortreads/I-P01.kaiju.output	0.000171	74	1562566	Bacteria;Acidobacteria;Blastocatellia;NA;NA;NA;NA;
/home/glbrc.org/echiang3/Inulin_MetaG/kaiju/all_shortreads/I-P01.kaiju.output	0.000171	74	1853222	Bacteria;Rhodothermaeota;Rhodothermia;NA;NA;NA;NA;
/home/glbrc.org/echiang3/Inulin_MetaG/kaiju/all_shortreads/I-P01.kaiju.output	0.000169	73	183924	Archaea;Crenarchaeota;Thermoprotei;NA;NA;NA;NA;
/home/glbrc.org/echiang3/Inulin_MetaG/kaiju/all_shortreads/I-P01.kaiju.output	0.000169	73	203486	Bacteria;Dictyoglomi;Dictyoglomia;NA;NA;NA;NA;
/home/glbrc.org/echiang3/Inulin_MetaG/kaiju/all_shortreads/I-P01.kaiju.output	0.000155	67	155616	Eukaryota;Basidiomycota;Tremellomycetes;NA;NA;NA;NA;
/home/glbrc.org/echiang3/Inulin_MetaG/kaiju/all_shortreads/I-P01.kaiju.output	0.000153	66	2364196	Bacteria;Chloroflexi;Candidatus Thermofonsia;NA;NA;NA;NA;
/home/glbrc.org/echiang3/Inulin_MetaG/kaiju/all_shortreads/I-P01.kaiju.output	0.000137	59	28009	Eukaryota;NA;Choanoflagellata;NA;NA;NA;NA;
/home/glbrc.org/echiang3/Inulin_MetaG/kaiju/all_shortreads/I-P01.kaiju.output	0.000134	58	33836	Eukaryota;Bacillariophyta;Coscinodiscophyceae;NA;NA;NA;NA;
/home/glbrc.org/echiang3/Inulin_MetaG/kaiju/all_shortreads/I-P01.kaiju.output	0.000132	57	1399768	Eukaryota;Zoopagomycota;Basidiobolomycetes;NA;NA;NA;NA;
/home/glbrc.org/echiang3/Inulin_MetaG/kaiju/all_shortreads/I-P01.kaiju.output	0.000127	55	3027	Eukaryota;NA;Cryptophyceae;NA;NA;NA;NA;
/home/glbrc.org/echiang3/Inulin_MetaG/kaiju/all_shortreads/I-P01.kaiju.output	0.000127	55	33849	Eukaryota;Bacillariophyta;Bacillariophyceae;NA;NA;NA;NA;
/home/glbrc.org/echiang3/Inulin_MetaG/kaiju/all_shortreads/I-P01.kaiju.output	0.000127	55	1382928	Bacteria;Chloroflexi;Ardenticatenia;NA;NA;NA;NA;
/home/glbrc.org/echiang3/Inulin_MetaG/kaiju/all_shortreads/I-P01.kaiju.output	0.000125	54	189775	Bacteria;Chloroflexi;Thermomicrobia;NA;NA;NA;NA;
/home/glbrc.org/echiang3/Inulin_MetaG/kaiju/all_shortreads/I-P01.kaiju.output	0.000125	54	2605334	Eukaryota;Evosea;Variosea;NA;NA;NA;NA;
/home/glbrc.org/echiang3/Inulin_MetaG/kaiju/all_shortreads/I-P01.kaiju.output	0.000123	53	194287	Eukaryota;Ciliophora;Heterotrichea;NA;NA;NA;NA;
/home/glbrc.org/echiang3/Inulin_MetaG/kaiju/all_shortreads/I-P01.kaiju.output	0.000120	52	296141	Bacteria;Fibrobacteres;Chitinivibrionia;NA;NA;NA;NA;
/home/glbrc.org/echiang3/Inulin_MetaG/kaiju/all_shortreads/I-P01.kaiju.output	0.000120	52	1676648	Bacteria;Firmicutes;Limnochordia;NA;NA;NA;NA;
/home/glbrc.org/echiang3/Inulin_MetaG/kaiju/all_shortreads/I-P01.kaiju.output	0.000111	48	147549	Eukaryota;Ascomycota;Pezizomycetes;NA;NA;NA;NA;
/home/glbrc.org/echiang3/Inulin_MetaG/kaiju/all_shortreads/I-P01.kaiju.output	0.000109	47	2219693	Eukaryota;Zoopagomycota;Harpellomycetes;NA;NA;NA;NA;
/home/glbrc.org/echiang3/Inulin_MetaG/kaiju/all_shortreads/I-P01.kaiju.output	0.000106	46	38254	Eukaryota;NA;Glaucocystophyceae;NA;NA;NA;NA;
/home/glbrc.org/echiang3/Inulin_MetaG/kaiju/all_shortreads/I-P01.kaiju.output	0.000104	45	1955630	Bacteria;Verrucomicrobia;Methylacidiphilae;NA;NA;NA;NA;
/home/glbrc.org/echiang3/Inulin_MetaG/kaiju/all_shortreads/I-P01.kaiju.output	0.000088	38	2870	Eukaryota;NA;Phaeophyceae;NA;NA;NA;NA;
/home/glbrc.org/echiang3/Inulin_MetaG/kaiju/all_shortreads/I-P01.kaiju.output	0.000088	38	693071	Bacteria;Caldiserica;Caldisericia;NA;NA;NA;NA;
/home/glbrc.org/echiang3/Inulin_MetaG/kaiju/all_shortreads/I-P01.kaiju.output	0.000086	37	1293498	Bacteria;Nitrospinae;Nitrospinia;NA;NA;NA;NA;
/home/glbrc.org/echiang3/Inulin_MetaG/kaiju/all_shortreads/I-P01.kaiju.output	0.000086	37	1817794	Bacteria;Proteobacteria;Candidatus Lambdaproteobacteria;NA;NA;NA;NA;
/home/glbrc.org/echiang3/Inulin_MetaG/kaiju/all_shortreads/I-P01.kaiju.output	0.000083	36	2109259	Bacteria;Abditibacteriota;Abditibacteria;NA;NA;NA;NA;
/home/glbrc.org/echiang3/Inulin_MetaG/kaiju/all_shortreads/I-P01.kaiju.output	0.000076	33	451460	Eukaryota;Blastocladiomycota;Blastocladiomycetes;NA;NA;NA;NA;
/home/glbrc.org/echiang3/Inulin_MetaG/kaiju/all_shortreads/I-P01.kaiju.output	0.000076	33	452283	Eukaryota;Basidiomycota;Exobasidiomycetes;NA;NA;NA;NA;
/home/glbrc.org/echiang3/Inulin_MetaG/kaiju/all_shortreads/I-P01.kaiju.output	0.000076	33	2211268	Bacteria;Candidatus Margulisbacteria;Candidatus Riflemargulisbacteria;NA;NA;NA;NA;
/home/glbrc.org/echiang3/Inulin_MetaG/kaiju/all_shortreads/I-P01.kaiju.output	0.000076	33	2233521	Eukaryota;Zoopagomycota;Zoopagomycetes;NA;NA;NA;NA;
/home/glbrc.org/echiang3/Inulin_MetaG/kaiju/all_shortreads/I-P01.kaiju.output	0.000074	32	1705400	Archaea;Euryarchaeota;Candidatus Methanofastidiosa;NA;NA;NA;NA;
/home/glbrc.org/echiang3/Inulin_MetaG/kaiju/all_shortreads/I-P01.kaiju.output	0.000072	31	171536	Archaea;Euryarchaeota;Methanonatronarchaeia;NA;NA;NA;NA;
/home/glbrc.org/echiang3/Inulin_MetaG/kaiju/all_shortreads/I-P01.kaiju.output	0.000067	29	451454	Eukaryota;Chytridiomycota;Monoblepharidomycetes;NA;NA;NA;NA;
/home/glbrc.org/echiang3/Inulin_MetaG/kaiju/all_shortreads/I-P01.kaiju.output	0.000067	29	1562571	Bacteria;Acidobacteria;Thermoanaerobaculia;NA;NA;NA;NA;
/home/glbrc.org/echiang3/Inulin_MetaG/kaiju/all_shortreads/I-P01.kaiju.output	0.000065	28	2302911	Eukaryota;Chlorophyta;Chloropicophyceae;NA;NA;NA;NA;
/home/glbrc.org/echiang3/Inulin_MetaG/kaiju/all_shortreads/I-P01.kaiju.output	0.000062	27	5257	Eukaryota;Basidiomycota;Ustilaginomycetes;NA;NA;NA;NA;
/home/glbrc.org/echiang3/Inulin_MetaG/kaiju/all_shortreads/I-P01.kaiju.output	0.000058	25	162481	Eukaryota;Basidiomycota;Microbotryomycetes;NA;NA;NA;NA;
/home/glbrc.org/echiang3/Inulin_MetaG/kaiju/all_shortreads/I-P01.kaiju.output	0.000053	23	307596	Bacteria;Cyanobacteria;Gloeobacteria;NA;NA;NA;NA;
/home/glbrc.org/echiang3/Inulin_MetaG/kaiju/all_shortreads/I-P01.kaiju.output	0.000053	23	2138243	Bacteria;Coprothermobacterota;Coprothermobacteria;NA;NA;NA;NA;
/home/glbrc.org/echiang3/Inulin_MetaG/kaiju/all_shortreads/I-P01.kaiju.output	0.000046	20	162484	Eukaryota;Basidiomycota;Pucciniomycetes;NA;NA;NA;NA;
/home/glbrc.org/echiang3/Inulin_MetaG/kaiju/all_shortreads/I-P01.kaiju.output	0.000046	20	1495646	Bacteria;Chloroflexi;Thermoflexia;NA;NA;NA;NA;
/home/glbrc.org/echiang3/Inulin_MetaG/kaiju/all_shortreads/I-P01.kaiju.output	0.000044	19	5747	Eukaryota;NA;Eustigmatophyceae;NA;NA;NA;NA;
/home/glbrc.org/echiang3/Inulin_MetaG/kaiju/all_shortreads/I-P01.kaiju.output	0.000044	19	452332	Eukaryota;Basidiomycota;Dacrymycetes;NA;NA;NA;NA;
/home/glbrc.org/echiang3/Inulin_MetaG/kaiju/all_shortreads/I-P01.kaiju.output	0.000044	19	2419830	Bacteria;Candidatus Riflebacteria;Candidatus Ozemobacteria;NA;NA;NA;NA;
/home/glbrc.org/echiang3/Inulin_MetaG/kaiju/all_shortreads/I-P01.kaiju.output	0.000039	17	183980	Archaea;Euryarchaeota;Archaeoglobi;NA;NA;NA;NA;
/home/glbrc.org/echiang3/Inulin_MetaG/kaiju/all_shortreads/I-P01.kaiju.output	0.000037	16	35675	Eukaryota;NA;Pelagophyceae;NA;NA;NA;NA;
/home/glbrc.org/echiang3/Inulin_MetaG/kaiju/all_shortreads/I-P01.kaiju.output	0.000037	16	1813735	Bacteria;Acidobacteria;Vicinamibacteria;NA;NA;NA;NA;
/home/glbrc.org/echiang3/Inulin_MetaG/kaiju/all_shortreads/I-P01.kaiju.output	0.000037	16	2212732	Eukaryota;Mucoromycota;Mortierellomycetes;NA;NA;NA;NA;
/home/glbrc.org/echiang3/Inulin_MetaG/kaiju/all_shortreads/I-P01.kaiju.output	0.000035	15	33103	Eukaryota;Chlorophyta;Ulvophyceae;NA;NA;NA;NA;
/home/glbrc.org/echiang3/Inulin_MetaG/kaiju/all_shortreads/I-P01.kaiju.output	0.000035	15	189478	Eukaryota;Ascomycota;Orbiliomycetes;NA;NA;NA;NA;
/home/glbrc.org/echiang3/Inulin_MetaG/kaiju/all_shortreads/I-P01.kaiju.output	0.000035	15	1663419	Bacteria;Armatimonadetes;Fimbriimonadia;NA;NA;NA;NA;
/home/glbrc.org/echiang3/Inulin_MetaG/kaiju/all_shortreads/I-P01.kaiju.output	0.000032	14	2212702	Eukaryota;Mucoromycota;Endogonomycetes;NA;NA;NA;NA;
/home/glbrc.org/echiang3/Inulin_MetaG/kaiju/all_shortreads/I-P01.kaiju.output	0.000032	14	2219692	Eukaryota;Zoopagomycota;Dimargaritomycetes;NA;NA;NA;NA;
/home/glbrc.org/echiang3/Inulin_MetaG/kaiju/all_shortreads/I-P01.kaiju.output	0.000030	13	1775750	Archaea;Euryarchaeota;Hadesarchaea;NA;NA;NA;NA;
/home/glbrc.org/echiang3/Inulin_MetaG/kaiju/all_shortreads/I-P01.kaiju.output	0.000030	13	1817795	Bacteria;Proteobacteria;Candidatus Muproteobacteria;NA;NA;NA;NA;
/home/glbrc.org/echiang3/Inulin_MetaG/kaiju/all_shortreads/I-P01.kaiju.output	0.000030	13	2545688	Archaea;Euryarchaeota;Candidatus Methanoliparia;NA;NA;NA;NA;
/home/glbrc.org/echiang3/Inulin_MetaG/kaiju/all_shortreads/I-P01.kaiju.output	0.000028	12	2219690	Eukaryota;Zoopagomycota;Kickxellomycetes;NA;NA;NA;NA;
/home/glbrc.org/echiang3/Inulin_MetaG/kaiju/all_shortreads/I-P01.kaiju.output	0.000025	11	147554	Eukaryota;Ascomycota;Schizosaccharomycetes;NA;NA;NA;NA;
/home/glbrc.org/echiang3/Inulin_MetaG/kaiju/all_shortreads/I-P01.kaiju.output	0.000021	9	3035	Eukaryota;Euglenozoa;Euglenida;NA;NA;NA;NA;
/home/glbrc.org/echiang3/Inulin_MetaG/kaiju/all_shortreads/I-P01.kaiju.output	0.000019	8	5988	Eukaryota;Ciliophora;Litostomatea;NA;NA;NA;NA;
/home/glbrc.org/echiang3/Inulin_MetaG/kaiju/all_shortreads/I-P01.kaiju.output	0.000019	8	147553	Eukaryota;Ascomycota;Pneumocystidomycetes;NA;NA;NA;NA;
/home/glbrc.org/echiang3/Inulin_MetaG/kaiju/all_shortreads/I-P01.kaiju.output	0.000019	8	431957	Eukaryota;Basidiomycota;Wallemiomycetes;NA;NA;NA;NA;
/home/glbrc.org/echiang3/Inulin_MetaG/kaiju/all_shortreads/I-P01.kaiju.output	0.000019	8	1399770	Eukaryota;Zoopagomycota;Entomophthoromycetes;NA;NA;NA;NA;
/home/glbrc.org/echiang3/Inulin_MetaG/kaiju/all_shortreads/I-P01.kaiju.output	0.000019	8	1538075	Eukaryota;Basidiomycota;Malasseziomycetes;NA;NA;NA;NA;
/home/glbrc.org/echiang3/Inulin_MetaG/kaiju/all_shortreads/I-P01.kaiju.output	0.000016	7	147555	Eukaryota;Ascomycota;Taphrinomycetes;NA;NA;NA;NA;
/home/glbrc.org/echiang3/Inulin_MetaG/kaiju/all_shortreads/I-P01.kaiju.output	0.000016	7	432025	Eukaryota;Basidiomycota;Mixiomycetes;NA;NA;NA;NA;
/home/glbrc.org/echiang3/Inulin_MetaG/kaiju/all_shortreads/I-P01.kaiju.output	0.000016	7	2682225	Bacteria;Chloroflexi;Tepidiformia;NA;NA;NA;NA;
/home/glbrc.org/echiang3/Inulin_MetaG/kaiju/all_shortreads/I-P01.kaiju.output	0.000014	6	35422	Eukaryota;Chlorophyta;Pedinophyceae;NA;NA;NA;NA;
/home/glbrc.org/echiang3/Inulin_MetaG/kaiju/all_shortreads/I-P01.kaiju.output	0.000012	5	2315419	Bacteria;Candidatus Sumerlaeota;Candidatus Sumerlaeia;NA;NA;NA;NA;
/home/glbrc.org/echiang3/Inulin_MetaG/kaiju/all_shortreads/I-P01.kaiju.output	0.000009	4	147556	Eukaryota;Ascomycota;Neolectomycetes;NA;NA;NA;NA;
/home/glbrc.org/echiang3/Inulin_MetaG/kaiju/all_shortreads/I-P01.kaiju.output	0.000009	4	589449	Eukaryota;Bacillariophyta;Mediophyceae;NA;NA;NA;NA;
/home/glbrc.org/echiang3/Inulin_MetaG/kaiju/all_shortreads/I-P01.kaiju.output	0.000007	3	29197	Eukaryota;Cercozoa;Chlorarachniophyceae;NA;NA;NA;NA;
/home/glbrc.org/echiang3/Inulin_MetaG/kaiju/all_shortreads/I-P01.kaiju.output	0.000007	3	193537	Eukaryota;Haptista;Centroplasthelida;NA;NA;NA;NA;
/home/glbrc.org/echiang3/Inulin_MetaG/kaiju/all_shortreads/I-P01.kaiju.output	0.000007	3	1075807	Eukaryota;Ascomycota;Archaeorhizomycetes;NA;NA;NA;NA;
/home/glbrc.org/echiang3/Inulin_MetaG/kaiju/all_shortreads/I-P01.kaiju.output	0.000007	3	1643678	Archaea;Thaumarchaeota;Nitrososphaeria;NA;NA;NA;NA;
/home/glbrc.org/echiang3/Inulin_MetaG/kaiju/all_shortreads/I-P01.kaiju.output	0.000007	3	2703811	Bacteria;Candidatus Mcinerneyibacteriota;Candidatus Mcinerneyibacteria;NA;NA;NA;NA;
/home/glbrc.org/echiang3/Inulin_MetaG/kaiju/all_shortreads/I-P01.kaiju.output	0.000005	2	658449	Eukaryota;Ciliophora;Armophorea;NA;NA;NA;NA;
/home/glbrc.org/echiang3/Inulin_MetaG/kaiju/all_shortreads/I-P01.kaiju.output	0.000005	2	1524962	Eukaryota;Chlorophyta;Chlorodendrophyceae;NA;NA;NA;NA;
/home/glbrc.org/echiang3/Inulin_MetaG/kaiju/all_shortreads/I-P01.kaiju.output	0.000005	2	1980645	Archaea;Euryarchaeota;Theionarchaea;NA;NA;NA;NA;
/home/glbrc.org/echiang3/Inulin_MetaG/kaiju/all_shortreads/I-P01.kaiju.output	0.000002	1	2833	Eukaryota;NA;Xanthophyceae;NA;NA;NA;NA;
/home/glbrc.org/echiang3/Inulin_MetaG/kaiju/all_shortreads/I-P01.kaiju.output	0.000002	1	6015	Eukaryota;Ciliophora;Nassophorea;NA;NA;NA;NA;
/home/glbrc.org/echiang3/Inulin_MetaG/kaiju/all_shortreads/I-P01.kaiju.output	0.000002	1	38410	Eukaryota;NA;Raphidophyceae;NA;NA;NA;NA;
/home/glbrc.org/echiang3/Inulin_MetaG/kaiju/all_shortreads/I-P01.kaiju.output	0.000002	1	65582	Eukaryota;NA;Polycystinea;NA;NA;NA;NA;
/home/glbrc.org/echiang3/Inulin_MetaG/kaiju/all_shortreads/I-P01.kaiju.output	0.000002	1	91989	Eukaryota;NA;Bolidophyceae;NA;NA;NA;NA;
/home/glbrc.org/echiang3/Inulin_MetaG/kaiju/all_shortreads/I-P01.kaiju.output	0.000002	1	1051663	Archaea;Euryarchaeota;Nanohaloarchaea;NA;NA;NA;NA;
/home/glbrc.org/echiang3/Inulin_MetaG/kaiju/all_shortreads/I-P01.kaiju.output	0.000002	1	1217819	Eukaryota;Ascomycota;Xylonomycetes;NA;NA;NA;NA;
/home/glbrc.org/echiang3/Inulin_MetaG/kaiju/all_shortreads/I-P01.kaiju.output	0.000002	1	1915413	Archaea;Candidatus Verstraetearchaeota;Candidatus Methanomethylia;NA;NA;NA;NA;
/home/glbrc.org/echiang3/Inulin_MetaG/kaiju/all_shortreads/I-P01.kaiju.output	0.000002	1	2201463	Eukaryota;Chlorophyta;Palmophyllophyceae;NA;NA;NA;NA;
/home/glbrc.org/echiang3/Inulin_MetaG/kaiju/all_shortreads/I-P01.kaiju.output	0.000002	1	2604337	Eukaryota;Tubulinea;Corycida;NA;NA;NA;NA;
/home/glbrc.org/echiang3/Inulin_MetaG/kaiju/all_shortreads/I-P01.kaiju.output	0.000002	1	2681632	Eukaryota;Tubulinea;Elardia;NA;NA;NA;NA;
/home/glbrc.org/echiang3/Inulin_MetaG/kaiju/all_shortreads/I-P01.kaiju.output	0.000002	1	2692249	Eukaryota;Chlorophyta;Picocystophyceae;NA;NA;NA;NA;
/home/glbrc.org/echiang3/Inulin_MetaG/kaiju/all_shortreads/I-P01.kaiju.output	0.006613	2857	10239	Viruses
/home/glbrc.org/echiang3/Inulin_MetaG/kaiju/all_shortreads/I-P01.kaiju.output	10.837319	4682361	NA	cannot be assigned to a (non-viral) class
/home/glbrc.org/echiang3/Inulin_MetaG/kaiju/all_shortreads/I-P01.kaiju.output	54.357028	23485442	NA	unclassified
