file	percent	reads	taxon_id	taxon_name
/home/glbrc.org/echiang3/Inulin_MetaG/kaiju/all_shortreads/I-P11.kaiju.output	18.596632	4246993	1239	Bacteria;Firmicutes;NA;NA;NA;NA;NA;
/home/glbrc.org/echiang3/Inulin_MetaG/kaiju/all_shortreads/I-P11.kaiju.output	17.300076	3950893	976	Bacteria;Bacteroidetes;NA;NA;NA;NA;NA;
/home/glbrc.org/echiang3/Inulin_MetaG/kaiju/all_shortreads/I-P11.kaiju.output	1.045674	238805	1224	Bacteria;Proteobacteria;NA;NA;NA;NA;NA;
/home/glbrc.org/echiang3/Inulin_MetaG/kaiju/all_shortreads/I-P11.kaiju.output	0.221785	50650	74201	Bacteria;Verrucomicrobia;NA;NA;NA;NA;NA;
/home/glbrc.org/echiang3/Inulin_MetaG/kaiju/all_shortreads/I-P11.kaiju.output	0.148992	34026	201174	Bacteria;Actinobacteria;NA;NA;NA;NA;NA;
/home/glbrc.org/echiang3/Inulin_MetaG/kaiju/all_shortreads/I-P11.kaiju.output	0.055400	12652	203691	Bacteria;Spirochaetes;NA;NA;NA;NA;NA;
/home/glbrc.org/echiang3/Inulin_MetaG/kaiju/all_shortreads/I-P11.kaiju.output	0.047046	10744	2662611	Eukaryota;Preaxostyla;NA;NA;NA;NA;NA;
/home/glbrc.org/echiang3/Inulin_MetaG/kaiju/all_shortreads/I-P11.kaiju.output	0.038735	8846	1798710	Bacteria;Candidatus Melainabacteria;NA;NA;NA;NA;NA;
/home/glbrc.org/echiang3/Inulin_MetaG/kaiju/all_shortreads/I-P11.kaiju.output	0.022542	5148	32066	Bacteria;Fusobacteria;NA;NA;NA;NA;NA;
/home/glbrc.org/echiang3/Inulin_MetaG/kaiju/all_shortreads/I-P11.kaiju.output	0.021688	4953	200795	Bacteria;Chloroflexi;NA;NA;NA;NA;NA;
/home/glbrc.org/echiang3/Inulin_MetaG/kaiju/all_shortreads/I-P11.kaiju.output	0.019613	4479	5719	Eukaryota;Parabasalia;NA;NA;NA;NA;NA;
/home/glbrc.org/echiang3/Inulin_MetaG/kaiju/all_shortreads/I-P11.kaiju.output	0.016096	3676	508458	Bacteria;Synergistetes;NA;NA;NA;NA;NA;
/home/glbrc.org/echiang3/Inulin_MetaG/kaiju/all_shortreads/I-P11.kaiju.output	0.014577	3329	65842	Bacteria;Fibrobacteres;NA;NA;NA;NA;NA;
/home/glbrc.org/echiang3/Inulin_MetaG/kaiju/all_shortreads/I-P11.kaiju.output	0.012926	2952	256845	Bacteria;Lentisphaerae;NA;NA;NA;NA;NA;
/home/glbrc.org/echiang3/Inulin_MetaG/kaiju/all_shortreads/I-P11.kaiju.output	0.012221	2791	203682	Bacteria;Planctomycetes;NA;NA;NA;NA;NA;
/home/glbrc.org/echiang3/Inulin_MetaG/kaiju/all_shortreads/I-P11.kaiju.output	0.010973	2506	28890	Archaea;Euryarchaeota;NA;NA;NA;NA;NA;
/home/glbrc.org/echiang3/Inulin_MetaG/kaiju/all_shortreads/I-P11.kaiju.output	0.010141	2316	1117	Bacteria;Cyanobacteria;NA;NA;NA;NA;NA;
/home/glbrc.org/echiang3/Inulin_MetaG/kaiju/all_shortreads/I-P11.kaiju.output	0.007772	1775	544448	Bacteria;Tenericutes;NA;NA;NA;NA;NA;
/home/glbrc.org/echiang3/Inulin_MetaG/kaiju/all_shortreads/I-P11.kaiju.output	0.007549	1724	74152	Bacteria;Elusimicrobia;NA;NA;NA;NA;NA;
/home/glbrc.org/echiang3/Inulin_MetaG/kaiju/all_shortreads/I-P11.kaiju.output	0.007212	1647	57723	Bacteria;Acidobacteria;NA;NA;NA;NA;NA;
/home/glbrc.org/echiang3/Inulin_MetaG/kaiju/all_shortreads/I-P11.kaiju.output	0.006021	1375	4890	Eukaryota;Ascomycota;NA;NA;NA;NA;NA;
/home/glbrc.org/echiang3/Inulin_MetaG/kaiju/all_shortreads/I-P11.kaiju.output	0.003735	853	1134404	Bacteria;Ignavibacteriae;NA;NA;NA;NA;NA;
/home/glbrc.org/echiang3/Inulin_MetaG/kaiju/all_shortreads/I-P11.kaiju.output	0.003696	844	1913637	Eukaryota;Mucoromycota;NA;NA;NA;NA;NA;
/home/glbrc.org/echiang3/Inulin_MetaG/kaiju/all_shortreads/I-P11.kaiju.output	0.003569	815	4761	Eukaryota;Chytridiomycota;NA;NA;NA;NA;NA;
/home/glbrc.org/echiang3/Inulin_MetaG/kaiju/all_shortreads/I-P11.kaiju.output	0.003481	795	204428	Bacteria;Chlamydiae;NA;NA;NA;NA;NA;
/home/glbrc.org/echiang3/Inulin_MetaG/kaiju/all_shortreads/I-P11.kaiju.output	0.003302	754	40117	Bacteria;Nitrospirae;NA;NA;NA;NA;NA;
/home/glbrc.org/echiang3/Inulin_MetaG/kaiju/all_shortreads/I-P11.kaiju.output	0.003096	707	3041	Eukaryota;Chlorophyta;NA;NA;NA;NA;NA;
/home/glbrc.org/echiang3/Inulin_MetaG/kaiju/all_shortreads/I-P11.kaiju.output	0.002816	643	5794	Eukaryota;Apicomplexa;NA;NA;NA;NA;NA;
/home/glbrc.org/echiang3/Inulin_MetaG/kaiju/all_shortreads/I-P11.kaiju.output	0.002684	613	2605435	Eukaryota;Evosea;NA;NA;NA;NA;NA;
/home/glbrc.org/echiang3/Inulin_MetaG/kaiju/all_shortreads/I-P11.kaiju.output	0.002500	571	200918	Bacteria;Thermotogae;NA;NA;NA;NA;NA;
/home/glbrc.org/echiang3/Inulin_MetaG/kaiju/all_shortreads/I-P11.kaiju.output	0.002461	562	67812	Bacteria;Candidatus Omnitrophica;NA;NA;NA;NA;NA;
/home/glbrc.org/echiang3/Inulin_MetaG/kaiju/all_shortreads/I-P11.kaiju.output	0.002386	545	5204	Eukaryota;Basidiomycota;NA;NA;NA;NA;NA;
/home/glbrc.org/echiang3/Inulin_MetaG/kaiju/all_shortreads/I-P11.kaiju.output	0.002111	482	1090	Bacteria;Chlorobi;NA;NA;NA;NA;NA;
/home/glbrc.org/echiang3/Inulin_MetaG/kaiju/all_shortreads/I-P11.kaiju.output	0.001892	432	1930617	Bacteria;Calditrichaeota;NA;NA;NA;NA;NA;
/home/glbrc.org/echiang3/Inulin_MetaG/kaiju/all_shortreads/I-P11.kaiju.output	0.001861	425	142182	Bacteria;Gemmatimonadetes;NA;NA;NA;NA;NA;
/home/glbrc.org/echiang3/Inulin_MetaG/kaiju/all_shortreads/I-P11.kaiju.output	0.001760	402	5878	Eukaryota;Ciliophora;NA;NA;NA;NA;NA;
/home/glbrc.org/echiang3/Inulin_MetaG/kaiju/all_shortreads/I-P11.kaiju.output	0.001725	394	1297	Bacteria;Deinococcus-Thermus;NA;NA;NA;NA;NA;
/home/glbrc.org/echiang3/Inulin_MetaG/kaiju/all_shortreads/I-P11.kaiju.output	0.001581	361	6029	Eukaryota;Microsporidia;NA;NA;NA;NA;NA;
/home/glbrc.org/echiang3/Inulin_MetaG/kaiju/all_shortreads/I-P11.kaiju.output	0.001406	321	456828	Bacteria;Candidatus Cloacimonetes;NA;NA;NA;NA;NA;
/home/glbrc.org/echiang3/Inulin_MetaG/kaiju/all_shortreads/I-P11.kaiju.output	0.001248	285	1936987	Bacteria;Balneolaeota;NA;NA;NA;NA;NA;
/home/glbrc.org/echiang3/Inulin_MetaG/kaiju/all_shortreads/I-P11.kaiju.output	0.001235	282	1817808	Bacteria;Candidatus Margulisbacteria;NA;NA;NA;NA;NA;
/home/glbrc.org/echiang3/Inulin_MetaG/kaiju/all_shortreads/I-P11.kaiju.output	0.001204	275	134625	Bacteria;Kiritimatiellaeota;NA;NA;NA;NA;NA;
/home/glbrc.org/echiang3/Inulin_MetaG/kaiju/all_shortreads/I-P11.kaiju.output	0.001195	273	200783	Bacteria;Aquificae;NA;NA;NA;NA;NA;
/home/glbrc.org/echiang3/Inulin_MetaG/kaiju/all_shortreads/I-P11.kaiju.output	0.001025	234	95818	Bacteria;Candidatus Saccharibacteria;NA;NA;NA;NA;NA;
/home/glbrc.org/echiang3/Inulin_MetaG/kaiju/all_shortreads/I-P11.kaiju.output	0.001003	229	200930	Bacteria;Deferribacteres;NA;NA;NA;NA;NA;
/home/glbrc.org/echiang3/Inulin_MetaG/kaiju/all_shortreads/I-P11.kaiju.output	0.000985	225	2763	Eukaryota;Rhodophyta;NA;NA;NA;NA;NA;
/home/glbrc.org/echiang3/Inulin_MetaG/kaiju/all_shortreads/I-P11.kaiju.output	0.000898	205	33682	Eukaryota;Euglenozoa;NA;NA;NA;NA;NA;
/home/glbrc.org/echiang3/Inulin_MetaG/kaiju/all_shortreads/I-P11.kaiju.output	0.000867	198	1379697	Bacteria;candidate division Zixibacteria;NA;NA;NA;NA;NA;
/home/glbrc.org/echiang3/Inulin_MetaG/kaiju/all_shortreads/I-P11.kaiju.output	0.000836	191	2608109	Eukaryota;Haptista;NA;NA;NA;NA;NA;
/home/glbrc.org/echiang3/Inulin_MetaG/kaiju/all_shortreads/I-P11.kaiju.output	0.000823	188	1619053	Bacteria;Candidatus Peregrinibacteria;NA;NA;NA;NA;NA;
/home/glbrc.org/echiang3/Inulin_MetaG/kaiju/all_shortreads/I-P11.kaiju.output	0.000705	161	1913638	Eukaryota;Zoopagomycota;NA;NA;NA;NA;NA;
/home/glbrc.org/echiang3/Inulin_MetaG/kaiju/all_shortreads/I-P11.kaiju.output	0.000696	159	2836	Eukaryota;Bacillariophyta;NA;NA;NA;NA;NA;
/home/glbrc.org/echiang3/Inulin_MetaG/kaiju/all_shortreads/I-P11.kaiju.output	0.000687	157	200940	Bacteria;Thermodesulfobacteria;NA;NA;NA;NA;NA;
/home/glbrc.org/echiang3/Inulin_MetaG/kaiju/all_shortreads/I-P11.kaiju.output	0.000670	153	67819	Bacteria;Armatimonadetes;NA;NA;NA;NA;NA;
/home/glbrc.org/echiang3/Inulin_MetaG/kaiju/all_shortreads/I-P11.kaiju.output	0.000657	150	221216	Bacteria;Candidatus Parcubacteria;NA;NA;NA;NA;NA;
/home/glbrc.org/echiang3/Inulin_MetaG/kaiju/all_shortreads/I-P11.kaiju.output	0.000596	136	62680	Bacteria;Candidatus Marinimicrobia;NA;NA;NA;NA;NA;
/home/glbrc.org/echiang3/Inulin_MetaG/kaiju/all_shortreads/I-P11.kaiju.output	0.000591	135	1752728	Bacteria;Candidatus Falkowbacteria;NA;NA;NA;NA;NA;
/home/glbrc.org/echiang3/Inulin_MetaG/kaiju/all_shortreads/I-P11.kaiju.output	0.000547	125	67818	Bacteria;Candidatus Atribacteria;NA;NA;NA;NA;NA;
/home/glbrc.org/echiang3/Inulin_MetaG/kaiju/all_shortreads/I-P11.kaiju.output	0.000521	119	207245	Eukaryota;Fornicata;NA;NA;NA;NA;NA;
/home/glbrc.org/echiang3/Inulin_MetaG/kaiju/all_shortreads/I-P11.kaiju.output	0.000512	117	1752708	Bacteria;Candidatus Rokubacteria;NA;NA;NA;NA;NA;
/home/glbrc.org/echiang3/Inulin_MetaG/kaiju/all_shortreads/I-P11.kaiju.output	0.000504	115	1293497	Bacteria;Nitrospinae;NA;NA;NA;NA;NA;
/home/glbrc.org/echiang3/Inulin_MetaG/kaiju/all_shortreads/I-P11.kaiju.output	0.000486	111	5752	Eukaryota;Heterolobosea;NA;NA;NA;NA;NA;
/home/glbrc.org/echiang3/Inulin_MetaG/kaiju/all_shortreads/I-P11.kaiju.output	0.000416	95	1853220	Bacteria;Rhodothermaeota;NA;NA;NA;NA;NA;
/home/glbrc.org/echiang3/Inulin_MetaG/kaiju/all_shortreads/I-P11.kaiju.output	0.000398	91	1801616	Archaea;Candidatus Woesearchaeota;NA;NA;NA;NA;NA;
/home/glbrc.org/echiang3/Inulin_MetaG/kaiju/all_shortreads/I-P11.kaiju.output	0.000394	90	1752716	Bacteria;Candidatus Dadabacteria;NA;NA;NA;NA;NA;
/home/glbrc.org/echiang3/Inulin_MetaG/kaiju/all_shortreads/I-P11.kaiju.output	0.000377	86	67814	Bacteria;Caldiserica;NA;NA;NA;NA;NA;
/home/glbrc.org/echiang3/Inulin_MetaG/kaiju/all_shortreads/I-P11.kaiju.output	0.000372	85	1752729	Bacteria;Candidatus Nomurabacteria;NA;NA;NA;NA;NA;
/home/glbrc.org/echiang3/Inulin_MetaG/kaiju/all_shortreads/I-P11.kaiju.output	0.000337	77	67817	Bacteria;Candidatus Aminicenantes;NA;NA;NA;NA;NA;
/home/glbrc.org/echiang3/Inulin_MetaG/kaiju/all_shortreads/I-P11.kaiju.output	0.000328	75	200938	Bacteria;Chrysiogenetes;NA;NA;NA;NA;NA;
/home/glbrc.org/echiang3/Inulin_MetaG/kaiju/all_shortreads/I-P11.kaiju.output	0.000324	74	422282	Bacteria;candidate division WWE3;NA;NA;NA;NA;NA;
/home/glbrc.org/echiang3/Inulin_MetaG/kaiju/all_shortreads/I-P11.kaiju.output	0.000320	73	142187	Bacteria;Candidatus Hydrogenedentes;NA;NA;NA;NA;NA;
/home/glbrc.org/echiang3/Inulin_MetaG/kaiju/all_shortreads/I-P11.kaiju.output	0.000320	73	1729712	Bacteria;Candidatus Fermentibacteria;NA;NA;NA;NA;NA;
/home/glbrc.org/echiang3/Inulin_MetaG/kaiju/all_shortreads/I-P11.kaiju.output	0.000315	72	1802339	Bacteria;Candidatus Tectomicrobia;NA;NA;NA;NA;NA;
/home/glbrc.org/echiang3/Inulin_MetaG/kaiju/all_shortreads/I-P11.kaiju.output	0.000315	72	1817903	Bacteria;Candidatus Buchananbacteria;NA;NA;NA;NA;NA;
/home/glbrc.org/echiang3/Inulin_MetaG/kaiju/all_shortreads/I-P11.kaiju.output	0.000311	71	74015	Bacteria;Candidatus Latescibacteria;NA;NA;NA;NA;NA;
/home/glbrc.org/echiang3/Inulin_MetaG/kaiju/all_shortreads/I-P11.kaiju.output	0.000311	71	928852	Archaea;Candidatus Bathyarchaeota;NA;NA;NA;NA;NA;
/home/glbrc.org/echiang3/Inulin_MetaG/kaiju/all_shortreads/I-P11.kaiju.output	0.000307	70	265317	Bacteria;Candidatus Poribacteria;NA;NA;NA;NA;NA;
/home/glbrc.org/echiang3/Inulin_MetaG/kaiju/all_shortreads/I-P11.kaiju.output	0.000285	65	1752732	Bacteria;Candidatus Uhrbacteria;NA;NA;NA;NA;NA;
/home/glbrc.org/echiang3/Inulin_MetaG/kaiju/all_shortreads/I-P11.kaiju.output	0.000285	65	1817812	Bacteria;Candidatus Wallbacteria;NA;NA;NA;NA;NA;
/home/glbrc.org/echiang3/Inulin_MetaG/kaiju/all_shortreads/I-P11.kaiju.output	0.000280	64	1618330	Bacteria;Candidatus Berkelbacteria;NA;NA;NA;NA;NA;
/home/glbrc.org/echiang3/Inulin_MetaG/kaiju/all_shortreads/I-P11.kaiju.output	0.000280	64	1817799	Bacteria;Candidatus Doudnabacteria;NA;NA;NA;NA;NA;
/home/glbrc.org/echiang3/Inulin_MetaG/kaiju/all_shortreads/I-P11.kaiju.output	0.000276	63	1752731	Bacteria;Candidatus Magasanikbacteria;NA;NA;NA;NA;NA;
/home/glbrc.org/echiang3/Inulin_MetaG/kaiju/all_shortreads/I-P11.kaiju.output	0.000271	62	67810	Bacteria;Candidatus Bipolaricaulota;NA;NA;NA;NA;NA;
/home/glbrc.org/echiang3/Inulin_MetaG/kaiju/all_shortreads/I-P11.kaiju.output	0.000271	62	1052815	Bacteria;Candidatus Aerophobetes;NA;NA;NA;NA;NA;
/home/glbrc.org/echiang3/Inulin_MetaG/kaiju/all_shortreads/I-P11.kaiju.output	0.000267	61	651137	Archaea;Thaumarchaeota;NA;NA;NA;NA;NA;
/home/glbrc.org/echiang3/Inulin_MetaG/kaiju/all_shortreads/I-P11.kaiju.output	0.000267	61	1817810	Bacteria;Candidatus Riflebacteria;NA;NA;NA;NA;NA;
/home/glbrc.org/echiang3/Inulin_MetaG/kaiju/all_shortreads/I-P11.kaiju.output	0.000267	61	1855361	Bacteria;Candidatus Kryptonia;NA;NA;NA;NA;NA;
/home/glbrc.org/echiang3/Inulin_MetaG/kaiju/all_shortreads/I-P11.kaiju.output	0.000258	59	1752734	Bacteria;Candidatus Kaiserbacteria;NA;NA;NA;NA;NA;
/home/glbrc.org/echiang3/Inulin_MetaG/kaiju/all_shortreads/I-P11.kaiju.output	0.000245	56	640293	Bacteria;candidate division NC10;NA;NA;NA;NA;NA;
/home/glbrc.org/echiang3/Inulin_MetaG/kaiju/all_shortreads/I-P11.kaiju.output	0.000241	55	1752723	Bacteria;Candidatus Roizmanbacteria;NA;NA;NA;NA;NA;
/home/glbrc.org/echiang3/Inulin_MetaG/kaiju/all_shortreads/I-P11.kaiju.output	0.000236	54	28889	Archaea;Crenarchaeota;NA;NA;NA;NA;NA;
/home/glbrc.org/echiang3/Inulin_MetaG/kaiju/all_shortreads/I-P11.kaiju.output	0.000236	54	1752737	Bacteria;Candidatus Moranbacteria;NA;NA;NA;NA;NA;
/home/glbrc.org/echiang3/Inulin_MetaG/kaiju/all_shortreads/I-P11.kaiju.output	0.000228	52	1752718	Bacteria;Candidatus Daviesbacteria;NA;NA;NA;NA;NA;
/home/glbrc.org/echiang3/Inulin_MetaG/kaiju/all_shortreads/I-P11.kaiju.output	0.000219	50	1817919	Bacteria;Candidatus Taylorbacteria;NA;NA;NA;NA;NA;
/home/glbrc.org/echiang3/Inulin_MetaG/kaiju/all_shortreads/I-P11.kaiju.output	0.000210	48	1130266	Bacteria;Candidatus Hydrothermae;NA;NA;NA;NA;NA;
/home/glbrc.org/echiang3/Inulin_MetaG/kaiju/all_shortreads/I-P11.kaiju.output	0.000206	47	451459	Eukaryota;Blastocladiomycota;NA;NA;NA;NA;NA;
/home/glbrc.org/echiang3/Inulin_MetaG/kaiju/all_shortreads/I-P11.kaiju.output	0.000206	47	1752720	Bacteria;Candidatus Gottesmanbacteria;NA;NA;NA;NA;NA;
/home/glbrc.org/echiang3/Inulin_MetaG/kaiju/all_shortreads/I-P11.kaiju.output	0.000188	43	1662329	Bacteria;Candidatus Kapabacteria;NA;NA;NA;NA;NA;
/home/glbrc.org/echiang3/Inulin_MetaG/kaiju/all_shortreads/I-P11.kaiju.output	0.000184	42	1817907	Bacteria;Candidatus Kerfeldbacteria;NA;NA;NA;NA;NA;
/home/glbrc.org/echiang3/Inulin_MetaG/kaiju/all_shortreads/I-P11.kaiju.output	0.000184	42	2109258	Bacteria;Abditibacteriota;NA;NA;NA;NA;NA;
/home/glbrc.org/echiang3/Inulin_MetaG/kaiju/all_shortreads/I-P11.kaiju.output	0.000166	38	2576005	Bacteria;candidate division LCP-89;NA;NA;NA;NA;NA;
/home/glbrc.org/echiang3/Inulin_MetaG/kaiju/all_shortreads/I-P11.kaiju.output	0.000162	37	1752722	Bacteria;Candidatus Woesebacteria;NA;NA;NA;NA;NA;
/home/glbrc.org/echiang3/Inulin_MetaG/kaiju/all_shortreads/I-P11.kaiju.output	0.000162	37	1936272	Archaea;Candidatus Heimdallarchaeota;NA;NA;NA;NA;NA;
/home/glbrc.org/echiang3/Inulin_MetaG/kaiju/all_shortreads/I-P11.kaiju.output	0.000158	36	555280	Eukaryota;Discosea;NA;NA;NA;NA;NA;
/home/glbrc.org/echiang3/Inulin_MetaG/kaiju/all_shortreads/I-P11.kaiju.output	0.000158	36	1031332	Eukaryota;Cryptomycota;NA;NA;NA;NA;NA;
/home/glbrc.org/echiang3/Inulin_MetaG/kaiju/all_shortreads/I-P11.kaiju.output	0.000153	35	1655434	Archaea;Candidatus Lokiarchaeota;NA;NA;NA;NA;NA;
/home/glbrc.org/echiang3/Inulin_MetaG/kaiju/all_shortreads/I-P11.kaiju.output	0.000149	34	200295	Bacteria;Candidatus Sumerlaeota;NA;NA;NA;NA;NA;
/home/glbrc.org/echiang3/Inulin_MetaG/kaiju/all_shortreads/I-P11.kaiju.output	0.000140	32	1817806	Bacteria;Candidatus Handelsmanbacteria;NA;NA;NA;NA;NA;
/home/glbrc.org/echiang3/Inulin_MetaG/kaiju/all_shortreads/I-P11.kaiju.output	0.000140	32	1817911	Bacteria;Candidatus Nealsonbacteria;NA;NA;NA;NA;NA;
/home/glbrc.org/echiang3/Inulin_MetaG/kaiju/all_shortreads/I-P11.kaiju.output	0.000140	32	2498705	Bacteria;Candidatus Cryosericota;NA;NA;NA;NA;NA;
/home/glbrc.org/echiang3/Inulin_MetaG/kaiju/all_shortreads/I-P11.kaiju.output	0.000131	30	1703755	Bacteria;candidate division WOR-3;NA;NA;NA;NA;NA;
/home/glbrc.org/echiang3/Inulin_MetaG/kaiju/all_shortreads/I-P11.kaiju.output	0.000127	29	2604748	Eukaryota;Endomyxa;NA;NA;NA;NA;NA;
/home/glbrc.org/echiang3/Inulin_MetaG/kaiju/all_shortreads/I-P11.kaiju.output	0.000123	28	1752730	Bacteria;Candidatus Amesbacteria;NA;NA;NA;NA;NA;
/home/glbrc.org/echiang3/Inulin_MetaG/kaiju/all_shortreads/I-P11.kaiju.output	0.000123	28	1752735	Bacteria;Candidatus Wolfebacteria;NA;NA;NA;NA;NA;
/home/glbrc.org/echiang3/Inulin_MetaG/kaiju/all_shortreads/I-P11.kaiju.output	0.000109	25	1817909	Bacteria;Candidatus Liptonbacteria;NA;NA;NA;NA;NA;
/home/glbrc.org/echiang3/Inulin_MetaG/kaiju/all_shortreads/I-P11.kaiju.output	0.000105	24	1817801	Bacteria;Candidatus Eisenbacteria;NA;NA;NA;NA;NA;
/home/glbrc.org/echiang3/Inulin_MetaG/kaiju/all_shortreads/I-P11.kaiju.output	0.000101	23	29178	Eukaryota;Foraminifera;NA;NA;NA;NA;NA;
/home/glbrc.org/echiang3/Inulin_MetaG/kaiju/all_shortreads/I-P11.kaiju.output	0.000101	23	1752733	Bacteria;Candidatus Yanofskybacteria;NA;NA;NA;NA;NA;
/home/glbrc.org/echiang3/Inulin_MetaG/kaiju/all_shortreads/I-P11.kaiju.output	0.000096	22	68297	Bacteria;Dictyoglomi;NA;NA;NA;NA;NA;
/home/glbrc.org/echiang3/Inulin_MetaG/kaiju/all_shortreads/I-P11.kaiju.output	0.000096	22	1706441	Archaea;Candidatus Thorarchaeota;NA;NA;NA;NA;NA;
/home/glbrc.org/echiang3/Inulin_MetaG/kaiju/all_shortreads/I-P11.kaiju.output	0.000096	22	1752721	Bacteria;Candidatus Shapirobacteria;NA;NA;NA;NA;NA;
/home/glbrc.org/echiang3/Inulin_MetaG/kaiju/all_shortreads/I-P11.kaiju.output	0.000096	22	2013583	Bacteria;Candidatus Goldbacteria;NA;NA;NA;NA;NA;
/home/glbrc.org/echiang3/Inulin_MetaG/kaiju/all_shortreads/I-P11.kaiju.output	0.000092	21	743724	Archaea;Candidatus Aenigmarchaeota;NA;NA;NA;NA;NA;
/home/glbrc.org/echiang3/Inulin_MetaG/kaiju/all_shortreads/I-P11.kaiju.output	0.000092	21	1817802	Bacteria;Candidatus Firestonebacteria;NA;NA;NA;NA;NA;
/home/glbrc.org/echiang3/Inulin_MetaG/kaiju/all_shortreads/I-P11.kaiju.output	0.000092	21	2497438	Eukaryota;Perkinsozoa;NA;NA;NA;NA;NA;
/home/glbrc.org/echiang3/Inulin_MetaG/kaiju/all_shortreads/I-P11.kaiju.output	0.000088	20	1752726	Bacteria;Candidatus Beckwithbacteria;NA;NA;NA;NA;NA;
/home/glbrc.org/echiang3/Inulin_MetaG/kaiju/all_shortreads/I-P11.kaiju.output	0.000088	20	1817798	Bacteria;Candidatus Delongbacteria;NA;NA;NA;NA;NA;
/home/glbrc.org/echiang3/Inulin_MetaG/kaiju/all_shortreads/I-P11.kaiju.output	0.000088	20	1819803	Bacteria;Candidatus Desantisbacteria;NA;NA;NA;NA;NA;
/home/glbrc.org/echiang3/Inulin_MetaG/kaiju/all_shortreads/I-P11.kaiju.output	0.000088	20	1978152	Archaea;Candidatus Marsarchaeota;NA;NA;NA;NA;NA;
/home/glbrc.org/echiang3/Inulin_MetaG/kaiju/all_shortreads/I-P11.kaiju.output	0.000083	19	363464	Bacteria;Candidatus Gracilibacteria;NA;NA;NA;NA;NA;
/home/glbrc.org/echiang3/Inulin_MetaG/kaiju/all_shortreads/I-P11.kaiju.output	0.000079	18	1618339	Bacteria;candidate division CPR2;NA;NA;NA;NA;NA;
/home/glbrc.org/echiang3/Inulin_MetaG/kaiju/all_shortreads/I-P11.kaiju.output	0.000079	18	1817925	Bacteria;Candidatus Zambryskibacteria;NA;NA;NA;NA;NA;
/home/glbrc.org/echiang3/Inulin_MetaG/kaiju/all_shortreads/I-P11.kaiju.output	0.000074	17	1752724	Bacteria;Candidatus Pacebacteria;NA;NA;NA;NA;NA;
/home/glbrc.org/echiang3/Inulin_MetaG/kaiju/all_shortreads/I-P11.kaiju.output	0.000070	16	1752719	Bacteria;Candidatus Levybacteria;NA;NA;NA;NA;NA;
/home/glbrc.org/echiang3/Inulin_MetaG/kaiju/all_shortreads/I-P11.kaiju.output	0.000070	16	2093364	Bacteria;Candidatus Aureabacteria;NA;NA;NA;NA;NA;
/home/glbrc.org/echiang3/Inulin_MetaG/kaiju/all_shortreads/I-P11.kaiju.output	0.000066	15	1817811	Bacteria;Candidatus Schekmanbacteria;NA;NA;NA;NA;NA;
/home/glbrc.org/echiang3/Inulin_MetaG/kaiju/all_shortreads/I-P11.kaiju.output	0.000061	14	1752738	Bacteria;Candidatus Giovannonibacteria;NA;NA;NA;NA;NA;
/home/glbrc.org/echiang3/Inulin_MetaG/kaiju/all_shortreads/I-P11.kaiju.output	0.000057	13	136419	Eukaryota;Cercozoa;NA;NA;NA;NA;NA;
/home/glbrc.org/echiang3/Inulin_MetaG/kaiju/all_shortreads/I-P11.kaiju.output	0.000057	13	1817797	Bacteria;Candidatus Coatesbacteria;NA;NA;NA;NA;NA;
/home/glbrc.org/echiang3/Inulin_MetaG/kaiju/all_shortreads/I-P11.kaiju.output	0.000057	13	1817916	Bacteria;Candidatus Staskawiczbacteria;NA;NA;NA;NA;NA;
/home/glbrc.org/echiang3/Inulin_MetaG/kaiju/all_shortreads/I-P11.kaiju.output	0.000057	13	1817922	Bacteria;Candidatus Vogelbacteria;NA;NA;NA;NA;NA;
/home/glbrc.org/echiang3/Inulin_MetaG/kaiju/all_shortreads/I-P11.kaiju.output	0.000057	13	2093358	Bacteria;Candidatus Abyssubacteria;NA;NA;NA;NA;NA;
/home/glbrc.org/echiang3/Inulin_MetaG/kaiju/all_shortreads/I-P11.kaiju.output	0.000053	12	1752739	Bacteria;Candidatus Jorgensenbacteria;NA;NA;NA;NA;NA;
/home/glbrc.org/echiang3/Inulin_MetaG/kaiju/all_shortreads/I-P11.kaiju.output	0.000053	12	1801631	Archaea;Candidatus Micrarchaeota;NA;NA;NA;NA;NA;
/home/glbrc.org/echiang3/Inulin_MetaG/kaiju/all_shortreads/I-P11.kaiju.output	0.000053	12	2138240	Bacteria;Coprothermobacterota;NA;NA;NA;NA;NA;
/home/glbrc.org/echiang3/Inulin_MetaG/kaiju/all_shortreads/I-P11.kaiju.output	0.000048	11	1154676	Bacteria;Candidatus Eremiobacteraeota;NA;NA;NA;NA;NA;
/home/glbrc.org/echiang3/Inulin_MetaG/kaiju/all_shortreads/I-P11.kaiju.output	0.000048	11	1704031	Bacteria;candidate division KD3-62;NA;NA;NA;NA;NA;
/home/glbrc.org/echiang3/Inulin_MetaG/kaiju/all_shortreads/I-P11.kaiju.output	0.000048	11	1817899	Bacteria;Candidatus Woykebacteria;NA;NA;NA;NA;NA;
/home/glbrc.org/echiang3/Inulin_MetaG/kaiju/all_shortreads/I-P11.kaiju.output	0.000048	11	1817905	Bacteria;Candidatus Harrisonbacteria;NA;NA;NA;NA;NA;
/home/glbrc.org/echiang3/Inulin_MetaG/kaiju/all_shortreads/I-P11.kaiju.output	0.000044	10	1817910	Bacteria;Candidatus Lloydbacteria;NA;NA;NA;NA;NA;
/home/glbrc.org/echiang3/Inulin_MetaG/kaiju/all_shortreads/I-P11.kaiju.output	0.000039	9	1618340	Bacteria;candidate division CPR3;NA;NA;NA;NA;NA;
/home/glbrc.org/echiang3/Inulin_MetaG/kaiju/all_shortreads/I-P11.kaiju.output	0.000039	9	1817809	Bacteria;Candidatus Raymondbacteria;NA;NA;NA;NA;NA;
/home/glbrc.org/echiang3/Inulin_MetaG/kaiju/all_shortreads/I-P11.kaiju.output	0.000039	9	1817914	Bacteria;Candidatus Ryanbacteria;NA;NA;NA;NA;NA;
/home/glbrc.org/echiang3/Inulin_MetaG/kaiju/all_shortreads/I-P11.kaiju.output	0.000035	8	1752725	Bacteria;Candidatus Collierbacteria;NA;NA;NA;NA;NA;
/home/glbrc.org/echiang3/Inulin_MetaG/kaiju/all_shortreads/I-P11.kaiju.output	0.000035	8	1817900	Bacteria;Candidatus Chisholmbacteria;NA;NA;NA;NA;NA;
/home/glbrc.org/echiang3/Inulin_MetaG/kaiju/all_shortreads/I-P11.kaiju.output	0.000035	8	1817917	Bacteria;Candidatus Sungbacteria;NA;NA;NA;NA;NA;
/home/glbrc.org/echiang3/Inulin_MetaG/kaiju/all_shortreads/I-P11.kaiju.output	0.000035	8	1817920	Bacteria;Candidatus Terrybacteria;NA;NA;NA;NA;NA;
/home/glbrc.org/echiang3/Inulin_MetaG/kaiju/all_shortreads/I-P11.kaiju.output	0.000035	8	1817926	Bacteria;Candidatus Wirthbacteria;NA;NA;NA;NA;NA;
/home/glbrc.org/echiang3/Inulin_MetaG/kaiju/all_shortreads/I-P11.kaiju.output	0.000031	7	1817898	Bacteria;Candidatus Blackburnbacteria;NA;NA;NA;NA;NA;
/home/glbrc.org/echiang3/Inulin_MetaG/kaiju/all_shortreads/I-P11.kaiju.output	0.000031	7	1817923	Bacteria;Candidatus Wildermuthbacteria;NA;NA;NA;NA;NA;
/home/glbrc.org/echiang3/Inulin_MetaG/kaiju/all_shortreads/I-P11.kaiju.output	0.000031	7	2052312	Bacteria;Candidatus Dormibacteraeota;NA;NA;NA;NA;NA;
/home/glbrc.org/echiang3/Inulin_MetaG/kaiju/all_shortreads/I-P11.kaiju.output	0.000026	6	743725	Archaea;Candidatus Diapherotrites;NA;NA;NA;NA;NA;
/home/glbrc.org/echiang3/Inulin_MetaG/kaiju/all_shortreads/I-P11.kaiju.output	0.000026	6	1752740	Bacteria;Candidatus Kuenenbacteria;NA;NA;NA;NA;NA;
/home/glbrc.org/echiang3/Inulin_MetaG/kaiju/all_shortreads/I-P11.kaiju.output	0.000026	6	1817805	Bacteria;Candidatus Glassbacteria;NA;NA;NA;NA;NA;
/home/glbrc.org/echiang3/Inulin_MetaG/kaiju/all_shortreads/I-P11.kaiju.output	0.000026	6	1817913	Bacteria;Candidatus Portnoybacteria;NA;NA;NA;NA;NA;
/home/glbrc.org/echiang3/Inulin_MetaG/kaiju/all_shortreads/I-P11.kaiju.output	0.000026	6	1817915	Bacteria;Candidatus Spechtbacteria;NA;NA;NA;NA;NA;
/home/glbrc.org/echiang3/Inulin_MetaG/kaiju/all_shortreads/I-P11.kaiju.output	0.000026	6	1817924	Bacteria;Candidatus Yonathbacteria;NA;NA;NA;NA;NA;
/home/glbrc.org/echiang3/Inulin_MetaG/kaiju/all_shortreads/I-P11.kaiju.output	0.000022	5	51967	Archaea;Candidatus Korarchaeota;NA;NA;NA;NA;NA;
/home/glbrc.org/echiang3/Inulin_MetaG/kaiju/all_shortreads/I-P11.kaiju.output	0.000022	5	1817800	Bacteria;Candidatus Edwardsbacteria;NA;NA;NA;NA;NA;
/home/glbrc.org/echiang3/Inulin_MetaG/kaiju/all_shortreads/I-P11.kaiju.output	0.000022	5	1817904	Bacteria;Candidatus Colwellbacteria;NA;NA;NA;NA;NA;
/home/glbrc.org/echiang3/Inulin_MetaG/kaiju/all_shortreads/I-P11.kaiju.output	0.000022	5	2582935	Archaea;Candidatus Altiarchaeota;NA;NA;NA;NA;NA;
/home/glbrc.org/echiang3/Inulin_MetaG/kaiju/all_shortreads/I-P11.kaiju.output	0.000018	4	67820	Bacteria;Candidatus Microgenomates;NA;NA;NA;NA;NA;
/home/glbrc.org/echiang3/Inulin_MetaG/kaiju/all_shortreads/I-P11.kaiju.output	0.000018	4	1736114	Eukaryota;Imbricatea;NA;NA;NA;NA;NA;
/home/glbrc.org/echiang3/Inulin_MetaG/kaiju/all_shortreads/I-P11.kaiju.output	0.000018	4	1752717	Bacteria;Candidatus Curtissbacteria;NA;NA;NA;NA;NA;
/home/glbrc.org/echiang3/Inulin_MetaG/kaiju/all_shortreads/I-P11.kaiju.output	0.000018	4	1752727	Bacteria;Candidatus Campbellbacteria;NA;NA;NA;NA;NA;
/home/glbrc.org/echiang3/Inulin_MetaG/kaiju/all_shortreads/I-P11.kaiju.output	0.000018	4	1817807	Bacteria;Candidatus Lindowbacteria;NA;NA;NA;NA;NA;
/home/glbrc.org/echiang3/Inulin_MetaG/kaiju/all_shortreads/I-P11.kaiju.output	0.000018	4	1817908	Bacteria;Candidatus Komeilibacteria;NA;NA;NA;NA;NA;
/home/glbrc.org/echiang3/Inulin_MetaG/kaiju/all_shortreads/I-P11.kaiju.output	0.000013	3	555369	Eukaryota;Tubulinea;NA;NA;NA;NA;NA;
/home/glbrc.org/echiang3/Inulin_MetaG/kaiju/all_shortreads/I-P11.kaiju.output	0.000013	3	1817901	Bacteria;Candidatus Andersenbacteria;NA;NA;NA;NA;NA;
/home/glbrc.org/echiang3/Inulin_MetaG/kaiju/all_shortreads/I-P11.kaiju.output	0.000013	3	1817906	Bacteria;Candidatus Jacksonbacteria;NA;NA;NA;NA;NA;
/home/glbrc.org/echiang3/Inulin_MetaG/kaiju/all_shortreads/I-P11.kaiju.output	0.000013	3	1817918	Bacteria;Candidatus Tagabacteria;NA;NA;NA;NA;NA;
/home/glbrc.org/echiang3/Inulin_MetaG/kaiju/all_shortreads/I-P11.kaiju.output	0.000013	3	1935021	Archaea;Candidatus Geothermarchaeota;NA;NA;NA;NA;NA;
/home/glbrc.org/echiang3/Inulin_MetaG/kaiju/all_shortreads/I-P11.kaiju.output	0.000009	2	1618338	Bacteria;candidate division CPR1;NA;NA;NA;NA;NA;
/home/glbrc.org/echiang3/Inulin_MetaG/kaiju/all_shortreads/I-P11.kaiju.output	0.000009	2	1935019	Archaea;Candidatus Hydrothermarchaeota;NA;NA;NA;NA;NA;
/home/glbrc.org/echiang3/Inulin_MetaG/kaiju/all_shortreads/I-P11.kaiju.output	0.000004	1	1752741	Bacteria;Candidatus Azambacteria;NA;NA;NA;NA;NA;
/home/glbrc.org/echiang3/Inulin_MetaG/kaiju/all_shortreads/I-P11.kaiju.output	0.000004	1	1915410	Archaea;Candidatus Verstraetearchaeota;NA;NA;NA;NA;NA;
/home/glbrc.org/echiang3/Inulin_MetaG/kaiju/all_shortreads/I-P11.kaiju.output	0.000004	1	2301208	Bacteria;Candidatus Cerribacteria;NA;NA;NA;NA;NA;
/home/glbrc.org/echiang3/Inulin_MetaG/kaiju/all_shortreads/I-P11.kaiju.output	0.000004	1	2703810	Bacteria;Candidatus Mcinerneyibacteriota;NA;NA;NA;NA;NA;
/home/glbrc.org/echiang3/Inulin_MetaG/kaiju/all_shortreads/I-P11.kaiju.output	0.008223	1878	10239	Viruses
/home/glbrc.org/echiang3/Inulin_MetaG/kaiju/all_shortreads/I-P11.kaiju.output	6.246346	1426505	NA	cannot be assigned to a (non-viral) phylum
/home/glbrc.org/echiang3/Inulin_MetaG/kaiju/all_shortreads/I-P11.kaiju.output	56.040913	12798306	NA	unclassified
