file	percent	reads	taxon_id	taxon_name
/home/glbrc.org/echiang3/Inulin_MetaG/kaiju/all_shortreads/I-P11.kaiju.output	16.958216	3872821	200643	Bacteria;Bacteroidetes;Bacteroidia;NA;NA;NA;NA;
/home/glbrc.org/echiang3/Inulin_MetaG/kaiju/all_shortreads/I-P11.kaiju.output	15.487491	3536945	186801	Bacteria;Firmicutes;Clostridia;NA;NA;NA;NA;
/home/glbrc.org/echiang3/Inulin_MetaG/kaiju/all_shortreads/I-P11.kaiju.output	0.494762	112991	91061	Bacteria;Firmicutes;Bacilli;NA;NA;NA;NA;
/home/glbrc.org/echiang3/Inulin_MetaG/kaiju/all_shortreads/I-P11.kaiju.output	0.375554	85767	28211	Bacteria;Proteobacteria;Alphaproteobacteria;NA;NA;NA;NA;
/home/glbrc.org/echiang3/Inulin_MetaG/kaiju/all_shortreads/I-P11.kaiju.output	0.322917	73746	28221	Bacteria;Proteobacteria;Deltaproteobacteria;NA;NA;NA;NA;
/home/glbrc.org/echiang3/Inulin_MetaG/kaiju/all_shortreads/I-P11.kaiju.output	0.261658	59756	909932	Bacteria;Firmicutes;Negativicutes;NA;NA;NA;NA;
/home/glbrc.org/echiang3/Inulin_MetaG/kaiju/all_shortreads/I-P11.kaiju.output	0.187495	42819	203494	Bacteria;Verrucomicrobia;Verrucomicrobiae;NA;NA;NA;NA;
/home/glbrc.org/echiang3/Inulin_MetaG/kaiju/all_shortreads/I-P11.kaiju.output	0.172046	39291	526524	Bacteria;Firmicutes;Erysipelotrichia;NA;NA;NA;NA;
/home/glbrc.org/echiang3/Inulin_MetaG/kaiju/all_shortreads/I-P11.kaiju.output	0.111922	25560	1236	Bacteria;Proteobacteria;Gammaproteobacteria;NA;NA;NA;NA;
/home/glbrc.org/echiang3/Inulin_MetaG/kaiju/all_shortreads/I-P11.kaiju.output	0.086384	19728	117743	Bacteria;Bacteroidetes;Flavobacteriia;NA;NA;NA;NA;
/home/glbrc.org/echiang3/Inulin_MetaG/kaiju/all_shortreads/I-P11.kaiju.output	0.084252	19241	84998	Bacteria;Actinobacteria;Coriobacteriia;NA;NA;NA;NA;
/home/glbrc.org/echiang3/Inulin_MetaG/kaiju/all_shortreads/I-P11.kaiju.output	0.068712	15692	28216	Bacteria;Proteobacteria;Betaproteobacteria;NA;NA;NA;NA;
/home/glbrc.org/echiang3/Inulin_MetaG/kaiju/all_shortreads/I-P11.kaiju.output	0.061548	14056	1760	Bacteria;Actinobacteria;Actinobacteria;NA;NA;NA;NA;
/home/glbrc.org/echiang3/Inulin_MetaG/kaiju/all_shortreads/I-P11.kaiju.output	0.051770	11823	203692	Bacteria;Spirochaetes;Spirochaetia;NA;NA;NA;NA;
/home/glbrc.org/echiang3/Inulin_MetaG/kaiju/all_shortreads/I-P11.kaiju.output	0.042851	9786	768503	Bacteria;Bacteroidetes;Cytophagia;NA;NA;NA;NA;
/home/glbrc.org/echiang3/Inulin_MetaG/kaiju/all_shortreads/I-P11.kaiju.output	0.042006	9593	29547	Bacteria;Proteobacteria;Epsilonproteobacteria;NA;NA;NA;NA;
/home/glbrc.org/echiang3/Inulin_MetaG/kaiju/all_shortreads/I-P11.kaiju.output	0.036896	8426	117747	Bacteria;Bacteroidetes;Sphingobacteriia;NA;NA;NA;NA;
/home/glbrc.org/echiang3/Inulin_MetaG/kaiju/all_shortreads/I-P11.kaiju.output	0.032885	7510	1737404	Bacteria;Firmicutes;Tissierellia;NA;NA;NA;NA;
/home/glbrc.org/echiang3/Inulin_MetaG/kaiju/all_shortreads/I-P11.kaiju.output	0.022358	5106	1853228	Bacteria;Bacteroidetes;Chitinophagia;NA;NA;NA;NA;
/home/glbrc.org/echiang3/Inulin_MetaG/kaiju/all_shortreads/I-P11.kaiju.output	0.022135	5055	203490	Bacteria;Fusobacteria;Fusobacteriia;NA;NA;NA;NA;
/home/glbrc.org/echiang3/Inulin_MetaG/kaiju/all_shortreads/I-P11.kaiju.output	0.015685	3582	649775	Bacteria;Synergistetes;Synergistia;NA;NA;NA;NA;
/home/glbrc.org/echiang3/Inulin_MetaG/kaiju/all_shortreads/I-P11.kaiju.output	0.014165	3235	204430	Bacteria;Fibrobacteres;Fibrobacteria;NA;NA;NA;NA;
/home/glbrc.org/echiang3/Inulin_MetaG/kaiju/all_shortreads/I-P11.kaiju.output	0.011595	2648	292625	Bacteria;Chloroflexi;Anaerolineae;NA;NA;NA;NA;
/home/glbrc.org/echiang3/Inulin_MetaG/kaiju/all_shortreads/I-P11.kaiju.output	0.006840	1562	414999	Bacteria;Verrucomicrobia;Opitutae;NA;NA;NA;NA;
/home/glbrc.org/echiang3/Inulin_MetaG/kaiju/all_shortreads/I-P11.kaiju.output	0.005688	1299	31969	Bacteria;Tenericutes;Mollicutes;NA;NA;NA;NA;
/home/glbrc.org/echiang3/Inulin_MetaG/kaiju/all_shortreads/I-P11.kaiju.output	0.005675	1296	641853	Bacteria;Elusimicrobia;Elusimicrobia;NA;NA;NA;NA;
/home/glbrc.org/echiang3/Inulin_MetaG/kaiju/all_shortreads/I-P11.kaiju.output	0.005084	1161	1313211	Bacteria;Lentisphaerae;Lentisphaeria;NA;NA;NA;NA;
/home/glbrc.org/echiang3/Inulin_MetaG/kaiju/all_shortreads/I-P11.kaiju.output	0.004177	954	224756	Archaea;Euryarchaeota;Methanomicrobia;NA;NA;NA;NA;
/home/glbrc.org/echiang3/Inulin_MetaG/kaiju/all_shortreads/I-P11.kaiju.output	0.003481	795	1937959	Bacteria;Bacteroidetes;Saprospiria;NA;NA;NA;NA;
/home/glbrc.org/echiang3/Inulin_MetaG/kaiju/all_shortreads/I-P11.kaiju.output	0.003245	741	204429	Bacteria;Chlamydiae;Chlamydiia;NA;NA;NA;NA;
/home/glbrc.org/echiang3/Inulin_MetaG/kaiju/all_shortreads/I-P11.kaiju.output	0.002908	664	451455	Eukaryota;Chytridiomycota;Neocallimastigomycetes;NA;NA;NA;NA;
/home/glbrc.org/echiang3/Inulin_MetaG/kaiju/all_shortreads/I-P11.kaiju.output	0.002824	645	203683	Bacteria;Planctomycetes;Planctomycetia;NA;NA;NA;NA;
/home/glbrc.org/echiang3/Inulin_MetaG/kaiju/all_shortreads/I-P11.kaiju.output	0.002759	630	795747	Bacteria;Ignavibacteriae;Ignavibacteria;NA;NA;NA;NA;
/home/glbrc.org/echiang3/Inulin_MetaG/kaiju/all_shortreads/I-P11.kaiju.output	0.002675	611	183967	Archaea;Euryarchaeota;Thermoplasmata;NA;NA;NA;NA;
/home/glbrc.org/echiang3/Inulin_MetaG/kaiju/all_shortreads/I-P11.kaiju.output	0.002430	555	188708	Bacteria;Thermotogae;Thermotogae;NA;NA;NA;NA;
/home/glbrc.org/echiang3/Inulin_MetaG/kaiju/all_shortreads/I-P11.kaiju.output	0.001957	447	183925	Archaea;Euryarchaeota;Methanobacteria;NA;NA;NA;NA;
/home/glbrc.org/echiang3/Inulin_MetaG/kaiju/all_shortreads/I-P11.kaiju.output	0.001778	406	422676	Eukaryota;Apicomplexa;Aconoidasida;NA;NA;NA;NA;
/home/glbrc.org/echiang3/Inulin_MetaG/kaiju/all_shortreads/I-P11.kaiju.output	0.001769	404	4762	Eukaryota;NA;Oomycota;NA;NA;NA;NA;
/home/glbrc.org/echiang3/Inulin_MetaG/kaiju/all_shortreads/I-P11.kaiju.output	0.001716	392	191410	Bacteria;Chlorobi;Chlorobia;NA;NA;NA;NA;
/home/glbrc.org/echiang3/Inulin_MetaG/kaiju/all_shortreads/I-P11.kaiju.output	0.001695	387	214506	Eukaryota;Mucoromycota;Glomeromycetes;NA;NA;NA;NA;
/home/glbrc.org/echiang3/Inulin_MetaG/kaiju/all_shortreads/I-P11.kaiju.output	0.001651	377	188787	Bacteria;Deinococcus-Thermus;Deinococci;NA;NA;NA;NA;
/home/glbrc.org/echiang3/Inulin_MetaG/kaiju/all_shortreads/I-P11.kaiju.output	0.001646	376	147548	Eukaryota;Ascomycota;Leotiomycetes;NA;NA;NA;NA;
/home/glbrc.org/echiang3/Inulin_MetaG/kaiju/all_shortreads/I-P11.kaiju.output	0.001642	375	2212703	Eukaryota;Mucoromycota;Mucoromycetes;NA;NA;NA;NA;
/home/glbrc.org/echiang3/Inulin_MetaG/kaiju/all_shortreads/I-P11.kaiju.output	0.001611	368	75966	Eukaryota;Chlorophyta;Trebouxiophyceae;NA;NA;NA;NA;
/home/glbrc.org/echiang3/Inulin_MetaG/kaiju/all_shortreads/I-P11.kaiju.output	0.001589	363	301297	Bacteria;Chloroflexi;Dehalococcoidia;NA;NA;NA;NA;
/home/glbrc.org/echiang3/Inulin_MetaG/kaiju/all_shortreads/I-P11.kaiju.output	0.001379	315	203693	Bacteria;Nitrospirae;Nitrospira;NA;NA;NA;NA;
/home/glbrc.org/echiang3/Inulin_MetaG/kaiju/all_shortreads/I-P11.kaiju.output	0.001305	298	1553900	Bacteria;Proteobacteria;Oligoflexia;NA;NA;NA;NA;
/home/glbrc.org/echiang3/Inulin_MetaG/kaiju/all_shortreads/I-P11.kaiju.output	0.001292	295	155619	Eukaryota;Basidiomycota;Agaricomycetes;NA;NA;NA;NA;
/home/glbrc.org/echiang3/Inulin_MetaG/kaiju/all_shortreads/I-P11.kaiju.output	0.001187	271	1853221	Bacteria;Balneolaeota;Balneolia;NA;NA;NA;NA;
/home/glbrc.org/echiang3/Inulin_MetaG/kaiju/all_shortreads/I-P11.kaiju.output	0.001174	268	204432	Bacteria;Acidobacteria;Acidobacteriia;NA;NA;NA;NA;
/home/glbrc.org/echiang3/Inulin_MetaG/kaiju/all_shortreads/I-P11.kaiju.output	0.001165	266	134549	Bacteria;Verrucomicrobia;Spartobacteria;NA;NA;NA;NA;
/home/glbrc.org/echiang3/Inulin_MetaG/kaiju/all_shortreads/I-P11.kaiju.output	0.001143	261	666505	Bacteria;Planctomycetes;Phycisphaerae;NA;NA;NA;NA;
/home/glbrc.org/echiang3/Inulin_MetaG/kaiju/all_shortreads/I-P11.kaiju.output	0.001095	250	4891	Eukaryota;Ascomycota;Saccharomycetes;NA;NA;NA;NA;
/home/glbrc.org/echiang3/Inulin_MetaG/kaiju/all_shortreads/I-P11.kaiju.output	0.001068	244	187857	Bacteria;Aquificae;Aquificae;NA;NA;NA;NA;
/home/glbrc.org/echiang3/Inulin_MetaG/kaiju/all_shortreads/I-P11.kaiju.output	0.001007	230	1280412	Eukaryota;Apicomplexa;Conoidasida;NA;NA;NA;NA;
/home/glbrc.org/echiang3/Inulin_MetaG/kaiju/all_shortreads/I-P11.kaiju.output	0.001003	229	68337	Bacteria;Deferribacteres;Deferribacteres;NA;NA;NA;NA;
/home/glbrc.org/echiang3/Inulin_MetaG/kaiju/all_shortreads/I-P11.kaiju.output	0.000968	221	33829	Eukaryota;Ciliophora;Spirotrichea;NA;NA;NA;NA;
/home/glbrc.org/echiang3/Inulin_MetaG/kaiju/all_shortreads/I-P11.kaiju.output	0.000955	218	2683628	Eukaryota;NA;Bigyra;NA;NA;NA;NA;
/home/glbrc.org/echiang3/Inulin_MetaG/kaiju/all_shortreads/I-P11.kaiju.output	0.000950	217	219685	Bacteria;Gemmatimonadetes;Gemmatimonadetes;NA;NA;NA;NA;
/home/glbrc.org/echiang3/Inulin_MetaG/kaiju/all_shortreads/I-P11.kaiju.output	0.000924	211	1921781	Bacteria;Kiritimatiellaeota;Kiritimatiellae;NA;NA;NA;NA;
/home/glbrc.org/echiang3/Inulin_MetaG/kaiju/all_shortreads/I-P11.kaiju.output	0.000911	208	580370	Bacteria;Proteobacteria;Zetaproteobacteria;NA;NA;NA;NA;
/home/glbrc.org/echiang3/Inulin_MetaG/kaiju/all_shortreads/I-P11.kaiju.output	0.000902	206	142796	Eukaryota;Evosea;Eumycetozoa;NA;NA;NA;NA;
/home/glbrc.org/echiang3/Inulin_MetaG/kaiju/all_shortreads/I-P11.kaiju.output	0.000880	201	5653	Eukaryota;Euglenozoa;Kinetoplastea;NA;NA;NA;NA;
/home/glbrc.org/echiang3/Inulin_MetaG/kaiju/all_shortreads/I-P11.kaiju.output	0.000836	191	147545	Eukaryota;Ascomycota;Eurotiomycetes;NA;NA;NA;NA;
/home/glbrc.org/echiang3/Inulin_MetaG/kaiju/all_shortreads/I-P11.kaiju.output	0.000823	188	2830	Eukaryota;Haptista;Haptophyta;NA;NA;NA;NA;
/home/glbrc.org/echiang3/Inulin_MetaG/kaiju/all_shortreads/I-P11.kaiju.output	0.000823	188	3166	Eukaryota;Chlorophyta;Chlorophyceae;NA;NA;NA;NA;
/home/glbrc.org/echiang3/Inulin_MetaG/kaiju/all_shortreads/I-P11.kaiju.output	0.000810	185	2517206	Bacteria;Planctomycetes;Candidatus Brocadiae;NA;NA;NA;NA;
/home/glbrc.org/echiang3/Inulin_MetaG/kaiju/all_shortreads/I-P11.kaiju.output	0.000793	181	147541	Eukaryota;Ascomycota;Dothideomycetes;NA;NA;NA;NA;
/home/glbrc.org/echiang3/Inulin_MetaG/kaiju/all_shortreads/I-P11.kaiju.output	0.000727	166	147550	Eukaryota;Ascomycota;Sordariomycetes;NA;NA;NA;NA;
/home/glbrc.org/echiang3/Inulin_MetaG/kaiju/all_shortreads/I-P11.kaiju.output	0.000596	136	2797	Eukaryota;Rhodophyta;Bangiophyceae;NA;NA;NA;NA;
/home/glbrc.org/echiang3/Inulin_MetaG/kaiju/all_shortreads/I-P11.kaiju.output	0.000587	134	32061	Bacteria;Chloroflexi;Chloroflexia;NA;NA;NA;NA;
/home/glbrc.org/echiang3/Inulin_MetaG/kaiju/all_shortreads/I-P11.kaiju.output	0.000587	134	388447	Bacteria;Chloroflexi;Ktedonobacteria;NA;NA;NA;NA;
/home/glbrc.org/echiang3/Inulin_MetaG/kaiju/all_shortreads/I-P11.kaiju.output	0.000560	128	451435	Eukaryota;Chytridiomycota;Chytridiomycetes;NA;NA;NA;NA;
/home/glbrc.org/echiang3/Inulin_MetaG/kaiju/all_shortreads/I-P11.kaiju.output	0.000543	124	84992	Bacteria;Actinobacteria;Acidimicrobiia;NA;NA;NA;NA;
/home/glbrc.org/echiang3/Inulin_MetaG/kaiju/all_shortreads/I-P11.kaiju.output	0.000517	118	183968	Archaea;Euryarchaeota;Thermococci;NA;NA;NA;NA;
/home/glbrc.org/echiang3/Inulin_MetaG/kaiju/all_shortreads/I-P11.kaiju.output	0.000512	117	67799	Bacteria;Thermodesulfobacteria;Thermodesulfobacteria;NA;NA;NA;NA;
/home/glbrc.org/echiang3/Inulin_MetaG/kaiju/all_shortreads/I-P11.kaiju.output	0.000477	109	1962850	Bacteria;Calditrichaeota;Calditrichae;NA;NA;NA;NA;
/home/glbrc.org/echiang3/Inulin_MetaG/kaiju/all_shortreads/I-P11.kaiju.output	0.000469	107	6020	Eukaryota;Ciliophora;Oligohymenophorea;NA;NA;NA;NA;
/home/glbrc.org/echiang3/Inulin_MetaG/kaiju/all_shortreads/I-P11.kaiju.output	0.000429	98	28009	Eukaryota;NA;Choanoflagellata;NA;NA;NA;NA;
/home/glbrc.org/echiang3/Inulin_MetaG/kaiju/all_shortreads/I-P11.kaiju.output	0.000407	93	1035538	Eukaryota;Chlorophyta;Mamiellophyceae;NA;NA;NA;NA;
/home/glbrc.org/echiang3/Inulin_MetaG/kaiju/all_shortreads/I-P11.kaiju.output	0.000407	93	1955630	Bacteria;Verrucomicrobia;Methylacidiphilae;NA;NA;NA;NA;
/home/glbrc.org/echiang3/Inulin_MetaG/kaiju/all_shortreads/I-P11.kaiju.output	0.000403	92	1562566	Bacteria;Acidobacteria;Blastocatellia;NA;NA;NA;NA;
/home/glbrc.org/echiang3/Inulin_MetaG/kaiju/all_shortreads/I-P11.kaiju.output	0.000385	88	447827	Bacteria;Candidatus Margulisbacteria;Candidatus Marinamargulisbacteria;NA;NA;NA;NA;
/home/glbrc.org/echiang3/Inulin_MetaG/kaiju/all_shortreads/I-P11.kaiju.output	0.000372	85	2507542	Bacteria;Candidatus Margulisbacteria;Candidatus Termititenacia;NA;NA;NA;NA;
/home/glbrc.org/echiang3/Inulin_MetaG/kaiju/all_shortreads/I-P11.kaiju.output	0.000368	84	2806	Eukaryota;Rhodophyta;Florideophyceae;NA;NA;NA;NA;
/home/glbrc.org/echiang3/Inulin_MetaG/kaiju/all_shortreads/I-P11.kaiju.output	0.000359	82	1807140	Bacteria;Proteobacteria;Acidithiobacillia;NA;NA;NA;NA;
/home/glbrc.org/echiang3/Inulin_MetaG/kaiju/all_shortreads/I-P11.kaiju.output	0.000355	81	33849	Eukaryota;Bacillariophyta;Bacillariophyceae;NA;NA;NA;NA;
/home/glbrc.org/echiang3/Inulin_MetaG/kaiju/all_shortreads/I-P11.kaiju.output	0.000355	81	533205	Bacteria;Acidobacteria;Holophagae;NA;NA;NA;NA;
/home/glbrc.org/echiang3/Inulin_MetaG/kaiju/all_shortreads/I-P11.kaiju.output	0.000346	79	447830	Bacteria;Elusimicrobia;Endomicrobia;NA;NA;NA;NA;
/home/glbrc.org/echiang3/Inulin_MetaG/kaiju/all_shortreads/I-P11.kaiju.output	0.000328	75	118001	Bacteria;Chrysiogenetes;Chrysiogenetes;NA;NA;NA;NA;
/home/glbrc.org/echiang3/Inulin_MetaG/kaiju/all_shortreads/I-P11.kaiju.output	0.000315	72	2008785	Bacteria;Proteobacteria;Hydrogenophilalia;NA;NA;NA;NA;
/home/glbrc.org/echiang3/Inulin_MetaG/kaiju/all_shortreads/I-P11.kaiju.output	0.000293	67	183963	Archaea;Euryarchaeota;Halobacteria;NA;NA;NA;NA;
/home/glbrc.org/echiang3/Inulin_MetaG/kaiju/all_shortreads/I-P11.kaiju.output	0.000276	63	2219693	Eukaryota;Zoopagomycota;Harpellomycetes;NA;NA;NA;NA;
/home/glbrc.org/echiang3/Inulin_MetaG/kaiju/all_shortreads/I-P11.kaiju.output	0.000263	60	2605334	Eukaryota;Evosea;Variosea;NA;NA;NA;NA;
/home/glbrc.org/echiang3/Inulin_MetaG/kaiju/all_shortreads/I-P11.kaiju.output	0.000250	57	2864	Eukaryota;NA;Dinophyceae;NA;NA;NA;NA;
/home/glbrc.org/echiang3/Inulin_MetaG/kaiju/all_shortreads/I-P11.kaiju.output	0.000250	57	693071	Bacteria;Caldiserica;Caldisericia;NA;NA;NA;NA;
/home/glbrc.org/echiang3/Inulin_MetaG/kaiju/all_shortreads/I-P11.kaiju.output	0.000241	55	2211268	Bacteria;Candidatus Margulisbacteria;Candidatus Riflemargulisbacteria;NA;NA;NA;NA;
/home/glbrc.org/echiang3/Inulin_MetaG/kaiju/all_shortreads/I-P11.kaiju.output	0.000236	54	183924	Archaea;Crenarchaeota;Thermoprotei;NA;NA;NA;NA;
/home/glbrc.org/echiang3/Inulin_MetaG/kaiju/all_shortreads/I-P11.kaiju.output	0.000232	53	194287	Eukaryota;Ciliophora;Heterotrichea;NA;NA;NA;NA;
/home/glbrc.org/echiang3/Inulin_MetaG/kaiju/all_shortreads/I-P11.kaiju.output	0.000223	51	183939	Archaea;Euryarchaeota;Methanococci;NA;NA;NA;NA;
/home/glbrc.org/echiang3/Inulin_MetaG/kaiju/all_shortreads/I-P11.kaiju.output	0.000219	50	33836	Eukaryota;Bacillariophyta;Coscinodiscophyceae;NA;NA;NA;NA;
/home/glbrc.org/echiang3/Inulin_MetaG/kaiju/all_shortreads/I-P11.kaiju.output	0.000215	49	155616	Eukaryota;Basidiomycota;Tremellomycetes;NA;NA;NA;NA;
/home/glbrc.org/echiang3/Inulin_MetaG/kaiju/all_shortreads/I-P11.kaiju.output	0.000215	49	475962	Bacteria;Chloroflexi;Caldilineae;NA;NA;NA;NA;
/home/glbrc.org/echiang3/Inulin_MetaG/kaiju/all_shortreads/I-P11.kaiju.output	0.000210	48	84995	Bacteria;Actinobacteria;Rubrobacteria;NA;NA;NA;NA;
/home/glbrc.org/echiang3/Inulin_MetaG/kaiju/all_shortreads/I-P11.kaiju.output	0.000206	47	451460	Eukaryota;Blastocladiomycota;Blastocladiomycetes;NA;NA;NA;NA;
/home/glbrc.org/echiang3/Inulin_MetaG/kaiju/all_shortreads/I-P11.kaiju.output	0.000206	47	2364196	Bacteria;Chloroflexi;Candidatus Thermofonsia;NA;NA;NA;NA;
/home/glbrc.org/echiang3/Inulin_MetaG/kaiju/all_shortreads/I-P11.kaiju.output	0.000201	46	2152896	Bacteria;Candidatus Fermentibacteria;Candidatus Fermentibacteria (class);NA;NA;NA;NA;
/home/glbrc.org/echiang3/Inulin_MetaG/kaiju/all_shortreads/I-P11.kaiju.output	0.000193	44	3027	Eukaryota;NA;Cryptophyceae;NA;NA;NA;NA;
/home/glbrc.org/echiang3/Inulin_MetaG/kaiju/all_shortreads/I-P11.kaiju.output	0.000184	42	1399768	Eukaryota;Zoopagomycota;Basidiobolomycetes;NA;NA;NA;NA;
/home/glbrc.org/echiang3/Inulin_MetaG/kaiju/all_shortreads/I-P11.kaiju.output	0.000184	42	1497346	Bacteria;Actinobacteria;Thermoleophilia;NA;NA;NA;NA;
/home/glbrc.org/echiang3/Inulin_MetaG/kaiju/all_shortreads/I-P11.kaiju.output	0.000184	42	2109259	Bacteria;Abditibacteriota;Abditibacteria;NA;NA;NA;NA;
/home/glbrc.org/echiang3/Inulin_MetaG/kaiju/all_shortreads/I-P11.kaiju.output	0.000180	41	147549	Eukaryota;Ascomycota;Pezizomycetes;NA;NA;NA;NA;
/home/glbrc.org/echiang3/Inulin_MetaG/kaiju/all_shortreads/I-P11.kaiju.output	0.000171	39	452283	Eukaryota;Basidiomycota;Exobasidiomycetes;NA;NA;NA;NA;
/home/glbrc.org/echiang3/Inulin_MetaG/kaiju/all_shortreads/I-P11.kaiju.output	0.000171	39	908620	Bacteria;Actinobacteria;Nitriliruptoria;NA;NA;NA;NA;
/home/glbrc.org/echiang3/Inulin_MetaG/kaiju/all_shortreads/I-P11.kaiju.output	0.000171	39	1853222	Bacteria;Rhodothermaeota;Rhodothermia;NA;NA;NA;NA;
/home/glbrc.org/echiang3/Inulin_MetaG/kaiju/all_shortreads/I-P11.kaiju.output	0.000162	37	1382928	Bacteria;Chloroflexi;Ardenticatenia;NA;NA;NA;NA;
/home/glbrc.org/echiang3/Inulin_MetaG/kaiju/all_shortreads/I-P11.kaiju.output	0.000149	34	35675	Eukaryota;NA;Pelagophyceae;NA;NA;NA;NA;
/home/glbrc.org/echiang3/Inulin_MetaG/kaiju/all_shortreads/I-P11.kaiju.output	0.000149	34	189775	Bacteria;Chloroflexi;Thermomicrobia;NA;NA;NA;NA;
/home/glbrc.org/echiang3/Inulin_MetaG/kaiju/all_shortreads/I-P11.kaiju.output	0.000149	34	1860136	Bacteria;Fibrobacteres;Chitinispirillia;NA;NA;NA;NA;
/home/glbrc.org/echiang3/Inulin_MetaG/kaiju/all_shortreads/I-P11.kaiju.output	0.000144	33	2870	Eukaryota;NA;Phaeophyceae;NA;NA;NA;NA;
/home/glbrc.org/echiang3/Inulin_MetaG/kaiju/all_shortreads/I-P11.kaiju.output	0.000144	33	162484	Eukaryota;Basidiomycota;Pucciniomycetes;NA;NA;NA;NA;
/home/glbrc.org/echiang3/Inulin_MetaG/kaiju/all_shortreads/I-P11.kaiju.output	0.000144	33	2302911	Eukaryota;Chlorophyta;Chloropicophyceae;NA;NA;NA;NA;
/home/glbrc.org/echiang3/Inulin_MetaG/kaiju/all_shortreads/I-P11.kaiju.output	0.000140	32	1538075	Eukaryota;Basidiomycota;Malasseziomycetes;NA;NA;NA;NA;
/home/glbrc.org/echiang3/Inulin_MetaG/kaiju/all_shortreads/I-P11.kaiju.output	0.000140	32	2498706	Bacteria;Candidatus Cryosericota;Candidatus Cryosericia;NA;NA;NA;NA;
/home/glbrc.org/echiang3/Inulin_MetaG/kaiju/all_shortreads/I-P11.kaiju.output	0.000136	31	1705400	Archaea;Euryarchaeota;Candidatus Methanofastidiosa;NA;NA;NA;NA;
/home/glbrc.org/echiang3/Inulin_MetaG/kaiju/all_shortreads/I-P11.kaiju.output	0.000131	30	1562571	Bacteria;Acidobacteria;Thermoanaerobaculia;NA;NA;NA;NA;
/home/glbrc.org/echiang3/Inulin_MetaG/kaiju/all_shortreads/I-P11.kaiju.output	0.000127	29	162481	Eukaryota;Basidiomycota;Microbotryomycetes;NA;NA;NA;NA;
/home/glbrc.org/echiang3/Inulin_MetaG/kaiju/all_shortreads/I-P11.kaiju.output	0.000127	29	2212702	Eukaryota;Mucoromycota;Endogonomycetes;NA;NA;NA;NA;
/home/glbrc.org/echiang3/Inulin_MetaG/kaiju/all_shortreads/I-P11.kaiju.output	0.000118	27	1293498	Bacteria;Nitrospinae;Nitrospinia;NA;NA;NA;NA;
/home/glbrc.org/echiang3/Inulin_MetaG/kaiju/all_shortreads/I-P11.kaiju.output	0.000118	27	1801911	Bacteria;Candidatus Peregrinibacteria;Candidatus Peribacteria;NA;NA;NA;NA;
/home/glbrc.org/echiang3/Inulin_MetaG/kaiju/all_shortreads/I-P11.kaiju.output	0.000118	27	1813735	Bacteria;Acidobacteria;Vicinamibacteria;NA;NA;NA;NA;
/home/glbrc.org/echiang3/Inulin_MetaG/kaiju/all_shortreads/I-P11.kaiju.output	0.000114	26	2233521	Eukaryota;Zoopagomycota;Zoopagomycetes;NA;NA;NA;NA;
/home/glbrc.org/echiang3/Inulin_MetaG/kaiju/all_shortreads/I-P11.kaiju.output	0.000105	24	1077257	Bacteria;Armatimonadetes;Chthonomonadetes;NA;NA;NA;NA;
/home/glbrc.org/echiang3/Inulin_MetaG/kaiju/all_shortreads/I-P11.kaiju.output	0.000105	24	2599185	Archaea;Euryarchaeota;Candidatus Poseidoniia;NA;NA;NA;NA;
/home/glbrc.org/echiang3/Inulin_MetaG/kaiju/all_shortreads/I-P11.kaiju.output	0.000101	23	5747	Eukaryota;NA;Eustigmatophyceae;NA;NA;NA;NA;
/home/glbrc.org/echiang3/Inulin_MetaG/kaiju/all_shortreads/I-P11.kaiju.output	0.000101	23	38254	Eukaryota;NA;Glaucocystophyceae;NA;NA;NA;NA;
/home/glbrc.org/echiang3/Inulin_MetaG/kaiju/all_shortreads/I-P11.kaiju.output	0.000101	23	1676648	Bacteria;Firmicutes;Limnochordia;NA;NA;NA;NA;
/home/glbrc.org/echiang3/Inulin_MetaG/kaiju/all_shortreads/I-P11.kaiju.output	0.000096	22	203486	Bacteria;Dictyoglomi;Dictyoglomia;NA;NA;NA;NA;
/home/glbrc.org/echiang3/Inulin_MetaG/kaiju/all_shortreads/I-P11.kaiju.output	0.000096	22	451454	Eukaryota;Chytridiomycota;Monoblepharidomycetes;NA;NA;NA;NA;
/home/glbrc.org/echiang3/Inulin_MetaG/kaiju/all_shortreads/I-P11.kaiju.output	0.000088	20	589449	Eukaryota;Bacillariophyta;Mediophyceae;NA;NA;NA;NA;
/home/glbrc.org/echiang3/Inulin_MetaG/kaiju/all_shortreads/I-P11.kaiju.output	0.000074	17	2212732	Eukaryota;Mucoromycota;Mortierellomycetes;NA;NA;NA;NA;
/home/glbrc.org/echiang3/Inulin_MetaG/kaiju/all_shortreads/I-P11.kaiju.output	0.000070	16	183980	Archaea;Euryarchaeota;Archaeoglobi;NA;NA;NA;NA;
/home/glbrc.org/echiang3/Inulin_MetaG/kaiju/all_shortreads/I-P11.kaiju.output	0.000070	16	452332	Eukaryota;Basidiomycota;Dacrymycetes;NA;NA;NA;NA;
/home/glbrc.org/echiang3/Inulin_MetaG/kaiju/all_shortreads/I-P11.kaiju.output	0.000066	15	5257	Eukaryota;Basidiomycota;Ustilaginomycetes;NA;NA;NA;NA;
/home/glbrc.org/echiang3/Inulin_MetaG/kaiju/all_shortreads/I-P11.kaiju.output	0.000066	15	1817795	Bacteria;Proteobacteria;Candidatus Muproteobacteria;NA;NA;NA;NA;
/home/glbrc.org/echiang3/Inulin_MetaG/kaiju/all_shortreads/I-P11.kaiju.output	0.000057	13	5988	Eukaryota;Ciliophora;Litostomatea;NA;NA;NA;NA;
/home/glbrc.org/echiang3/Inulin_MetaG/kaiju/all_shortreads/I-P11.kaiju.output	0.000053	12	147554	Eukaryota;Ascomycota;Schizosaccharomycetes;NA;NA;NA;NA;
/home/glbrc.org/echiang3/Inulin_MetaG/kaiju/all_shortreads/I-P11.kaiju.output	0.000053	12	1042312	Bacteria;Armatimonadetes;Armatimonadia;NA;NA;NA;NA;
/home/glbrc.org/echiang3/Inulin_MetaG/kaiju/all_shortreads/I-P11.kaiju.output	0.000053	12	1775750	Archaea;Euryarchaeota;Hadesarchaea;NA;NA;NA;NA;
/home/glbrc.org/echiang3/Inulin_MetaG/kaiju/all_shortreads/I-P11.kaiju.output	0.000053	12	2138243	Bacteria;Coprothermobacterota;Coprothermobacteria;NA;NA;NA;NA;
/home/glbrc.org/echiang3/Inulin_MetaG/kaiju/all_shortreads/I-P11.kaiju.output	0.000048	11	147553	Eukaryota;Ascomycota;Pneumocystidomycetes;NA;NA;NA;NA;
/home/glbrc.org/echiang3/Inulin_MetaG/kaiju/all_shortreads/I-P11.kaiju.output	0.000048	11	1399770	Eukaryota;Zoopagomycota;Entomophthoromycetes;NA;NA;NA;NA;
/home/glbrc.org/echiang3/Inulin_MetaG/kaiju/all_shortreads/I-P11.kaiju.output	0.000048	11	2219690	Eukaryota;Zoopagomycota;Kickxellomycetes;NA;NA;NA;NA;
/home/glbrc.org/echiang3/Inulin_MetaG/kaiju/all_shortreads/I-P11.kaiju.output	0.000044	10	307596	Bacteria;Cyanobacteria;Gloeobacteria;NA;NA;NA;NA;
/home/glbrc.org/echiang3/Inulin_MetaG/kaiju/all_shortreads/I-P11.kaiju.output	0.000044	10	1817794	Bacteria;Proteobacteria;Candidatus Lambdaproteobacteria;NA;NA;NA;NA;
/home/glbrc.org/echiang3/Inulin_MetaG/kaiju/all_shortreads/I-P11.kaiju.output	0.000039	9	1643678	Archaea;Thaumarchaeota;Nitrososphaeria;NA;NA;NA;NA;
/home/glbrc.org/echiang3/Inulin_MetaG/kaiju/all_shortreads/I-P11.kaiju.output	0.000039	9	2682225	Bacteria;Chloroflexi;Tepidiformia;NA;NA;NA;NA;
/home/glbrc.org/echiang3/Inulin_MetaG/kaiju/all_shortreads/I-P11.kaiju.output	0.000035	8	296141	Bacteria;Fibrobacteres;Chitinivibrionia;NA;NA;NA;NA;
/home/glbrc.org/echiang3/Inulin_MetaG/kaiju/all_shortreads/I-P11.kaiju.output	0.000035	8	1495646	Bacteria;Chloroflexi;Thermoflexia;NA;NA;NA;NA;
/home/glbrc.org/echiang3/Inulin_MetaG/kaiju/all_shortreads/I-P11.kaiju.output	0.000035	8	2219692	Eukaryota;Zoopagomycota;Dimargaritomycetes;NA;NA;NA;NA;
/home/glbrc.org/echiang3/Inulin_MetaG/kaiju/all_shortreads/I-P11.kaiju.output	0.000035	8	2545688	Archaea;Euryarchaeota;Candidatus Methanoliparia;NA;NA;NA;NA;
/home/glbrc.org/echiang3/Inulin_MetaG/kaiju/all_shortreads/I-P11.kaiju.output	0.000031	7	432025	Eukaryota;Basidiomycota;Mixiomycetes;NA;NA;NA;NA;
/home/glbrc.org/echiang3/Inulin_MetaG/kaiju/all_shortreads/I-P11.kaiju.output	0.000026	6	65582	Eukaryota;NA;Polycystinea;NA;NA;NA;NA;
/home/glbrc.org/echiang3/Inulin_MetaG/kaiju/all_shortreads/I-P11.kaiju.output	0.000026	6	1217819	Eukaryota;Ascomycota;Xylonomycetes;NA;NA;NA;NA;
/home/glbrc.org/echiang3/Inulin_MetaG/kaiju/all_shortreads/I-P11.kaiju.output	0.000026	6	2419830	Bacteria;Candidatus Riflebacteria;Candidatus Ozemobacteria;NA;NA;NA;NA;
/home/glbrc.org/echiang3/Inulin_MetaG/kaiju/all_shortreads/I-P11.kaiju.output	0.000022	5	29197	Eukaryota;Cercozoa;Chlorarachniophyceae;NA;NA;NA;NA;
/home/glbrc.org/echiang3/Inulin_MetaG/kaiju/all_shortreads/I-P11.kaiju.output	0.000022	5	147556	Eukaryota;Ascomycota;Neolectomycetes;NA;NA;NA;NA;
/home/glbrc.org/echiang3/Inulin_MetaG/kaiju/all_shortreads/I-P11.kaiju.output	0.000018	4	33103	Eukaryota;Chlorophyta;Ulvophyceae;NA;NA;NA;NA;
/home/glbrc.org/echiang3/Inulin_MetaG/kaiju/all_shortreads/I-P11.kaiju.output	0.000018	4	189478	Eukaryota;Ascomycota;Orbiliomycetes;NA;NA;NA;NA;
/home/glbrc.org/echiang3/Inulin_MetaG/kaiju/all_shortreads/I-P11.kaiju.output	0.000013	3	147555	Eukaryota;Ascomycota;Taphrinomycetes;NA;NA;NA;NA;
/home/glbrc.org/echiang3/Inulin_MetaG/kaiju/all_shortreads/I-P11.kaiju.output	0.000013	3	193537	Eukaryota;Haptista;Centroplasthelida;NA;NA;NA;NA;
/home/glbrc.org/echiang3/Inulin_MetaG/kaiju/all_shortreads/I-P11.kaiju.output	0.000013	3	431957	Eukaryota;Basidiomycota;Wallemiomycetes;NA;NA;NA;NA;
/home/glbrc.org/echiang3/Inulin_MetaG/kaiju/all_shortreads/I-P11.kaiju.output	0.000013	3	1051663	Archaea;Euryarchaeota;Nanohaloarchaea;NA;NA;NA;NA;
/home/glbrc.org/echiang3/Inulin_MetaG/kaiju/all_shortreads/I-P11.kaiju.output	0.000013	3	2681632	Eukaryota;Tubulinea;Elardia;NA;NA;NA;NA;
/home/glbrc.org/echiang3/Inulin_MetaG/kaiju/all_shortreads/I-P11.kaiju.output	0.000009	2	2833	Eukaryota;NA;Xanthophyceae;NA;NA;NA;NA;
/home/glbrc.org/echiang3/Inulin_MetaG/kaiju/all_shortreads/I-P11.kaiju.output	0.000009	2	3035	Eukaryota;Euglenozoa;Euglenida;NA;NA;NA;NA;
/home/glbrc.org/echiang3/Inulin_MetaG/kaiju/all_shortreads/I-P11.kaiju.output	0.000009	2	1524962	Eukaryota;Chlorophyta;Chlorodendrophyceae;NA;NA;NA;NA;
/home/glbrc.org/echiang3/Inulin_MetaG/kaiju/all_shortreads/I-P11.kaiju.output	0.000009	2	2315419	Bacteria;Candidatus Sumerlaeota;Candidatus Sumerlaeia;NA;NA;NA;NA;
/home/glbrc.org/echiang3/Inulin_MetaG/kaiju/all_shortreads/I-P11.kaiju.output	0.000004	1	39119	Eukaryota;NA;Dictyochophyceae;NA;NA;NA;NA;
/home/glbrc.org/echiang3/Inulin_MetaG/kaiju/all_shortreads/I-P11.kaiju.output	0.000004	1	91989	Eukaryota;NA;Bolidophyceae;NA;NA;NA;NA;
/home/glbrc.org/echiang3/Inulin_MetaG/kaiju/all_shortreads/I-P11.kaiju.output	0.000004	1	446134	Eukaryota;Rhodophyta;Stylonematophyceae;NA;NA;NA;NA;
/home/glbrc.org/echiang3/Inulin_MetaG/kaiju/all_shortreads/I-P11.kaiju.output	0.000004	1	1004930	Eukaryota;Cercozoa;Thecofilosea;NA;NA;NA;NA;
/home/glbrc.org/echiang3/Inulin_MetaG/kaiju/all_shortreads/I-P11.kaiju.output	0.000004	1	1871466	Eukaryota;Endomyxa;Ascetosporea;NA;NA;NA;NA;
/home/glbrc.org/echiang3/Inulin_MetaG/kaiju/all_shortreads/I-P11.kaiju.output	0.000004	1	1980645	Archaea;Euryarchaeota;Theionarchaea;NA;NA;NA;NA;
/home/glbrc.org/echiang3/Inulin_MetaG/kaiju/all_shortreads/I-P11.kaiju.output	0.000004	1	2703811	Bacteria;Candidatus Mcinerneyibacteriota;Candidatus Mcinerneyibacteria;NA;NA;NA;NA;
/home/glbrc.org/echiang3/Inulin_MetaG/kaiju/all_shortreads/I-P11.kaiju.output	0.008223	1878	10239	Viruses
/home/glbrc.org/echiang3/Inulin_MetaG/kaiju/all_shortreads/I-P11.kaiju.output	8.877263	2027339	NA	cannot be assigned to a (non-viral) class
/home/glbrc.org/echiang3/Inulin_MetaG/kaiju/all_shortreads/I-P11.kaiju.output	56.040913	12798306	NA	unclassified
