file	percent	reads	taxon_id	taxon_name
/home/glbrc.org/echiang3/Inulin_MetaG/kaiju/all_shortreads/I-S07.kaiju.output	16.674006	7017327	171549	Bacteria;Bacteroidetes;Bacteroidia;Bacteroidales;NA;NA;NA;
/home/glbrc.org/echiang3/Inulin_MetaG/kaiju/all_shortreads/I-S07.kaiju.output	16.251961	6839707	186802	Bacteria;Firmicutes;Clostridia;Clostridiales;NA;NA;NA;
/home/glbrc.org/echiang3/Inulin_MetaG/kaiju/all_shortreads/I-S07.kaiju.output	1.127592	474552	48461	Bacteria;Verrucomicrobia;Verrucomicrobiae;Verrucomicrobiales;NA;NA;NA;
/home/glbrc.org/echiang3/Inulin_MetaG/kaiju/all_shortreads/I-S07.kaiju.output	0.755737	318055	186826	Bacteria;Firmicutes;Bacilli;Lactobacillales;NA;NA;NA;
/home/glbrc.org/echiang3/Inulin_MetaG/kaiju/all_shortreads/I-S07.kaiju.output	0.322449	135704	213115	Bacteria;Proteobacteria;Deltaproteobacteria;Desulfovibrionales;NA;NA;NA;
/home/glbrc.org/echiang3/Inulin_MetaG/kaiju/all_shortreads/I-S07.kaiju.output	0.265633	111793	204441	Bacteria;Proteobacteria;Alphaproteobacteria;Rhodospirillales;NA;NA;NA;
/home/glbrc.org/echiang3/Inulin_MetaG/kaiju/all_shortreads/I-S07.kaiju.output	0.162688	68468	1385	Bacteria;Firmicutes;Bacilli;Bacillales;NA;NA;NA;
/home/glbrc.org/echiang3/Inulin_MetaG/kaiju/all_shortreads/I-S07.kaiju.output	0.144085	60639	526525	Bacteria;Firmicutes;Erysipelotrichia;Erysipelotrichales;NA;NA;NA;
/home/glbrc.org/echiang3/Inulin_MetaG/kaiju/all_shortreads/I-S07.kaiju.output	0.093286	39260	200644	Bacteria;Bacteroidetes;Flavobacteriia;Flavobacteriales;NA;NA;NA;
/home/glbrc.org/echiang3/Inulin_MetaG/kaiju/all_shortreads/I-S07.kaiju.output	0.077393	32571	1906119	Bacteria;Candidatus Melainabacteria;NA;Candidatus Gastranaerophilales;NA;NA;NA;
/home/glbrc.org/echiang3/Inulin_MetaG/kaiju/all_shortreads/I-S07.kaiju.output	0.060151	25315	1970189	Bacteria;Bacteroidetes;Bacteroidia;Marinilabiliales;NA;NA;NA;
/home/glbrc.org/echiang3/Inulin_MetaG/kaiju/all_shortreads/I-S07.kaiju.output	0.059289	24952	768507	Bacteria;Bacteroidetes;Cytophagia;Cytophagales;NA;NA;NA;
/home/glbrc.org/echiang3/Inulin_MetaG/kaiju/all_shortreads/I-S07.kaiju.output	0.050868	21408	641854	Bacteria;Elusimicrobia;Elusimicrobia;Elusimicrobiales;NA;NA;NA;
/home/glbrc.org/echiang3/Inulin_MetaG/kaiju/all_shortreads/I-S07.kaiju.output	0.049918	21008	1643686	Bacteria;Spirochaetes;Spirochaetia;Brachyspirales;NA;NA;NA;
/home/glbrc.org/echiang3/Inulin_MetaG/kaiju/all_shortreads/I-S07.kaiju.output	0.048772	20526	200666	Bacteria;Bacteroidetes;Sphingobacteriia;Sphingobacteriales;NA;NA;NA;
/home/glbrc.org/echiang3/Inulin_MetaG/kaiju/all_shortreads/I-S07.kaiju.output	0.046712	19659	1643822	Bacteria;Actinobacteria;Coriobacteriia;Eggerthellales;NA;NA;NA;
/home/glbrc.org/echiang3/Inulin_MetaG/kaiju/all_shortreads/I-S07.kaiju.output	0.044878	18887	909929	Bacteria;Firmicutes;Negativicutes;Selenomonadales;NA;NA;NA;
/home/glbrc.org/echiang3/Inulin_MetaG/kaiju/all_shortreads/I-S07.kaiju.output	0.043043	18115	80840	Bacteria;Proteobacteria;Betaproteobacteria;Burkholderiales;NA;NA;NA;
/home/glbrc.org/echiang3/Inulin_MetaG/kaiju/all_shortreads/I-S07.kaiju.output	0.042884	18048	203491	Bacteria;Fusobacteria;Fusobacteriia;Fusobacteriales;NA;NA;NA;
/home/glbrc.org/echiang3/Inulin_MetaG/kaiju/all_shortreads/I-S07.kaiju.output	0.042658	17953	84999	Bacteria;Actinobacteria;Coriobacteriia;Coriobacteriales;NA;NA;NA;
/home/glbrc.org/echiang3/Inulin_MetaG/kaiju/all_shortreads/I-S07.kaiju.output	0.041523	17475	136	Bacteria;Spirochaetes;Spirochaetia;Spirochaetales;NA;NA;NA;
/home/glbrc.org/echiang3/Inulin_MetaG/kaiju/all_shortreads/I-S07.kaiju.output	0.038120	16043	91347	Bacteria;Proteobacteria;Gammaproteobacteria;Enterobacterales;NA;NA;NA;
/home/glbrc.org/echiang3/Inulin_MetaG/kaiju/all_shortreads/I-S07.kaiju.output	0.034418	14485	2085	Bacteria;Tenericutes;Mollicutes;Mycoplasmatales;NA;NA;NA;
/home/glbrc.org/echiang3/Inulin_MetaG/kaiju/all_shortreads/I-S07.kaiju.output	0.028825	12131	1853229	Bacteria;Bacteroidetes;Chitinophagia;Chitinophagales;NA;NA;NA;
/home/glbrc.org/echiang3/Inulin_MetaG/kaiju/all_shortreads/I-S07.kaiju.output	0.026710	11241	1843489	Bacteria;Firmicutes;Negativicutes;Veillonellales;NA;NA;NA;
/home/glbrc.org/echiang3/Inulin_MetaG/kaiju/all_shortreads/I-S07.kaiju.output	0.026691	11233	1737405	Bacteria;Firmicutes;Tissierellia;Tissierellales;NA;NA;NA;
/home/glbrc.org/echiang3/Inulin_MetaG/kaiju/all_shortreads/I-S07.kaiju.output	0.025921	10909	29	Bacteria;Proteobacteria;Deltaproteobacteria;Myxococcales;NA;NA;NA;
/home/glbrc.org/echiang3/Inulin_MetaG/kaiju/all_shortreads/I-S07.kaiju.output	0.023141	9739	1843488	Bacteria;Firmicutes;Negativicutes;Acidaminococcales;NA;NA;NA;
/home/glbrc.org/echiang3/Inulin_MetaG/kaiju/all_shortreads/I-S07.kaiju.output	0.022637	9527	2508939	Bacteria;Firmicutes;Clostridia;Candidatus Borkfalkiales;NA;NA;NA;
/home/glbrc.org/echiang3/Inulin_MetaG/kaiju/all_shortreads/I-S07.kaiju.output	0.022580	9503	85004	Bacteria;Actinobacteria;Actinobacteria;Bifidobacteriales;NA;NA;NA;
/home/glbrc.org/echiang3/Inulin_MetaG/kaiju/all_shortreads/I-S07.kaiju.output	0.018740	7887	218872	Bacteria;Fibrobacteres;Fibrobacteria;Fibrobacterales;NA;NA;NA;
/home/glbrc.org/echiang3/Inulin_MetaG/kaiju/all_shortreads/I-S07.kaiju.output	0.017985	7569	135623	Bacteria;Proteobacteria;Gammaproteobacteria;Vibrionales;NA;NA;NA;
/home/glbrc.org/echiang3/Inulin_MetaG/kaiju/all_shortreads/I-S07.kaiju.output	0.015283	6432	68295	Bacteria;Firmicutes;Clostridia;Thermoanaerobacterales;NA;NA;NA;
/home/glbrc.org/echiang3/Inulin_MetaG/kaiju/all_shortreads/I-S07.kaiju.output	0.014554	6125	356	Bacteria;Proteobacteria;Alphaproteobacteria;Rhizobiales;NA;NA;NA;
/home/glbrc.org/echiang3/Inulin_MetaG/kaiju/all_shortreads/I-S07.kaiju.output	0.012772	5375	649776	Bacteria;Synergistetes;Synergistia;Synergistales;NA;NA;NA;
/home/glbrc.org/echiang3/Inulin_MetaG/kaiju/all_shortreads/I-S07.kaiju.output	0.012380	5210	292629	Bacteria;Chloroflexi;Anaerolineae;Anaerolineales;NA;NA;NA;
/home/glbrc.org/echiang3/Inulin_MetaG/kaiju/all_shortreads/I-S07.kaiju.output	0.012197	5133	72274	Bacteria;Proteobacteria;Gammaproteobacteria;Pseudomonadales;NA;NA;NA;
/home/glbrc.org/echiang3/Inulin_MetaG/kaiju/all_shortreads/I-S07.kaiju.output	0.011652	4904	213849	Bacteria;Proteobacteria;Epsilonproteobacteria;Campylobacterales;NA;NA;NA;
/home/glbrc.org/echiang3/Inulin_MetaG/kaiju/all_shortreads/I-S07.kaiju.output	0.008625	3630	204455	Bacteria;Proteobacteria;Alphaproteobacteria;Rhodobacterales;NA;NA;NA;
/home/glbrc.org/echiang3/Inulin_MetaG/kaiju/all_shortreads/I-S07.kaiju.output	0.008611	3624	85006	Bacteria;Actinobacteria;Actinobacteria;Micrococcales;NA;NA;NA;
/home/glbrc.org/echiang3/Inulin_MetaG/kaiju/all_shortreads/I-S07.kaiju.output	0.008076	3399	5738	Eukaryota;Fornicata;NA;Diplomonadida;NA;NA;NA;
/home/glbrc.org/echiang3/Inulin_MetaG/kaiju/all_shortreads/I-S07.kaiju.output	0.007810	3287	135624	Bacteria;Proteobacteria;Gammaproteobacteria;Aeromonadales;NA;NA;NA;
/home/glbrc.org/echiang3/Inulin_MetaG/kaiju/all_shortreads/I-S07.kaiju.output	0.007604	3200	85011	Bacteria;Actinobacteria;Actinobacteria;Streptomycetales;NA;NA;NA;
/home/glbrc.org/echiang3/Inulin_MetaG/kaiju/all_shortreads/I-S07.kaiju.output	0.007416	3121	213118	Bacteria;Proteobacteria;Deltaproteobacteria;Desulfobacterales;NA;NA;NA;
/home/glbrc.org/echiang3/Inulin_MetaG/kaiju/all_shortreads/I-S07.kaiju.output	0.006076	2557	2037	Bacteria;Actinobacteria;Actinobacteria;Actinomycetales;NA;NA;NA;
/home/glbrc.org/echiang3/Inulin_MetaG/kaiju/all_shortreads/I-S07.kaiju.output	0.005909	2487	135625	Bacteria;Proteobacteria;Gammaproteobacteria;Pasteurellales;NA;NA;NA;
/home/glbrc.org/echiang3/Inulin_MetaG/kaiju/all_shortreads/I-S07.kaiju.output	0.005582	2349	135622	Bacteria;Proteobacteria;Gammaproteobacteria;Alteromonadales;NA;NA;NA;
/home/glbrc.org/echiang3/Inulin_MetaG/kaiju/all_shortreads/I-S07.kaiju.output	0.005182	2181	135619	Bacteria;Proteobacteria;Gammaproteobacteria;Oceanospirillales;NA;NA;NA;
/home/glbrc.org/echiang3/Inulin_MetaG/kaiju/all_shortreads/I-S07.kaiju.output	0.005135	2161	85007	Bacteria;Actinobacteria;Actinobacteria;Corynebacteriales;NA;NA;NA;
/home/glbrc.org/echiang3/Inulin_MetaG/kaiju/all_shortreads/I-S07.kaiju.output	0.004949	2083	53433	Bacteria;Firmicutes;Clostridia;Halanaerobiales;NA;NA;NA;
/home/glbrc.org/echiang3/Inulin_MetaG/kaiju/all_shortreads/I-S07.kaiju.output	0.004850	2041	204457	Bacteria;Proteobacteria;Alphaproteobacteria;Sphingomonadales;NA;NA;NA;
/home/glbrc.org/echiang3/Inulin_MetaG/kaiju/all_shortreads/I-S07.kaiju.output	0.004458	1876	66288	Eukaryota;Preaxostyla;NA;Oxymonadida;NA;NA;NA;
/home/glbrc.org/echiang3/Inulin_MetaG/kaiju/all_shortreads/I-S07.kaiju.output	0.004401	1852	69541	Bacteria;Proteobacteria;Deltaproteobacteria;Desulfuromonadales;NA;NA;NA;
/home/glbrc.org/echiang3/Inulin_MetaG/kaiju/all_shortreads/I-S07.kaiju.output	0.004158	1750	186329	Bacteria;Tenericutes;Mollicutes;Acholeplasmatales;NA;NA;NA;
/home/glbrc.org/echiang3/Inulin_MetaG/kaiju/all_shortreads/I-S07.kaiju.output	0.004144	1744	29006	Eukaryota;Chytridiomycota;Neocallimastigomycetes;Neocallimastigales;NA;NA;NA;
/home/glbrc.org/echiang3/Inulin_MetaG/kaiju/all_shortreads/I-S07.kaiju.output	0.003990	1679	135614	Bacteria;Proteobacteria;Gammaproteobacteria;Xanthomonadales;NA;NA;NA;
/home/glbrc.org/echiang3/Inulin_MetaG/kaiju/all_shortreads/I-S07.kaiju.output	0.003961	1667	51291	Bacteria;Chlamydiae;Chlamydiia;Chlamydiales;NA;NA;NA;
/home/glbrc.org/echiang3/Inulin_MetaG/kaiju/all_shortreads/I-S07.kaiju.output	0.003961	1667	1936988	Bacteria;Bacteroidetes;Saprospiria;Saprospirales;NA;NA;NA;
/home/glbrc.org/echiang3/Inulin_MetaG/kaiju/all_shortreads/I-S07.kaiju.output	0.003733	1571	206351	Bacteria;Proteobacteria;Betaproteobacteria;Neisseriales;NA;NA;NA;
/home/glbrc.org/echiang3/Inulin_MetaG/kaiju/all_shortreads/I-S07.kaiju.output	0.003704	1559	740972	Eukaryota;Parabasalia;NA;Tritrichomonadida;NA;NA;NA;
/home/glbrc.org/echiang3/Inulin_MetaG/kaiju/all_shortreads/I-S07.kaiju.output	0.003153	1327	85009	Bacteria;Actinobacteria;Actinobacteria;Propionibacteriales;NA;NA;NA;
/home/glbrc.org/echiang3/Inulin_MetaG/kaiju/all_shortreads/I-S07.kaiju.output	0.002999	1262	37104	Eukaryota;Parabasalia;NA;Trichomonadida;NA;NA;NA;
/home/glbrc.org/echiang3/Inulin_MetaG/kaiju/all_shortreads/I-S07.kaiju.output	0.002849	1199	135613	Bacteria;Proteobacteria;Gammaproteobacteria;Chromatiales;NA;NA;NA;
/home/glbrc.org/echiang3/Inulin_MetaG/kaiju/all_shortreads/I-S07.kaiju.output	0.002716	1143	2158	Archaea;Euryarchaeota;Methanobacteria;Methanobacteriales;NA;NA;NA;
/home/glbrc.org/echiang3/Inulin_MetaG/kaiju/all_shortreads/I-S07.kaiju.output	0.002661	1120	191411	Bacteria;Chlorobi;Chlorobia;Chlorobiales;NA;NA;NA;
/home/glbrc.org/echiang3/Inulin_MetaG/kaiju/all_shortreads/I-S07.kaiju.output	0.002528	1064	1706369	Bacteria;Proteobacteria;Gammaproteobacteria;Cellvibrionales;NA;NA;NA;
/home/glbrc.org/echiang3/Inulin_MetaG/kaiju/all_shortreads/I-S07.kaiju.output	0.002402	1011	1890424	Bacteria;Cyanobacteria;NA;Synechococcales;NA;NA;NA;
/home/glbrc.org/echiang3/Inulin_MetaG/kaiju/all_shortreads/I-S07.kaiju.output	0.002314	974	32003	Bacteria;Proteobacteria;Betaproteobacteria;Nitrosomonadales;NA;NA;NA;
/home/glbrc.org/echiang3/Inulin_MetaG/kaiju/all_shortreads/I-S07.kaiju.output	0.002241	943	72273	Bacteria;Proteobacteria;Gammaproteobacteria;Thiotrichales;NA;NA;NA;
/home/glbrc.org/echiang3/Inulin_MetaG/kaiju/all_shortreads/I-S07.kaiju.output	0.002234	940	206389	Bacteria;Proteobacteria;Betaproteobacteria;Rhodocyclales;NA;NA;NA;
/home/glbrc.org/echiang3/Inulin_MetaG/kaiju/all_shortreads/I-S07.kaiju.output	0.002181	918	213462	Bacteria;Proteobacteria;Deltaproteobacteria;Syntrophobacterales;NA;NA;NA;
/home/glbrc.org/echiang3/Inulin_MetaG/kaiju/all_shortreads/I-S07.kaiju.output	0.002153	906	415000	Bacteria;Verrucomicrobia;Opitutae;Opitutales;NA;NA;NA;
/home/glbrc.org/echiang3/Inulin_MetaG/kaiju/all_shortreads/I-S07.kaiju.output	0.002079	875	94695	Archaea;Euryarchaeota;Methanomicrobia;Methanosarcinales;NA;NA;NA;
/home/glbrc.org/echiang3/Inulin_MetaG/kaiju/all_shortreads/I-S07.kaiju.output	0.001982	834	1235850	Archaea;Euryarchaeota;Thermoplasmata;Methanomassiliicoccales;NA;NA;NA;
/home/glbrc.org/echiang3/Inulin_MetaG/kaiju/all_shortreads/I-S07.kaiju.output	0.001899	799	2191	Archaea;Euryarchaeota;Methanomicrobia;Methanomicrobiales;NA;NA;NA;
/home/glbrc.org/echiang3/Inulin_MetaG/kaiju/all_shortreads/I-S07.kaiju.output	0.001863	784	1202465	Bacteria;Chloroflexi;Dehalococcoidia;Dehalococcoidales;NA;NA;NA;
/home/glbrc.org/echiang3/Inulin_MetaG/kaiju/all_shortreads/I-S07.kaiju.output	0.001851	779	795748	Bacteria;Ignavibacteriae;Ignavibacteria;Ignavibacteriales;NA;NA;NA;
/home/glbrc.org/echiang3/Inulin_MetaG/kaiju/all_shortreads/I-S07.kaiju.output	0.001730	728	1150	Bacteria;Cyanobacteria;NA;Oscillatoriales;NA;NA;NA;
/home/glbrc.org/echiang3/Inulin_MetaG/kaiju/all_shortreads/I-S07.kaiju.output	0.001704	717	766	Bacteria;Proteobacteria;Alphaproteobacteria;Rickettsiales;NA;NA;NA;
/home/glbrc.org/echiang3/Inulin_MetaG/kaiju/all_shortreads/I-S07.kaiju.output	0.001663	700	1853223	Bacteria;Balneolaeota;Balneolia;Balneolales;NA;NA;NA;
/home/glbrc.org/echiang3/Inulin_MetaG/kaiju/all_shortreads/I-S07.kaiju.output	0.001613	679	204458	Bacteria;Proteobacteria;Alphaproteobacteria;Caulobacterales;NA;NA;NA;
/home/glbrc.org/echiang3/Inulin_MetaG/kaiju/all_shortreads/I-S07.kaiju.output	0.001597	672	85010	Bacteria;Actinobacteria;Actinobacteria;Pseudonocardiales;NA;NA;NA;
/home/glbrc.org/echiang3/Inulin_MetaG/kaiju/all_shortreads/I-S07.kaiju.output	0.001461	615	1161	Bacteria;Cyanobacteria;NA;Nostocales;NA;NA;NA;
/home/glbrc.org/echiang3/Inulin_MetaG/kaiju/all_shortreads/I-S07.kaiju.output	0.001407	592	135618	Bacteria;Proteobacteria;Gammaproteobacteria;Methylococcales;NA;NA;NA;
/home/glbrc.org/echiang3/Inulin_MetaG/kaiju/all_shortreads/I-S07.kaiju.output	0.001400	589	1643688	Bacteria;Spirochaetes;Spirochaetia;Leptospirales;NA;NA;NA;
/home/glbrc.org/echiang3/Inulin_MetaG/kaiju/all_shortreads/I-S07.kaiju.output	0.001390	585	85012	Bacteria;Actinobacteria;Actinobacteria;Streptosporangiales;NA;NA;NA;
/home/glbrc.org/echiang3/Inulin_MetaG/kaiju/all_shortreads/I-S07.kaiju.output	0.001385	583	278082	Bacteria;Lentisphaerae;Lentisphaeria;Victivallales;NA;NA;NA;
/home/glbrc.org/echiang3/Inulin_MetaG/kaiju/all_shortreads/I-S07.kaiju.output	0.001316	554	213481	Bacteria;Proteobacteria;Oligoflexia;Bdellovibrionales;NA;NA;NA;
/home/glbrc.org/echiang3/Inulin_MetaG/kaiju/all_shortreads/I-S07.kaiju.output	0.001285	541	189778	Bacteria;Nitrospirae;Nitrospira;Nitrospirales;NA;NA;NA;
/home/glbrc.org/echiang3/Inulin_MetaG/kaiju/all_shortreads/I-S07.kaiju.output	0.001259	530	186332	Bacteria;Tenericutes;Mollicutes;Anaeroplasmatales;NA;NA;NA;
/home/glbrc.org/echiang3/Inulin_MetaG/kaiju/all_shortreads/I-S07.kaiju.output	0.001252	527	118969	Bacteria;Proteobacteria;Gammaproteobacteria;Legionellales;NA;NA;NA;
/home/glbrc.org/echiang3/Inulin_MetaG/kaiju/all_shortreads/I-S07.kaiju.output	0.001228	517	415001	Bacteria;Verrucomicrobia;Opitutae;Puniceicoccales;NA;NA;NA;
/home/glbrc.org/echiang3/Inulin_MetaG/kaiju/all_shortreads/I-S07.kaiju.output	0.001228	517	1643947	Bacteria;Thermotogae;Thermotogae;Petrotogales;NA;NA;NA;
/home/glbrc.org/echiang3/Inulin_MetaG/kaiju/all_shortreads/I-S07.kaiju.output	0.001195	503	118964	Bacteria;Deinococcus-Thermus;Deinococci;Deinococcales;NA;NA;NA;
/home/glbrc.org/echiang3/Inulin_MetaG/kaiju/all_shortreads/I-S07.kaiju.output	0.001143	481	85008	Bacteria;Actinobacteria;Actinobacteria;Micromonosporales;NA;NA;NA;
/home/glbrc.org/echiang3/Inulin_MetaG/kaiju/all_shortreads/I-S07.kaiju.output	0.001122	472	1118	Bacteria;Cyanobacteria;NA;Chroococcales;NA;NA;NA;
/home/glbrc.org/echiang3/Inulin_MetaG/kaiju/all_shortreads/I-S07.kaiju.output	0.001084	456	471822	Bacteria;NA;NA;Haloplasmatales;NA;NA;NA;
/home/glbrc.org/echiang3/Inulin_MetaG/kaiju/all_shortreads/I-S07.kaiju.output	0.001081	455	2419	Bacteria;Thermotogae;Thermotogae;Thermotogales;NA;NA;NA;
/home/glbrc.org/echiang3/Inulin_MetaG/kaiju/all_shortreads/I-S07.kaiju.output	0.001076	453	2691354	Bacteria;Planctomycetes;Planctomycetia;Pirellulales;NA;NA;NA;
/home/glbrc.org/echiang3/Inulin_MetaG/kaiju/all_shortreads/I-S07.kaiju.output	0.001017	428	191393	Bacteria;Deferribacteres;Deferribacteres;Deferribacterales;NA;NA;NA;
/home/glbrc.org/echiang3/Inulin_MetaG/kaiju/all_shortreads/I-S07.kaiju.output	0.000958	403	1127829	Bacteria;Planctomycetes;Candidatus Brocadiae;Candidatus Brocadiales;NA;NA;NA;
/home/glbrc.org/echiang3/Inulin_MetaG/kaiju/all_shortreads/I-S07.kaiju.output	0.000891	375	188710	Bacteria;Thermodesulfobacteria;Thermodesulfobacteria;Thermodesulfobacteriales;NA;NA;NA;
/home/glbrc.org/echiang3/Inulin_MetaG/kaiju/all_shortreads/I-S07.kaiju.output	0.000891	375	204433	Bacteria;Acidobacteria;Acidobacteriia;Acidobacteriales;NA;NA;NA;
/home/glbrc.org/echiang3/Inulin_MetaG/kaiju/all_shortreads/I-S07.kaiju.output	0.000886	373	388448	Bacteria;Chloroflexi;Ktedonobacteria;Ktedonobacterales;NA;NA;NA;
/home/glbrc.org/echiang3/Inulin_MetaG/kaiju/all_shortreads/I-S07.kaiju.output	0.000848	357	1240482	Bacteria;Proteobacteria;Gammaproteobacteria;Orbales;NA;NA;NA;
/home/glbrc.org/echiang3/Inulin_MetaG/kaiju/all_shortreads/I-S07.kaiju.output	0.000827	348	1921002	Bacteria;Proteobacteria;Alphaproteobacteria;Holosporales;NA;NA;NA;
/home/glbrc.org/echiang3/Inulin_MetaG/kaiju/all_shortreads/I-S07.kaiju.output	0.000760	320	54526	Bacteria;Proteobacteria;Alphaproteobacteria;Pelagibacterales;NA;NA;NA;
/home/glbrc.org/echiang3/Inulin_MetaG/kaiju/all_shortreads/I-S07.kaiju.output	0.000756	318	112	Bacteria;Planctomycetes;Planctomycetia;Planctomycetales;NA;NA;NA;
/home/glbrc.org/echiang3/Inulin_MetaG/kaiju/all_shortreads/I-S07.kaiju.output	0.000713	300	219686	Bacteria;Gemmatimonadetes;Gemmatimonadetes;Gemmatimonadales;NA;NA;NA;
/home/glbrc.org/echiang3/Inulin_MetaG/kaiju/all_shortreads/I-S07.kaiju.output	0.000658	277	1775403	Bacteria;Proteobacteria;Gammaproteobacteria;Nevskiales;NA;NA;NA;
/home/glbrc.org/echiang3/Inulin_MetaG/kaiju/all_shortreads/I-S07.kaiju.output	0.000637	268	5042	Eukaryota;Ascomycota;Eurotiomycetes;Eurotiales;NA;NA;NA;
/home/glbrc.org/echiang3/Inulin_MetaG/kaiju/all_shortreads/I-S07.kaiju.output	0.000625	263	32069	Bacteria;Aquificae;Aquificae;Aquificales;NA;NA;NA;
/home/glbrc.org/echiang3/Inulin_MetaG/kaiju/all_shortreads/I-S07.kaiju.output	0.000604	254	2682482	Eukaryota;Evosea;NA;Mastigamoebida;NA;NA;NA;
/home/glbrc.org/echiang3/Inulin_MetaG/kaiju/all_shortreads/I-S07.kaiju.output	0.000589	248	186328	Bacteria;Tenericutes;Mollicutes;Entomoplasmatales;NA;NA;NA;
/home/glbrc.org/echiang3/Inulin_MetaG/kaiju/all_shortreads/I-S07.kaiju.output	0.000582	245	68933	Bacteria;Deinococcus-Thermus;Deinococci;Thermales;NA;NA;NA;
/home/glbrc.org/echiang3/Inulin_MetaG/kaiju/all_shortreads/I-S07.kaiju.output	0.000558	235	4827	Eukaryota;Mucoromycota;Mucoromycetes;Mucorales;NA;NA;NA;
/home/glbrc.org/echiang3/Inulin_MetaG/kaiju/all_shortreads/I-S07.kaiju.output	0.000556	234	4892	Eukaryota;Ascomycota;Saccharomycetes;Saccharomycetales;NA;NA;NA;
/home/glbrc.org/echiang3/Inulin_MetaG/kaiju/all_shortreads/I-S07.kaiju.output	0.000544	229	32064	Bacteria;Chloroflexi;Chloroflexia;Chloroflexales;NA;NA;NA;
/home/glbrc.org/echiang3/Inulin_MetaG/kaiju/all_shortreads/I-S07.kaiju.output	0.000542	228	1853224	Bacteria;Rhodothermaeota;Rhodothermia;Rhodothermales;NA;NA;NA;
/home/glbrc.org/echiang3/Inulin_MetaG/kaiju/all_shortreads/I-S07.kaiju.output	0.000539	227	1921782	Bacteria;Kiritimatiellaeota;Kiritimatiellae;Kiritimatiellales;NA;NA;NA;
/home/glbrc.org/echiang3/Inulin_MetaG/kaiju/all_shortreads/I-S07.kaiju.output	0.000468	197	1963360	Bacteria;Chlamydiae;Chlamydiia;Parachlamydiales;NA;NA;NA;
/home/glbrc.org/echiang3/Inulin_MetaG/kaiju/all_shortreads/I-S07.kaiju.output	0.000463	195	36750	Eukaryota;Mucoromycota;Glomeromycetes;Glomerales;NA;NA;NA;
/home/glbrc.org/echiang3/Inulin_MetaG/kaiju/all_shortreads/I-S07.kaiju.output	0.000463	195	1485951	Bacteria;Aquificae;Aquificae;Desulfurobacteriales;NA;NA;NA;
/home/glbrc.org/echiang3/Inulin_MetaG/kaiju/all_shortreads/I-S07.kaiju.output	0.000449	189	84993	Bacteria;Actinobacteria;Acidimicrobiia;Acidimicrobiales;NA;NA;NA;
/home/glbrc.org/echiang3/Inulin_MetaG/kaiju/all_shortreads/I-S07.kaiju.output	0.000421	177	1783344	Bacteria;Elusimicrobia;Endomicrobia;Endomicrobiales;NA;NA;NA;
/home/glbrc.org/echiang3/Inulin_MetaG/kaiju/all_shortreads/I-S07.kaiju.output	0.000409	172	189769	Bacteria;Chrysiogenetes;Chrysiogenetes;Chrysiogenales;NA;NA;NA;
/home/glbrc.org/echiang3/Inulin_MetaG/kaiju/all_shortreads/I-S07.kaiju.output	0.000392	165	588673	Bacteria;Actinobacteria;Thermoleophilia;Solirubrobacterales;NA;NA;NA;
/home/glbrc.org/echiang3/Inulin_MetaG/kaiju/all_shortreads/I-S07.kaiju.output	0.000378	159	35087	Eukaryota;Apicomplexa;Conoidasida;Eugregarinorida;NA;NA;NA;
/home/glbrc.org/echiang3/Inulin_MetaG/kaiju/all_shortreads/I-S07.kaiju.output	0.000364	153	1643946	Bacteria;Thermotogae;Thermotogae;Kosmotogales;NA;NA;NA;
/home/glbrc.org/echiang3/Inulin_MetaG/kaiju/all_shortreads/I-S07.kaiju.output	0.000354	149	1100069	Bacteria;Bacteroidetes;NA;Bacteroidetes Order II. Incertae sedis;NA;NA;NA;
/home/glbrc.org/echiang3/Inulin_MetaG/kaiju/all_shortreads/I-S07.kaiju.output	0.000349	147	92860	Eukaryota;Ascomycota;Dothideomycetes;Pleosporales;NA;NA;NA;
/home/glbrc.org/echiang3/Inulin_MetaG/kaiju/all_shortreads/I-S07.kaiju.output	0.000347	146	225057	Bacteria;Proteobacteria;Acidithiobacillia;Acidithiobacillales;NA;NA;NA;
/home/glbrc.org/echiang3/Inulin_MetaG/kaiju/all_shortreads/I-S07.kaiju.output	0.000342	144	2301	Archaea;Euryarchaeota;Thermoplasmata;Thermoplasmatales;NA;NA;NA;
/home/glbrc.org/echiang3/Inulin_MetaG/kaiju/all_shortreads/I-S07.kaiju.output	0.000340	143	485256	Bacteria;Firmicutes;Clostridia;Natranaerobiales;NA;NA;NA;
/home/glbrc.org/echiang3/Inulin_MetaG/kaiju/all_shortreads/I-S07.kaiju.output	0.000337	142	1962852	Bacteria;Calditrichaeota;Calditrichae;Calditrichales;NA;NA;NA;
/home/glbrc.org/echiang3/Inulin_MetaG/kaiju/all_shortreads/I-S07.kaiju.output	0.000335	141	453227	Bacteria;Proteobacteria;Deltaproteobacteria;Desulfarculales;NA;NA;NA;
/home/glbrc.org/echiang3/Inulin_MetaG/kaiju/all_shortreads/I-S07.kaiju.output	0.000328	138	5178	Eukaryota;Ascomycota;Leotiomycetes;Helotiales;NA;NA;NA;
/home/glbrc.org/echiang3/Inulin_MetaG/kaiju/all_shortreads/I-S07.kaiju.output	0.000316	133	235899	Bacteria;Proteobacteria;Epsilonproteobacteria;Nautiliales;NA;NA;NA;
/home/glbrc.org/echiang3/Inulin_MetaG/kaiju/all_shortreads/I-S07.kaiju.output	0.000316	133	475963	Bacteria;Chloroflexi;Caldilineae;Caldilineales;NA;NA;NA;
/home/glbrc.org/echiang3/Inulin_MetaG/kaiju/all_shortreads/I-S07.kaiju.output	0.000304	128	255473	Bacteria;Proteobacteria;Alphaproteobacteria;Parvularculales;NA;NA;NA;
/home/glbrc.org/echiang3/Inulin_MetaG/kaiju/all_shortreads/I-S07.kaiju.output	0.000288	121	2024979	Bacteria;Proteobacteria;Oligoflexia;Bacteriovoracales;NA;NA;NA;
/home/glbrc.org/echiang3/Inulin_MetaG/kaiju/all_shortreads/I-S07.kaiju.output	0.000280	118	666506	Bacteria;Planctomycetes;Phycisphaerae;Phycisphaerales;NA;NA;NA;
/home/glbrc.org/echiang3/Inulin_MetaG/kaiju/all_shortreads/I-S07.kaiju.output	0.000280	118	2483366	Bacteria;Planctomycetes;Phycisphaerae;Sedimentisphaerales;NA;NA;NA;
/home/glbrc.org/echiang3/Inulin_MetaG/kaiju/all_shortreads/I-S07.kaiju.output	0.000278	117	1924738	Eukaryota;NA;Choanoflagellata;Craspedida;NA;NA;NA;
/home/glbrc.org/echiang3/Inulin_MetaG/kaiju/all_shortreads/I-S07.kaiju.output	0.000273	115	1191478	Bacteria;Proteobacteria;Alphaproteobacteria;Magnetococcales;NA;NA;NA;
/home/glbrc.org/echiang3/Inulin_MetaG/kaiju/all_shortreads/I-S07.kaiju.output	0.000271	114	35460	Eukaryota;Chlorophyta;Trebouxiophyceae;Chlorellales;NA;NA;NA;
/home/glbrc.org/echiang3/Inulin_MetaG/kaiju/all_shortreads/I-S07.kaiju.output	0.000269	113	213113	Bacteria;Proteobacteria;Deltaproteobacteria;Desulfurellales;NA;NA;NA;
/home/glbrc.org/echiang3/Inulin_MetaG/kaiju/all_shortreads/I-S07.kaiju.output	0.000269	113	2704949	Eukaryota;Euglenozoa;Kinetoplastea;Trypanosomatida;NA;NA;NA;
/home/glbrc.org/echiang3/Inulin_MetaG/kaiju/all_shortreads/I-S07.kaiju.output	0.000266	112	85013	Bacteria;Actinobacteria;Actinobacteria;Frankiales;NA;NA;NA;
/home/glbrc.org/echiang3/Inulin_MetaG/kaiju/all_shortreads/I-S07.kaiju.output	0.000266	112	119069	Bacteria;Proteobacteria;Hydrogenophilalia;Hydrogenophilales;NA;NA;NA;
/home/glbrc.org/echiang3/Inulin_MetaG/kaiju/all_shortreads/I-S07.kaiju.output	0.000266	112	2498707	Bacteria;Candidatus Cryosericota;Candidatus Cryosericia;Candidatus Cryosericales;NA;NA;NA;
/home/glbrc.org/echiang3/Inulin_MetaG/kaiju/all_shortreads/I-S07.kaiju.output	0.000264	111	2507543	Bacteria;Candidatus Margulisbacteria;Candidatus Termititenacia;Candidatus Termititenacales;NA;NA;NA;
/home/glbrc.org/echiang3/Inulin_MetaG/kaiju/all_shortreads/I-S07.kaiju.output	0.000259	109	2235	Archaea;Euryarchaeota;Halobacteria;Halobacteriales;NA;NA;NA;
/home/glbrc.org/echiang3/Inulin_MetaG/kaiju/all_shortreads/I-S07.kaiju.output	0.000252	106	1643682	Bacteria;Actinobacteria;Actinobacteria;Geodermatophilales;NA;NA;NA;
/home/glbrc.org/echiang3/Inulin_MetaG/kaiju/all_shortreads/I-S07.kaiju.output	0.000252	106	1779134	Bacteria;Proteobacteria;Deltaproteobacteria;Bradymonadales;NA;NA;NA;
/home/glbrc.org/echiang3/Inulin_MetaG/kaiju/all_shortreads/I-S07.kaiju.output	0.000235	99	85014	Bacteria;Actinobacteria;Actinobacteria;Glycomycetales;NA;NA;NA;
/home/glbrc.org/echiang3/Inulin_MetaG/kaiju/all_shortreads/I-S07.kaiju.output	0.000235	99	203487	Bacteria;Dictyoglomi;Dictyoglomia;Dictyoglomales;NA;NA;NA;
/home/glbrc.org/echiang3/Inulin_MetaG/kaiju/all_shortreads/I-S07.kaiju.output	0.000233	98	1217098	Bacteria;Actinobacteria;Actinobacteria;Jiangellales;NA;NA;NA;
/home/glbrc.org/echiang3/Inulin_MetaG/kaiju/all_shortreads/I-S07.kaiju.output	0.000228	96	2691356	Bacteria;Planctomycetes;Planctomycetia;Isosphaerales;NA;NA;NA;
/home/glbrc.org/echiang3/Inulin_MetaG/kaiju/all_shortreads/I-S07.kaiju.output	0.000223	94	1836787	Bacteria;Verrucomicrobia;Spartobacteria;Chthoniobacterales;NA;NA;NA;
/home/glbrc.org/echiang3/Inulin_MetaG/kaiju/all_shortreads/I-S07.kaiju.output	0.000219	92	37989	Eukaryota;Ascomycota;Sordariomycetes;Xylariales;NA;NA;NA;
/home/glbrc.org/echiang3/Inulin_MetaG/kaiju/all_shortreads/I-S07.kaiju.output	0.000219	92	1077263	Bacteria;Armatimonadetes;Chthonomonadetes;Chthonomonadales;NA;NA;NA;
/home/glbrc.org/echiang3/Inulin_MetaG/kaiju/all_shortreads/I-S07.kaiju.output	0.000216	91	3042	Eukaryota;Chlorophyta;Chlorophyceae;Chlamydomonadales;NA;NA;NA;
/home/glbrc.org/echiang3/Inulin_MetaG/kaiju/all_shortreads/I-S07.kaiju.output	0.000216	91	84996	Bacteria;Actinobacteria;Rubrobacteria;Rubrobacterales;NA;NA;NA;
/home/glbrc.org/echiang3/Inulin_MetaG/kaiju/all_shortreads/I-S07.kaiju.output	0.000216	91	278081	Bacteria;Lentisphaerae;Lentisphaeria;Lentisphaerales;NA;NA;NA;
/home/glbrc.org/echiang3/Inulin_MetaG/kaiju/all_shortreads/I-S07.kaiju.output	0.000207	87	597358	Bacteria;Proteobacteria;Alphaproteobacteria;Kiloniellales;NA;NA;NA;
/home/glbrc.org/echiang3/Inulin_MetaG/kaiju/all_shortreads/I-S07.kaiju.output	0.000200	84	332160	Bacteria;Acidobacteria;Acidobacteriia;Bryobacterales;NA;NA;NA;
/home/glbrc.org/echiang3/Inulin_MetaG/kaiju/all_shortreads/I-S07.kaiju.output	0.000195	82	5338	Eukaryota;Basidiomycota;Agaricomycetes;Agaricales;NA;NA;NA;
/home/glbrc.org/echiang3/Inulin_MetaG/kaiju/all_shortreads/I-S07.kaiju.output	0.000195	82	1860137	Bacteria;Fibrobacteres;Chitinispirillia;Chitinispirillales;NA;NA;NA;
/home/glbrc.org/echiang3/Inulin_MetaG/kaiju/all_shortreads/I-S07.kaiju.output	0.000192	81	5125	Eukaryota;Ascomycota;Sordariomycetes;Hypocreales;NA;NA;NA;
/home/glbrc.org/echiang3/Inulin_MetaG/kaiju/all_shortreads/I-S07.kaiju.output	0.000188	79	4763	Eukaryota;NA;Oomycota;Saprolegniales;NA;NA;NA;
/home/glbrc.org/echiang3/Inulin_MetaG/kaiju/all_shortreads/I-S07.kaiju.output	0.000185	78	33651	Eukaryota;NA;Bigyra;Bicosoecida;NA;NA;NA;
/home/glbrc.org/echiang3/Inulin_MetaG/kaiju/all_shortreads/I-S07.kaiju.output	0.000185	78	2066490	Bacteria;Proteobacteria;Alphaproteobacteria;Emcibacterales;NA;NA;NA;
/home/glbrc.org/echiang3/Inulin_MetaG/kaiju/all_shortreads/I-S07.kaiju.output	0.000185	78	2691355	Bacteria;Planctomycetes;Planctomycetia;Gemmatales;NA;NA;NA;
/home/glbrc.org/echiang3/Inulin_MetaG/kaiju/all_shortreads/I-S07.kaiju.output	0.000181	76	580371	Bacteria;Proteobacteria;Zetaproteobacteria;Mariprofundales;NA;NA;NA;
/home/glbrc.org/echiang3/Inulin_MetaG/kaiju/all_shortreads/I-S07.kaiju.output	0.000178	75	742030	Bacteria;Proteobacteria;Gammaproteobacteria;Salinisphaerales;NA;NA;NA;
/home/glbrc.org/echiang3/Inulin_MetaG/kaiju/all_shortreads/I-S07.kaiju.output	0.000176	74	693921	Eukaryota;Ciliophora;Spirotrichea;Sporadotrichida;NA;NA;NA;
/home/glbrc.org/echiang3/Inulin_MetaG/kaiju/all_shortreads/I-S07.kaiju.output	0.000173	73	510684	Bacteria;Proteobacteria;Alphaproteobacteria;Sneathiellales;NA;NA;NA;
/home/glbrc.org/echiang3/Inulin_MetaG/kaiju/all_shortreads/I-S07.kaiju.output	0.000171	72	135615	Bacteria;Proteobacteria;Gammaproteobacteria;Cardiobacteriales;NA;NA;NA;
/home/glbrc.org/echiang3/Inulin_MetaG/kaiju/all_shortreads/I-S07.kaiju.output	0.000169	71	2058949	Eukaryota;Evosea;Eumycetozoa;Dictyosteliales;NA;NA;NA;
/home/glbrc.org/echiang3/Inulin_MetaG/kaiju/all_shortreads/I-S07.kaiju.output	0.000159	67	89954	Eukaryota;NA;Dinophyceae;Suessiales;NA;NA;NA;
/home/glbrc.org/echiang3/Inulin_MetaG/kaiju/all_shortreads/I-S07.kaiju.output	0.000159	67	362534	Bacteria;Proteobacteria;Alphaproteobacteria;Kordiimonadales;NA;NA;NA;
/home/glbrc.org/echiang3/Inulin_MetaG/kaiju/all_shortreads/I-S07.kaiju.output	0.000157	66	52604	Bacteria;Cyanobacteria;NA;Pleurocapsales;NA;NA;NA;
/home/glbrc.org/echiang3/Inulin_MetaG/kaiju/all_shortreads/I-S07.kaiju.output	0.000154	65	2182	Archaea;Euryarchaeota;Methanococci;Methanococcales;NA;NA;NA;
/home/glbrc.org/echiang3/Inulin_MetaG/kaiju/all_shortreads/I-S07.kaiju.output	0.000150	63	2258	Archaea;Euryarchaeota;Thermococci;Thermococcales;NA;NA;NA;
/home/glbrc.org/echiang3/Inulin_MetaG/kaiju/all_shortreads/I-S07.kaiju.output	0.000147	62	34395	Eukaryota;Ascomycota;Eurotiomycetes;Chaetothyriales;NA;NA;NA;
/home/glbrc.org/echiang3/Inulin_MetaG/kaiju/all_shortreads/I-S07.kaiju.output	0.000147	62	1705611	Eukaryota;Rhodophyta;Florideophyceae;Hapalidiales;NA;NA;NA;
/home/glbrc.org/echiang3/Inulin_MetaG/kaiju/all_shortreads/I-S07.kaiju.output	0.000147	62	2507901	Eukaryota;Chlorophyta;Trebouxiophyceae;Trebouxiales;NA;NA;NA;
/home/glbrc.org/echiang3/Inulin_MetaG/kaiju/all_shortreads/I-S07.kaiju.output	0.000147	62	2597219	Bacteria;Proteobacteria;Deltaproteobacteria;Candidatus Acidulodesulfobacterales;NA;NA;NA;
/home/glbrc.org/echiang3/Inulin_MetaG/kaiju/all_shortreads/I-S07.kaiju.output	0.000145	61	2494207	Bacteria;Armatimonadetes;Armatimonadia;Capsulimonadales;NA;NA;NA;
/home/glbrc.org/echiang3/Inulin_MetaG/kaiju/all_shortreads/I-S07.kaiju.output	0.000143	60	574975	Bacteria;Acidobacteria;Holophagae;Holophagales;NA;NA;NA;
/home/glbrc.org/echiang3/Inulin_MetaG/kaiju/all_shortreads/I-S07.kaiju.output	0.000143	60	2024973	Bacteria;Proteobacteria;Oligoflexia;Silvanigrellales;NA;NA;NA;
/home/glbrc.org/echiang3/Inulin_MetaG/kaiju/all_shortreads/I-S07.kaiju.output	0.000135	57	134362	Eukaryota;Ascomycota;Dothideomycetes;Capnodiales;NA;NA;NA;
/home/glbrc.org/echiang3/Inulin_MetaG/kaiju/all_shortreads/I-S07.kaiju.output	0.000131	55	693072	Bacteria;Caldiserica;Caldisericia;Caldisericales;NA;NA;NA;
/home/glbrc.org/echiang3/Inulin_MetaG/kaiju/all_shortreads/I-S07.kaiju.output	0.000128	54	5303	Eukaryota;Basidiomycota;Agaricomycetes;Polyporales;NA;NA;NA;
/home/glbrc.org/echiang3/Inulin_MetaG/kaiju/all_shortreads/I-S07.kaiju.output	0.000128	54	61421	Eukaryota;Zoopagomycota;Harpellomycetes;Harpellales;NA;NA;NA;
/home/glbrc.org/echiang3/Inulin_MetaG/kaiju/all_shortreads/I-S07.kaiju.output	0.000128	54	1293499	Bacteria;Nitrospinae;Nitrospinia;Nitrospinales;NA;NA;NA;
/home/glbrc.org/echiang3/Inulin_MetaG/kaiju/all_shortreads/I-S07.kaiju.output	0.000126	53	570264	Archaea;Euryarchaeota;Methanomicrobia;Methanocellales;NA;NA;NA;
/home/glbrc.org/echiang3/Inulin_MetaG/kaiju/all_shortreads/I-S07.kaiju.output	0.000126	53	622452	Bacteria;Actinobacteria;Actinobacteria;Kineosporiales;NA;NA;NA;
/home/glbrc.org/echiang3/Inulin_MetaG/kaiju/all_shortreads/I-S07.kaiju.output	0.000124	52	285692	Eukaryota;Parabasalia;NA;Trichonymphida;NA;NA;NA;
/home/glbrc.org/echiang3/Inulin_MetaG/kaiju/all_shortreads/I-S07.kaiju.output	0.000121	51	717963	Bacteria;Verrucomicrobia;Methylacidiphilae;Methylacidiphilales;NA;NA;NA;
/home/glbrc.org/echiang3/Inulin_MetaG/kaiju/all_shortreads/I-S07.kaiju.output	0.000114	48	75739	Eukaryota;Apicomplexa;Conoidasida;Eucoccidiorida;NA;NA;NA;
/home/glbrc.org/echiang3/Inulin_MetaG/kaiju/all_shortreads/I-S07.kaiju.output	0.000114	48	1769716	Bacteria;Thermotogae;Thermotogae;Mesoaciditogales;NA;NA;NA;
/home/glbrc.org/echiang3/Inulin_MetaG/kaiju/all_shortreads/I-S07.kaiju.output	0.000112	47	1382929	Bacteria;Chloroflexi;Ardenticatenia;Ardenticatenales;NA;NA;NA;
/home/glbrc.org/echiang3/Inulin_MetaG/kaiju/all_shortreads/I-S07.kaiju.output	0.000109	46	33847	Eukaryota;Bacillariophyta;Coscinodiscophyceae;Thalassiosirales;NA;NA;NA;
/home/glbrc.org/echiang3/Inulin_MetaG/kaiju/all_shortreads/I-S07.kaiju.output	0.000109	46	214509	Eukaryota;Mucoromycota;Glomeromycetes;Diversisporales;NA;NA;NA;
/home/glbrc.org/echiang3/Inulin_MetaG/kaiju/all_shortreads/I-S07.kaiju.output	0.000107	45	42740	Eukaryota;NA;Bigyra;Opalinata;NA;NA;NA;
/home/glbrc.org/echiang3/Inulin_MetaG/kaiju/all_shortreads/I-S07.kaiju.output	0.000107	45	2495577	Bacteria;Actinobacteria;Actinobacteria;Cryptosporangiales;NA;NA;NA;
/home/glbrc.org/echiang3/Inulin_MetaG/kaiju/all_shortreads/I-S07.kaiju.output	0.000102	43	35491	Eukaryota;Chlorophyta;Chlorophyceae;Sphaeropleales;NA;NA;NA;
/home/glbrc.org/echiang3/Inulin_MetaG/kaiju/all_shortreads/I-S07.kaiju.output	0.000102	43	1644055	Archaea;Euryarchaeota;Halobacteria;Haloferacales;NA;NA;NA;
/home/glbrc.org/echiang3/Inulin_MetaG/kaiju/all_shortreads/I-S07.kaiju.output	0.000100	42	85001	Bacteria;Chloroflexi;Thermomicrobia;Sphaerobacterales;NA;NA;NA;
/home/glbrc.org/echiang3/Inulin_MetaG/kaiju/all_shortreads/I-S07.kaiju.output	0.000097	41	5819	Eukaryota;Apicomplexa;Aconoidasida;Haemosporida;NA;NA;NA;
/home/glbrc.org/echiang3/Inulin_MetaG/kaiju/all_shortreads/I-S07.kaiju.output	0.000097	41	13792	Eukaryota;Chlorophyta;Mamiellophyceae;Mamiellales;NA;NA;NA;
/home/glbrc.org/echiang3/Inulin_MetaG/kaiju/all_shortreads/I-S07.kaiju.output	0.000095	40	4776	Eukaryota;NA;Oomycota;Peronosporales;NA;NA;NA;
/home/glbrc.org/echiang3/Inulin_MetaG/kaiju/all_shortreads/I-S07.kaiju.output	0.000095	40	589342	Eukaryota;NA;Cryptophyceae;Pyrenomonadales;NA;NA;NA;
/home/glbrc.org/echiang3/Inulin_MetaG/kaiju/all_shortreads/I-S07.kaiju.output	0.000095	40	2681888	Eukaryota;Evosea;Variosea;Cavosteliida;NA;NA;NA;
/home/glbrc.org/echiang3/Inulin_MetaG/kaiju/all_shortreads/I-S07.kaiju.output	0.000093	39	1676649	Bacteria;Firmicutes;Limnochordia;Limnochordales;NA;NA;NA;
/home/glbrc.org/echiang3/Inulin_MetaG/kaiju/all_shortreads/I-S07.kaiju.output	0.000090	38	2138246	Bacteria;Coprothermobacterota;Coprothermobacteria;Coprothermobacterales;NA;NA;NA;
/home/glbrc.org/echiang3/Inulin_MetaG/kaiju/all_shortreads/I-S07.kaiju.output	0.000088	37	28997	Eukaryota;Basidiomycota;Dacrymycetes;Dacrymycetales;NA;NA;NA;
/home/glbrc.org/echiang3/Inulin_MetaG/kaiju/all_shortreads/I-S07.kaiju.output	0.000088	37	31277	Eukaryota;Ciliophora;Oligohymenophorea;Hymenostomatida;NA;NA;NA;
/home/glbrc.org/echiang3/Inulin_MetaG/kaiju/all_shortreads/I-S07.kaiju.output	0.000088	37	1553901	Bacteria;Proteobacteria;Oligoflexia;Oligoflexales;NA;NA;NA;
/home/glbrc.org/echiang3/Inulin_MetaG/kaiju/all_shortreads/I-S07.kaiju.output	0.000086	36	768667	Bacteria;Chloroflexi;Ktedonobacteria;Thermogemmatisporales;NA;NA;NA;
/home/glbrc.org/echiang3/Inulin_MetaG/kaiju/all_shortreads/I-S07.kaiju.output	0.000078	33	4810	Eukaryota;Chytridiomycota;Chytridiomycetes;Chytridiales;NA;NA;NA;
/home/glbrc.org/echiang3/Inulin_MetaG/kaiju/all_shortreads/I-S07.kaiju.output	0.000078	33	1643687	Bacteria;Spirochaetes;Spirochaetia;Brevinematales;NA;NA;NA;
/home/glbrc.org/echiang3/Inulin_MetaG/kaiju/all_shortreads/I-S07.kaiju.output	0.000076	32	265318	Eukaryota;Rhodophyta;Bangiophyceae;Cyanidiales;NA;NA;NA;
/home/glbrc.org/echiang3/Inulin_MetaG/kaiju/all_shortreads/I-S07.kaiju.output	0.000076	32	307595	Bacteria;Cyanobacteria;Gloeobacteria;Gloeobacterales;NA;NA;NA;
/home/glbrc.org/echiang3/Inulin_MetaG/kaiju/all_shortreads/I-S07.kaiju.output	0.000074	31	31468	Eukaryota;Rhodophyta;Florideophyceae;Gracilariales;NA;NA;NA;
/home/glbrc.org/echiang3/Inulin_MetaG/kaiju/all_shortreads/I-S07.kaiju.output	0.000074	31	121069	Eukaryota;NA;Oomycota;Pythiales;NA;NA;NA;
/home/glbrc.org/echiang3/Inulin_MetaG/kaiju/all_shortreads/I-S07.kaiju.output	0.000074	31	1442155	Bacteria;Proteobacteria;Betaproteobacteria;Ferrovales;NA;NA;NA;
/home/glbrc.org/echiang3/Inulin_MetaG/kaiju/all_shortreads/I-S07.kaiju.output	0.000074	31	1803511	Archaea;Candidatus Altiarchaeota;NA;Candidatus Altiarchaeales;NA;NA;NA;
/home/glbrc.org/echiang3/Inulin_MetaG/kaiju/all_shortreads/I-S07.kaiju.output	0.000071	30	189772	Bacteria;Chloroflexi;Chloroflexia;Herpetosiphonales;NA;NA;NA;
/home/glbrc.org/echiang3/Inulin_MetaG/kaiju/all_shortreads/I-S07.kaiju.output	0.000067	28	5267	Eukaryota;Basidiomycota;Ustilaginomycetes;Ustilaginales;NA;NA;NA;
/home/glbrc.org/echiang3/Inulin_MetaG/kaiju/all_shortreads/I-S07.kaiju.output	0.000067	28	622450	Bacteria;Actinobacteria;Actinobacteria;Actinopolysporales;NA;NA;NA;
/home/glbrc.org/echiang3/Inulin_MetaG/kaiju/all_shortreads/I-S07.kaiju.output	0.000067	28	1485168	Eukaryota;Discosea;NA;Longamoebia;NA;NA;NA;
/home/glbrc.org/echiang3/Inulin_MetaG/kaiju/all_shortreads/I-S07.kaiju.output	0.000067	28	1692040	Bacteria;Proteobacteria;Gammaproteobacteria;Acidiferrobacterales;NA;NA;NA;
/home/glbrc.org/echiang3/Inulin_MetaG/kaiju/all_shortreads/I-S07.kaiju.output	0.000064	27	73028	Eukaryota;Haptista;Haptophyta;Prymnesiales;NA;NA;NA;
/home/glbrc.org/echiang3/Inulin_MetaG/kaiju/all_shortreads/I-S07.kaiju.output	0.000064	27	1028384	Eukaryota;Ascomycota;Sordariomycetes;Glomerellales;NA;NA;NA;
/home/glbrc.org/echiang3/Inulin_MetaG/kaiju/all_shortreads/I-S07.kaiju.output	0.000064	27	1748771	Bacteria;Acidobacteria;Blastocatellia;Blastocatellales;NA;NA;NA;
/home/glbrc.org/echiang3/Inulin_MetaG/kaiju/all_shortreads/I-S07.kaiju.output	0.000062	26	33825	Eukaryota;Ciliophora;Oligohymenophorea;Peniculida;NA;NA;NA;
/home/glbrc.org/echiang3/Inulin_MetaG/kaiju/all_shortreads/I-S07.kaiju.output	0.000062	26	34478	Eukaryota;Chytridiomycota;Chytridiomycetes;Spizellomycetales;NA;NA;NA;
/home/glbrc.org/echiang3/Inulin_MetaG/kaiju/all_shortreads/I-S07.kaiju.output	0.000059	25	5139	Eukaryota;Ascomycota;Sordariomycetes;Sordariales;NA;NA;NA;
/home/glbrc.org/echiang3/Inulin_MetaG/kaiju/all_shortreads/I-S07.kaiju.output	0.000059	25	5957	Eukaryota;Ciliophora;Heterotrichea;Heterotrichida;NA;NA;NA;
/home/glbrc.org/echiang3/Inulin_MetaG/kaiju/all_shortreads/I-S07.kaiju.output	0.000059	25	27998	Eukaryota;Perkinsozoa;NA;Perkinsida;NA;NA;NA;
/home/glbrc.org/echiang3/Inulin_MetaG/kaiju/all_shortreads/I-S07.kaiju.output	0.000059	25	1505233	Bacteria;Fibrobacteres;Chitinivibrionia;Chitinivibrionales;NA;NA;NA;
/home/glbrc.org/echiang3/Inulin_MetaG/kaiju/all_shortreads/I-S07.kaiju.output	0.000059	25	1508535	Bacteria;Chloroflexi;Chloroflexia;Kallotenuales;NA;NA;NA;
/home/glbrc.org/echiang3/Inulin_MetaG/kaiju/all_shortreads/I-S07.kaiju.output	0.000057	24	5863	Eukaryota;Apicomplexa;Aconoidasida;Piroplasmida;NA;NA;NA;
/home/glbrc.org/echiang3/Inulin_MetaG/kaiju/all_shortreads/I-S07.kaiju.output	0.000057	24	198613	Eukaryota;Ciliophora;Oligohymenophorea;Philasterida;NA;NA;NA;
/home/glbrc.org/echiang3/Inulin_MetaG/kaiju/all_shortreads/I-S07.kaiju.output	0.000055	23	5258	Eukaryota;Basidiomycota;Pucciniomycetes;Pucciniales;NA;NA;NA;
/home/glbrc.org/echiang3/Inulin_MetaG/kaiju/all_shortreads/I-S07.kaiju.output	0.000055	23	33851	Eukaryota;Bacillariophyta;Bacillariophyceae;Bacillariales;NA;NA;NA;
/home/glbrc.org/echiang3/Inulin_MetaG/kaiju/all_shortreads/I-S07.kaiju.output	0.000055	23	1663425	Bacteria;Armatimonadetes;Fimbriimonadia;Fimbriimonadales;NA;NA;NA;
/home/glbrc.org/echiang3/Inulin_MetaG/kaiju/all_shortreads/I-S07.kaiju.output	0.000055	23	2058181	Eukaryota;Evosea;Eumycetozoa;Acytosteliales;NA;NA;NA;
/home/glbrc.org/echiang3/Inulin_MetaG/kaiju/all_shortreads/I-S07.kaiju.output	0.000052	22	54409	Eukaryota;NA;Pelagophyceae;Pelagomonadales;NA;NA;NA;
/home/glbrc.org/echiang3/Inulin_MetaG/kaiju/all_shortreads/I-S07.kaiju.output	0.000052	22	2109260	Bacteria;Abditibacteriota;Abditibacteria;Abditibacteriales;NA;NA;NA;
/home/glbrc.org/echiang3/Inulin_MetaG/kaiju/all_shortreads/I-S07.kaiju.output	0.000050	21	214503	Eukaryota;Mucoromycota;Mortierellomycetes;Mortierellales;NA;NA;NA;
/home/glbrc.org/echiang3/Inulin_MetaG/kaiju/all_shortreads/I-S07.kaiju.output	0.000050	21	425074	Eukaryota;NA;Eustigmatophyceae;Eustigmatales;NA;NA;NA;
/home/glbrc.org/echiang3/Inulin_MetaG/kaiju/all_shortreads/I-S07.kaiju.output	0.000050	21	1644060	Archaea;Euryarchaeota;Halobacteria;Natrialbales;NA;NA;NA;
/home/glbrc.org/echiang3/Inulin_MetaG/kaiju/all_shortreads/I-S07.kaiju.output	0.000048	20	133814	Archaea;Euryarchaeota;Candidatus Poseidoniia;Candidatus Poseidoniales;NA;NA;NA;
/home/glbrc.org/echiang3/Inulin_MetaG/kaiju/all_shortreads/I-S07.kaiju.output	0.000048	20	431958	Eukaryota;Basidiomycota;Wallemiomycetes;Wallemiales;NA;NA;NA;
/home/glbrc.org/echiang3/Inulin_MetaG/kaiju/all_shortreads/I-S07.kaiju.output	0.000048	20	596497	Bacteria;Actinobacteria;Nitriliruptoria;Nitriliruptorales;NA;NA;NA;
/home/glbrc.org/echiang3/Inulin_MetaG/kaiju/all_shortreads/I-S07.kaiju.output	0.000048	20	2231171	Eukaryota;Chytridiomycota;Chytridiomycetes;Synchytriales;NA;NA;NA;
/home/glbrc.org/echiang3/Inulin_MetaG/kaiju/all_shortreads/I-S07.kaiju.output	0.000048	20	2302912	Eukaryota;Chlorophyta;Chloropicophyceae;Chloropicales;NA;NA;NA;
/home/glbrc.org/echiang3/Inulin_MetaG/kaiju/all_shortreads/I-S07.kaiju.output	0.000045	19	282338	Eukaryota;Rhodophyta;Stylonematophyceae;Stylonematales;NA;NA;NA;
/home/glbrc.org/echiang3/Inulin_MetaG/kaiju/all_shortreads/I-S07.kaiju.output	0.000045	19	1890443	Bacteria;Cyanobacteria;NA;Spirulinales;NA;NA;NA;
/home/glbrc.org/echiang3/Inulin_MetaG/kaiju/all_shortreads/I-S07.kaiju.output	0.000043	18	2231	Archaea;Euryarchaeota;Archaeoglobi;Archaeoglobales;NA;NA;NA;
/home/glbrc.org/echiang3/Inulin_MetaG/kaiju/all_shortreads/I-S07.kaiju.output	0.000043	18	2798	Eukaryota;Rhodophyta;Bangiophyceae;Porphyridiales;NA;NA;NA;
/home/glbrc.org/echiang3/Inulin_MetaG/kaiju/all_shortreads/I-S07.kaiju.output	0.000043	18	4861	Eukaryota;Zoopagomycota;Kickxellomycetes;Kickxellales;NA;NA;NA;
/home/glbrc.org/echiang3/Inulin_MetaG/kaiju/all_shortreads/I-S07.kaiju.output	0.000043	18	740984	Eukaryota;Parabasalia;NA;Hypotrichomonadida;NA;NA;NA;
/home/glbrc.org/echiang3/Inulin_MetaG/kaiju/all_shortreads/I-S07.kaiju.output	0.000043	18	2703812	Bacteria;Candidatus Mcinerneyibacteriota;Candidatus Mcinerneyibacteria;Candidatus Mcinerneyibacteriales;NA;NA;NA;
/home/glbrc.org/echiang3/Inulin_MetaG/kaiju/all_shortreads/I-S07.kaiju.output	0.000040	17	114380	Archaea;Crenarchaeota;Thermoprotei;Desulfurococcales;NA;NA;NA;
/home/glbrc.org/echiang3/Inulin_MetaG/kaiju/all_shortreads/I-S07.kaiju.output	0.000040	17	1154584	Bacteria;Actinobacteria;Rubrobacteria;Gaiellales;NA;NA;NA;
/home/glbrc.org/echiang3/Inulin_MetaG/kaiju/all_shortreads/I-S07.kaiju.output	0.000038	16	62914	Eukaryota;Basidiomycota;Exobasidiomycetes;Entylomatales;NA;NA;NA;
/home/glbrc.org/echiang3/Inulin_MetaG/kaiju/all_shortreads/I-S07.kaiju.output	0.000038	16	68889	Eukaryota;Basidiomycota;Agaricomycetes;Boletales;NA;NA;NA;
/home/glbrc.org/echiang3/Inulin_MetaG/kaiju/all_shortreads/I-S07.kaiju.output	0.000038	16	908621	Bacteria;Actinobacteria;Nitriliruptoria;Euzebyales;NA;NA;NA;
/home/glbrc.org/echiang3/Inulin_MetaG/kaiju/all_shortreads/I-S07.kaiju.output	0.000038	16	1643684	Bacteria;Actinobacteria;Actinobacteria;Nakamurellales;NA;NA;NA;
/home/glbrc.org/echiang3/Inulin_MetaG/kaiju/all_shortreads/I-S07.kaiju.output	0.000038	16	1747768	Bacteria;Actinobacteria;Nitriliruptoria;Egibacterales;NA;NA;NA;
/home/glbrc.org/echiang3/Inulin_MetaG/kaiju/all_shortreads/I-S07.kaiju.output	0.000036	15	38748	Eukaryota;Bacillariophyta;Bacillariophyceae;Naviculales;NA;NA;NA;
/home/glbrc.org/echiang3/Inulin_MetaG/kaiju/all_shortreads/I-S07.kaiju.output	0.000036	15	297313	Eukaryota;Basidiomycota;Agaricomycetes;Sebacinales;NA;NA;NA;
/home/glbrc.org/echiang3/Inulin_MetaG/kaiju/all_shortreads/I-S07.kaiju.output	0.000036	15	370421	Eukaryota;NA;Oomycota;Albuginales;NA;NA;NA;
/home/glbrc.org/echiang3/Inulin_MetaG/kaiju/all_shortreads/I-S07.kaiju.output	0.000036	15	414714	Bacteria;Actinobacteria;Actinobacteria;Catenulisporales;NA;NA;NA;
/home/glbrc.org/echiang3/Inulin_MetaG/kaiju/all_shortreads/I-S07.kaiju.output	0.000036	15	1389450	Bacteria;Actinobacteria;Actinobacteria;Candidatus Actinomarinales;NA;NA;NA;
/home/glbrc.org/echiang3/Inulin_MetaG/kaiju/all_shortreads/I-S07.kaiju.output	0.000036	15	2545689	Archaea;Euryarchaeota;Candidatus Methanoliparia;Candidatus Methanoliparales;NA;NA;NA;
/home/glbrc.org/echiang3/Inulin_MetaG/kaiju/all_shortreads/I-S07.kaiju.output	0.000033	14	4805	Eukaryota;Blastocladiomycota;Blastocladiomycetes;Blastocladiales;NA;NA;NA;
/home/glbrc.org/echiang3/Inulin_MetaG/kaiju/all_shortreads/I-S07.kaiju.output	0.000033	14	5185	Eukaryota;Ascomycota;Pezizomycetes;Pezizales;NA;NA;NA;
/home/glbrc.org/echiang3/Inulin_MetaG/kaiju/all_shortreads/I-S07.kaiju.output	0.000033	14	45676	Eukaryota;Ascomycota;Dothideomycetes;Myriangiales;NA;NA;NA;
/home/glbrc.org/echiang3/Inulin_MetaG/kaiju/all_shortreads/I-S07.kaiju.output	0.000033	14	73020	Eukaryota;Haptista;Haptophyta;Isochrysidales;NA;NA;NA;
/home/glbrc.org/echiang3/Inulin_MetaG/kaiju/all_shortreads/I-S07.kaiju.output	0.000033	14	452342	Eukaryota;Basidiomycota;Agaricomycetes;Russulales;NA;NA;NA;
/home/glbrc.org/echiang3/Inulin_MetaG/kaiju/all_shortreads/I-S07.kaiju.output	0.000033	14	556282	Eukaryota;NA;NA;Jakobida;NA;NA;NA;
/home/glbrc.org/echiang3/Inulin_MetaG/kaiju/all_shortreads/I-S07.kaiju.output	0.000033	14	1535297	Eukaryota;Chlorophyta;Pedinophyceae;Marsupiomonadales;NA;NA;NA;
/home/glbrc.org/echiang3/Inulin_MetaG/kaiju/all_shortreads/I-S07.kaiju.output	0.000031	13	31337	Eukaryota;NA;Phaeophyceae;Desmarestiales;NA;NA;NA;
/home/glbrc.org/echiang3/Inulin_MetaG/kaiju/all_shortreads/I-S07.kaiju.output	0.000031	13	740976	Eukaryota;Parabasalia;NA;Cristamonadida;NA;NA;NA;
/home/glbrc.org/echiang3/Inulin_MetaG/kaiju/all_shortreads/I-S07.kaiju.output	0.000031	13	1617890	Bacteria;Proteobacteria;Gammaproteobacteria;Arenicellales;NA;NA;NA;
/home/glbrc.org/echiang3/Inulin_MetaG/kaiju/all_shortreads/I-S07.kaiju.output	0.000031	13	1934945	Bacteria;Proteobacteria;Gammaproteobacteria;Immundisolibacterales;NA;NA;NA;
/home/glbrc.org/echiang3/Inulin_MetaG/kaiju/all_shortreads/I-S07.kaiju.output	0.000029	12	5114	Eukaryota;Ascomycota;Sordariomycetes;Diaporthales;NA;NA;NA;
/home/glbrc.org/echiang3/Inulin_MetaG/kaiju/all_shortreads/I-S07.kaiju.output	0.000029	12	2682226	Bacteria;Chloroflexi;Tepidiformia;Tepidiformales;NA;NA;NA;
/home/glbrc.org/echiang3/Inulin_MetaG/kaiju/all_shortreads/I-S07.kaiju.output	0.000029	12	2699528	Eukaryota;NA;Bigyra;Thraustochytrida;NA;NA;NA;
/home/glbrc.org/echiang3/Inulin_MetaG/kaiju/all_shortreads/I-S07.kaiju.output	0.000026	11	2877	Eukaryota;NA;Phaeophyceae;Ectocarpales;NA;NA;NA;
/home/glbrc.org/echiang3/Inulin_MetaG/kaiju/all_shortreads/I-S07.kaiju.output	0.000026	11	5234	Eukaryota;Basidiomycota;Tremellomycetes;Tremellales;NA;NA;NA;
/home/glbrc.org/echiang3/Inulin_MetaG/kaiju/all_shortreads/I-S07.kaiju.output	0.000026	11	33183	Eukaryota;Ascomycota;Eurotiomycetes;Onygenales;NA;NA;NA;
/home/glbrc.org/echiang3/Inulin_MetaG/kaiju/all_shortreads/I-S07.kaiju.output	0.000026	11	78899	Eukaryota;Zoopagomycota;Zoopagomycetes;Zoopagales;NA;NA;NA;
/home/glbrc.org/echiang3/Inulin_MetaG/kaiju/all_shortreads/I-S07.kaiju.output	0.000024	10	79272	Eukaryota;Chytridiomycota;Monoblepharidomycetes;Monoblepharidales;NA;NA;NA;
/home/glbrc.org/echiang3/Inulin_MetaG/kaiju/all_shortreads/I-S07.kaiju.output	0.000024	10	285693	Eukaryota;Parabasalia;NA;Spirotrichonymphida;NA;NA;NA;
/home/glbrc.org/echiang3/Inulin_MetaG/kaiju/all_shortreads/I-S07.kaiju.output	0.000024	10	2039638	Bacteria;Actinobacteria;Actinobacteria;Candidatus Nanopelagicales;NA;NA;NA;
/home/glbrc.org/echiang3/Inulin_MetaG/kaiju/all_shortreads/I-S07.kaiju.output	0.000021	9	2266	Archaea;Crenarchaeota;Thermoprotei;Thermoproteales;NA;NA;NA;
/home/glbrc.org/echiang3/Inulin_MetaG/kaiju/all_shortreads/I-S07.kaiju.output	0.000021	9	36064	Eukaryota;Basidiomycota;Agaricomycetes;Cantharellales;NA;NA;NA;
/home/glbrc.org/echiang3/Inulin_MetaG/kaiju/all_shortreads/I-S07.kaiju.output	0.000021	9	90883	Eukaryota;Basidiomycota;Tremellomycetes;Cystofilobasidiales;NA;NA;NA;
/home/glbrc.org/echiang3/Inulin_MetaG/kaiju/all_shortreads/I-S07.kaiju.output	0.000021	9	1643683	Bacteria;Actinobacteria;Actinobacteria;Acidothermales;NA;NA;NA;
/home/glbrc.org/echiang3/Inulin_MetaG/kaiju/all_shortreads/I-S07.kaiju.output	0.000021	9	1755823	Bacteria;Actinobacteria;Nitriliruptoria;Egicoccales;NA;NA;NA;
/home/glbrc.org/echiang3/Inulin_MetaG/kaiju/all_shortreads/I-S07.kaiju.output	0.000021	9	2599631	Bacteria;Candidatus Eremiobacteraeota;NA;Candidatus Eremiobacterales;NA;NA;NA;
/home/glbrc.org/echiang3/Inulin_MetaG/kaiju/all_shortreads/I-S07.kaiju.output	0.000019	8	2281	Archaea;Crenarchaeota;Thermoprotei;Sulfolobales;NA;NA;NA;
/home/glbrc.org/echiang3/Inulin_MetaG/kaiju/all_shortreads/I-S07.kaiju.output	0.000019	8	5151	Eukaryota;Ascomycota;Sordariomycetes;Ophiostomatales;NA;NA;NA;
/home/glbrc.org/echiang3/Inulin_MetaG/kaiju/all_shortreads/I-S07.kaiju.output	0.000019	8	5226	Eukaryota;Basidiomycota;Agaricomycetes;Auriculariales;NA;NA;NA;
/home/glbrc.org/echiang3/Inulin_MetaG/kaiju/all_shortreads/I-S07.kaiju.output	0.000019	8	5404	Eukaryota;Basidiomycota;Exobasidiomycetes;Exobasidiales;NA;NA;NA;
/home/glbrc.org/echiang3/Inulin_MetaG/kaiju/all_shortreads/I-S07.kaiju.output	0.000019	8	34346	Eukaryota;Ascomycota;Schizosaccharomycetes;Schizosaccharomycetales;NA;NA;NA;
/home/glbrc.org/echiang3/Inulin_MetaG/kaiju/all_shortreads/I-S07.kaiju.output	0.000019	8	37357	Eukaryota;Endomyxa;NA;Plasmodiophorida;NA;NA;NA;
/home/glbrc.org/echiang3/Inulin_MetaG/kaiju/all_shortreads/I-S07.kaiju.output	0.000019	8	178369	Eukaryota;Imbricatea;NA;Euglyphida;NA;NA;NA;
/home/glbrc.org/echiang3/Inulin_MetaG/kaiju/all_shortreads/I-S07.kaiju.output	0.000019	8	589350	Eukaryota;NA;Cryptophyceae;Cryptomonadales;NA;NA;NA;
/home/glbrc.org/echiang3/Inulin_MetaG/kaiju/all_shortreads/I-S07.kaiju.output	0.000019	8	1544799	Bacteria;Proteobacteria;Alphaproteobacteria;Rhodothalassiales;NA;NA;NA;
/home/glbrc.org/echiang3/Inulin_MetaG/kaiju/all_shortreads/I-S07.kaiju.output	0.000019	8	1955042	Bacteria;Cyanobacteria;NA;Gloeoemargaritales;NA;NA;NA;
/home/glbrc.org/echiang3/Inulin_MetaG/kaiju/all_shortreads/I-S07.kaiju.output	0.000017	7	28017	Eukaryota;Rhodophyta;Florideophyceae;Gigartinales;NA;NA;NA;
/home/glbrc.org/echiang3/Inulin_MetaG/kaiju/all_shortreads/I-S07.kaiju.output	0.000017	7	35426	Eukaryota;Chlorophyta;Chlorodendrophyceae;Chlorodendrales;NA;NA;NA;
/home/glbrc.org/echiang3/Inulin_MetaG/kaiju/all_shortreads/I-S07.kaiju.output	0.000017	7	78918	Eukaryota;Zoopagomycota;Dimargaritomycetes;Dimargaritales;NA;NA;NA;
/home/glbrc.org/echiang3/Inulin_MetaG/kaiju/all_shortreads/I-S07.kaiju.output	0.000017	7	86650	Eukaryota;Euglenozoa;Euglenida;Euglenales;NA;NA;NA;
/home/glbrc.org/echiang3/Inulin_MetaG/kaiju/all_shortreads/I-S07.kaiju.output	0.000017	7	86652	Eukaryota;Euglenozoa;Euglenida;Eutreptiales;NA;NA;NA;
/home/glbrc.org/echiang3/Inulin_MetaG/kaiju/all_shortreads/I-S07.kaiju.output	0.000017	7	162474	Eukaryota;Basidiomycota;Malasseziomycetes;Malasseziales;NA;NA;NA;
/home/glbrc.org/echiang3/Inulin_MetaG/kaiju/all_shortreads/I-S07.kaiju.output	0.000017	7	231213	Eukaryota;Basidiomycota;Microbotryomycetes;Sporidiobolales;NA;NA;NA;
/home/glbrc.org/echiang3/Inulin_MetaG/kaiju/all_shortreads/I-S07.kaiju.output	0.000017	7	451869	Eukaryota;Ascomycota;Dothideomycetes;Botryosphaeriales;NA;NA;NA;
/home/glbrc.org/echiang3/Inulin_MetaG/kaiju/all_shortreads/I-S07.kaiju.output	0.000017	7	588674	Bacteria;Actinobacteria;Thermoleophilia;Thermoleophilales;NA;NA;NA;
/home/glbrc.org/echiang3/Inulin_MetaG/kaiju/all_shortreads/I-S07.kaiju.output	0.000017	7	588814	Archaea;Euryarchaeota;Methanomicrobia;Methanophagales;NA;NA;NA;
/home/glbrc.org/echiang3/Inulin_MetaG/kaiju/all_shortreads/I-S07.kaiju.output	0.000017	7	685948	Archaea;Crenarchaeota;Thermoprotei;Fervidicoccales;NA;NA;NA;
/home/glbrc.org/echiang3/Inulin_MetaG/kaiju/all_shortreads/I-S07.kaiju.output	0.000017	7	1890505	Bacteria;Cyanobacteria;NA;Chroococcidiopsidales;NA;NA;NA;
/home/glbrc.org/echiang3/Inulin_MetaG/kaiju/all_shortreads/I-S07.kaiju.output	0.000017	7	2152897	Bacteria;Candidatus Fermentibacteria;Candidatus Fermentibacteria (class);Candidatus Fermentibacterales;NA;NA;NA;
/home/glbrc.org/echiang3/Inulin_MetaG/kaiju/all_shortreads/I-S07.kaiju.output	0.000014	6	2802	Eukaryota;Rhodophyta;Florideophyceae;Ceramiales;NA;NA;NA;
/home/glbrc.org/echiang3/Inulin_MetaG/kaiju/all_shortreads/I-S07.kaiju.output	0.000014	6	31477	Eukaryota;Rhodophyta;Florideophyceae;Hildenbrandiales;NA;NA;NA;
/home/glbrc.org/echiang3/Inulin_MetaG/kaiju/all_shortreads/I-S07.kaiju.output	0.000014	6	31932	Archaea;Thaumarchaeota;NA;Nitrosopumilales;NA;NA;NA;
/home/glbrc.org/echiang3/Inulin_MetaG/kaiju/all_shortreads/I-S07.kaiju.output	0.000014	6	62916	Eukaryota;Basidiomycota;Exobasidiomycetes;Tilletiales;NA;NA;NA;
/home/glbrc.org/echiang3/Inulin_MetaG/kaiju/all_shortreads/I-S07.kaiju.output	0.000014	6	73026	Eukaryota;Haptista;Haptophyta;Pavlovales;NA;NA;NA;
/home/glbrc.org/echiang3/Inulin_MetaG/kaiju/all_shortreads/I-S07.kaiju.output	0.000014	6	139380	Eukaryota;Basidiomycota;Agaricomycetes;Hymenochaetales;NA;NA;NA;
/home/glbrc.org/echiang3/Inulin_MetaG/kaiju/all_shortreads/I-S07.kaiju.output	0.000014	6	231212	Eukaryota;Basidiomycota;Microbotryomycetes;Leucosporidiales;NA;NA;NA;
/home/glbrc.org/echiang3/Inulin_MetaG/kaiju/all_shortreads/I-S07.kaiju.output	0.000014	6	1495647	Bacteria;Chloroflexi;Thermoflexia;Thermoflexales;NA;NA;NA;
/home/glbrc.org/echiang3/Inulin_MetaG/kaiju/all_shortreads/I-S07.kaiju.output	0.000014	6	2315420	Bacteria;Candidatus Sumerlaeota;Candidatus Sumerlaeia;Candidatus Sumerlaeales;NA;NA;NA;
/home/glbrc.org/echiang3/Inulin_MetaG/kaiju/all_shortreads/I-S07.kaiju.output	0.000012	5	4869	Eukaryota;Mucoromycota;Endogonomycetes;Endogonales;NA;NA;NA;
/home/glbrc.org/echiang3/Inulin_MetaG/kaiju/all_shortreads/I-S07.kaiju.output	0.000012	5	33104	Eukaryota;Chlorophyta;Ulvophyceae;Bryopsidales;NA;NA;NA;
/home/glbrc.org/echiang3/Inulin_MetaG/kaiju/all_shortreads/I-S07.kaiju.output	0.000012	5	37987	Eukaryota;Ascomycota;Pneumocystidomycetes;Pneumocystidales;NA;NA;NA;
/home/glbrc.org/echiang3/Inulin_MetaG/kaiju/all_shortreads/I-S07.kaiju.output	0.000012	5	157608	Eukaryota;Basidiomycota;Agaricomycetes;Geastrales;NA;NA;NA;
/home/glbrc.org/echiang3/Inulin_MetaG/kaiju/all_shortreads/I-S07.kaiju.output	0.000012	5	278980	Eukaryota;NA;Polycystinea;Nassellaria;NA;NA;NA;
/home/glbrc.org/echiang3/Inulin_MetaG/kaiju/all_shortreads/I-S07.kaiju.output	0.000012	5	451442	Eukaryota;Chytridiomycota;Chytridiomycetes;Rhizophydiales;NA;NA;NA;
/home/glbrc.org/echiang3/Inulin_MetaG/kaiju/all_shortreads/I-S07.kaiju.output	0.000012	5	871006	Archaea;Crenarchaeota;Thermoprotei;Acidilobales;NA;NA;NA;
/home/glbrc.org/echiang3/Inulin_MetaG/kaiju/all_shortreads/I-S07.kaiju.output	0.000012	5	2231168	Eukaryota;Chytridiomycota;Chytridiomycetes;Caulochytriales;NA;NA;NA;
/home/glbrc.org/echiang3/Inulin_MetaG/kaiju/all_shortreads/I-S07.kaiju.output	0.000010	4	5008	Eukaryota;Ascomycota;Taphrinomycetes;Taphrinales;NA;NA;NA;
/home/glbrc.org/echiang3/Inulin_MetaG/kaiju/all_shortreads/I-S07.kaiju.output	0.000010	4	5592	Eukaryota;Ascomycota;Sordariomycetes;Microascales;NA;NA;NA;
/home/glbrc.org/echiang3/Inulin_MetaG/kaiju/all_shortreads/I-S07.kaiju.output	0.000010	4	189776	Bacteria;Chloroflexi;Thermomicrobia;Thermomicrobiales;NA;NA;NA;
/home/glbrc.org/echiang3/Inulin_MetaG/kaiju/all_shortreads/I-S07.kaiju.output	0.000010	4	452339	Eukaryota;Basidiomycota;Agaricomycetes;Gloeophyllales;NA;NA;NA;
/home/glbrc.org/echiang3/Inulin_MetaG/kaiju/all_shortreads/I-S07.kaiju.output	0.000010	4	1618100	Eukaryota;Ascomycota;Eurotiomycetes;Phaeomoniellales;NA;NA;NA;
/home/glbrc.org/echiang3/Inulin_MetaG/kaiju/all_shortreads/I-S07.kaiju.output	0.000010	4	2704650	Eukaryota;Euglenozoa;Kinetoplastea;Eubodonida;NA;NA;NA;
/home/glbrc.org/echiang3/Inulin_MetaG/kaiju/all_shortreads/I-S07.kaiju.output	0.000007	3	2807	Eukaryota;Rhodophyta;Florideophyceae;Nemaliales;NA;NA;NA;
/home/glbrc.org/echiang3/Inulin_MetaG/kaiju/all_shortreads/I-S07.kaiju.output	0.000007	3	2873	Eukaryota;NA;Phaeophyceae;Dictyotales;NA;NA;NA;
/home/glbrc.org/echiang3/Inulin_MetaG/kaiju/all_shortreads/I-S07.kaiju.output	0.000007	3	4857	Eukaryota;Zoopagomycota;Entomophthoromycetes;Entomophthorales;NA;NA;NA;
/home/glbrc.org/echiang3/Inulin_MetaG/kaiju/all_shortreads/I-S07.kaiju.output	0.000007	3	5014	Eukaryota;Ascomycota;Dothideomycetes;Dothideales;NA;NA;NA;
/home/glbrc.org/echiang3/Inulin_MetaG/kaiju/all_shortreads/I-S07.kaiju.output	0.000007	3	33831	Eukaryota;Ciliophora;Spirotrichea;Euplotida;NA;NA;NA;
/home/glbrc.org/echiang3/Inulin_MetaG/kaiju/all_shortreads/I-S07.kaiju.output	0.000007	3	452334	Eukaryota;Basidiomycota;Agaricomycetes;Atheliales;NA;NA;NA;
/home/glbrc.org/echiang3/Inulin_MetaG/kaiju/all_shortreads/I-S07.kaiju.output	0.000007	3	486728	Eukaryota;Ciliophora;Spirotrichea;Urostylida;NA;NA;NA;
/home/glbrc.org/echiang3/Inulin_MetaG/kaiju/all_shortreads/I-S07.kaiju.output	0.000007	3	639021	Eukaryota;Ascomycota;Sordariomycetes;Magnaporthales;NA;NA;NA;
/home/glbrc.org/echiang3/Inulin_MetaG/kaiju/all_shortreads/I-S07.kaiju.output	0.000007	3	716585	Eukaryota;Ascomycota;Dothideomycetes;Acrospermales;NA;NA;NA;
/home/glbrc.org/echiang3/Inulin_MetaG/kaiju/all_shortreads/I-S07.kaiju.output	0.000007	3	721927	Eukaryota;Basidiomycota;Agaricomycetes;Jaapiales;NA;NA;NA;
/home/glbrc.org/echiang3/Inulin_MetaG/kaiju/all_shortreads/I-S07.kaiju.output	0.000007	3	740974	Eukaryota;Parabasalia;NA;Honigbergiellida;NA;NA;NA;
/home/glbrc.org/echiang3/Inulin_MetaG/kaiju/all_shortreads/I-S07.kaiju.output	0.000007	3	1033996	Archaea;Thaumarchaeota;Nitrososphaeria;Nitrososphaerales;NA;NA;NA;
/home/glbrc.org/echiang3/Inulin_MetaG/kaiju/all_shortreads/I-S07.kaiju.output	0.000007	3	1264872	Eukaryota;Zoopagomycota;Basidiobolomycetes;Basidiobolales;NA;NA;NA;
/home/glbrc.org/echiang3/Inulin_MetaG/kaiju/all_shortreads/I-S07.kaiju.output	0.000007	3	1524963	Eukaryota;Chlorophyta;Palmophyllophyceae;Palmophyllales;NA;NA;NA;
/home/glbrc.org/echiang3/Inulin_MetaG/kaiju/all_shortreads/I-S07.kaiju.output	0.000005	2	2953	Eukaryota;NA;Dinophyceae;Gymnodiniales;NA;NA;NA;
/home/glbrc.org/echiang3/Inulin_MetaG/kaiju/all_shortreads/I-S07.kaiju.output	0.000005	2	3009	Eukaryota;NA;Phaeophyceae;Fucales;NA;NA;NA;
/home/glbrc.org/echiang3/Inulin_MetaG/kaiju/all_shortreads/I-S07.kaiju.output	0.000005	2	3113	Eukaryota;Chlorophyta;Ulvophyceae;Ulvales;NA;NA;NA;
/home/glbrc.org/echiang3/Inulin_MetaG/kaiju/all_shortreads/I-S07.kaiju.output	0.000005	2	5120	Eukaryota;Ascomycota;Leotiomycetes;Erysiphales;NA;NA;NA;
/home/glbrc.org/echiang3/Inulin_MetaG/kaiju/all_shortreads/I-S07.kaiju.output	0.000005	2	29216	Eukaryota;Rhodophyta;Bangiophyceae;Bangiales;NA;NA;NA;
/home/glbrc.org/echiang3/Inulin_MetaG/kaiju/all_shortreads/I-S07.kaiju.output	0.000005	2	40634	Eukaryota;Ciliophora;Litostomatea;Entodiniomorphida;NA;NA;NA;
/home/glbrc.org/echiang3/Inulin_MetaG/kaiju/all_shortreads/I-S07.kaiju.output	0.000005	2	135250	Eukaryota;Chlorophyta;Trebouxiophyceae;Prasiolales;NA;NA;NA;
/home/glbrc.org/echiang3/Inulin_MetaG/kaiju/all_shortreads/I-S07.kaiju.output	0.000005	2	162475	Eukaryota;Basidiomycota;Exobasidiomycetes;Microstromatales;NA;NA;NA;
/home/glbrc.org/echiang3/Inulin_MetaG/kaiju/all_shortreads/I-S07.kaiju.output	0.000005	2	205948	Archaea;Thaumarchaeota;NA;Cenarchaeales;NA;NA;NA;
/home/glbrc.org/echiang3/Inulin_MetaG/kaiju/all_shortreads/I-S07.kaiju.output	0.000005	2	420622	Eukaryota;NA;Synurophyceae;Synurales;NA;NA;NA;
/home/glbrc.org/echiang3/Inulin_MetaG/kaiju/all_shortreads/I-S07.kaiju.output	0.000005	2	1217820	Eukaryota;Ascomycota;Xylonomycetes;Xylonales;NA;NA;NA;
/home/glbrc.org/echiang3/Inulin_MetaG/kaiju/all_shortreads/I-S07.kaiju.output	0.000005	2	1426915	Eukaryota;NA;Polycystinea;Collodaria;NA;NA;NA;
/home/glbrc.org/echiang3/Inulin_MetaG/kaiju/all_shortreads/I-S07.kaiju.output	0.000005	2	2493627	Bacteria;Proteobacteria;Alphaproteobacteria;Minwuiales;NA;NA;NA;
/home/glbrc.org/echiang3/Inulin_MetaG/kaiju/all_shortreads/I-S07.kaiju.output	0.000005	2	2495578	Bacteria;Actinobacteria;Actinobacteria;Sporichthyales;NA;NA;NA;
/home/glbrc.org/echiang3/Inulin_MetaG/kaiju/all_shortreads/I-S07.kaiju.output	0.000005	2	2698752	Eukaryota;NA;Cryptophyceae;Cyathomonadacea;NA;NA;NA;
/home/glbrc.org/echiang3/Inulin_MetaG/kaiju/all_shortreads/I-S07.kaiju.output	0.000005	2	2714147	Eukaryota;Ascomycota;Dothideomycetes;Eremomycetales;NA;NA;NA;
/home/glbrc.org/echiang3/Inulin_MetaG/kaiju/all_shortreads/I-S07.kaiju.output	0.000002	1	2886	Eukaryota;NA;Phaeophyceae;Laminariales;NA;NA;NA;
/home/glbrc.org/echiang3/Inulin_MetaG/kaiju/all_shortreads/I-S07.kaiju.output	0.000002	1	2974	Eukaryota;NA;Xanthophyceae;Vaucheriales;NA;NA;NA;
/home/glbrc.org/echiang3/Inulin_MetaG/kaiju/all_shortreads/I-S07.kaiju.output	0.000002	1	3134	Eukaryota;Chlorophyta;Ulvophyceae;Dasycladales;NA;NA;NA;
/home/glbrc.org/echiang3/Inulin_MetaG/kaiju/all_shortreads/I-S07.kaiju.output	0.000002	1	29247	Eukaryota;Rhodophyta;Florideophyceae;Rhodymeniales;NA;NA;NA;
/home/glbrc.org/echiang3/Inulin_MetaG/kaiju/all_shortreads/I-S07.kaiju.output	0.000002	1	29823	Eukaryota;Ascomycota;Neolectomycetes;Neolectales;NA;NA;NA;
/home/glbrc.org/echiang3/Inulin_MetaG/kaiju/all_shortreads/I-S07.kaiju.output	0.000002	1	31306	Eukaryota;Chlorophyta;Ulvophyceae;Ulotrichales;NA;NA;NA;
/home/glbrc.org/echiang3/Inulin_MetaG/kaiju/all_shortreads/I-S07.kaiju.output	0.000002	1	31351	Eukaryota;Rhodophyta;Compsopogonophyceae;Erythropeltidales;NA;NA;NA;
/home/glbrc.org/echiang3/Inulin_MetaG/kaiju/all_shortreads/I-S07.kaiju.output	0.000002	1	31399	Eukaryota;Rhodophyta;Florideophyceae;Gelidiales;NA;NA;NA;
/home/glbrc.org/echiang3/Inulin_MetaG/kaiju/all_shortreads/I-S07.kaiju.output	0.000002	1	31491	Eukaryota;Rhodophyta;Florideophyceae;Rhodogorgonales;NA;NA;NA;
/home/glbrc.org/echiang3/Inulin_MetaG/kaiju/all_shortreads/I-S07.kaiju.output	0.000002	1	40984	Eukaryota;NA;Dinophyceae;Gonyaulacales;NA;NA;NA;
/home/glbrc.org/echiang3/Inulin_MetaG/kaiju/all_shortreads/I-S07.kaiju.output	0.000002	1	45651	Eukaryota;NA;Pelagophyceae;Sarcinochrysidales;NA;NA;NA;
/home/glbrc.org/echiang3/Inulin_MetaG/kaiju/all_shortreads/I-S07.kaiju.output	0.000002	1	50289	Eukaryota;Rhodophyta;Florideophyceae;Halymeniales;NA;NA;NA;
/home/glbrc.org/echiang3/Inulin_MetaG/kaiju/all_shortreads/I-S07.kaiju.output	0.000002	1	55070	Eukaryota;Basidiomycota;Microbotryomycetes;Microbotryales;NA;NA;NA;
/home/glbrc.org/echiang3/Inulin_MetaG/kaiju/all_shortreads/I-S07.kaiju.output	0.000002	1	62913	Eukaryota;Basidiomycota;Exobasidiomycetes;Georgefischeriales;NA;NA;NA;
/home/glbrc.org/echiang3/Inulin_MetaG/kaiju/all_shortreads/I-S07.kaiju.output	0.000002	1	111859	Eukaryota;Rhodophyta;Florideophyceae;Balbianiales;NA;NA;NA;
/home/glbrc.org/echiang3/Inulin_MetaG/kaiju/all_shortreads/I-S07.kaiju.output	0.000002	1	180229	Eukaryota;Tubulinea;Elardia;Euamoebida;NA;NA;NA;
/home/glbrc.org/echiang3/Inulin_MetaG/kaiju/all_shortreads/I-S07.kaiju.output	0.000002	1	231076	Eukaryota;Chlorophyta;Ulvophyceae;Ignatiales;NA;NA;NA;
/home/glbrc.org/echiang3/Inulin_MetaG/kaiju/all_shortreads/I-S07.kaiju.output	0.000002	1	232508	Eukaryota;Bacillariophyta;Mediophyceae;Triceratiales;NA;NA;NA;
/home/glbrc.org/echiang3/Inulin_MetaG/kaiju/all_shortreads/I-S07.kaiju.output	0.000002	1	432026	Eukaryota;Basidiomycota;Mixiomycetes;Mixiales;NA;NA;NA;
/home/glbrc.org/echiang3/Inulin_MetaG/kaiju/all_shortreads/I-S07.kaiju.output	0.000002	1	452227	Eukaryota;Ascomycota;Lecanoromycetes;Umbilicariales;NA;NA;NA;
/home/glbrc.org/echiang3/Inulin_MetaG/kaiju/all_shortreads/I-S07.kaiju.output	0.000002	1	452338	Eukaryota;Basidiomycota;Agaricomycetes;Corticiales;NA;NA;NA;
/home/glbrc.org/echiang3/Inulin_MetaG/kaiju/all_shortreads/I-S07.kaiju.output	0.000002	1	452343	Eukaryota;Basidiomycota;Agaricomycetes;Trechisporales;NA;NA;NA;
/home/glbrc.org/echiang3/Inulin_MetaG/kaiju/all_shortreads/I-S07.kaiju.output	0.000002	1	589444	Eukaryota;Cercozoa;Thecofilosea;Cryomonadida;NA;NA;NA;
/home/glbrc.org/echiang3/Inulin_MetaG/kaiju/all_shortreads/I-S07.kaiju.output	0.000002	1	603422	Eukaryota;Ascomycota;Dothideomycetes;Mytilinidiales;NA;NA;NA;
/home/glbrc.org/echiang3/Inulin_MetaG/kaiju/all_shortreads/I-S07.kaiju.output	0.000002	1	703495	Eukaryota;Ascomycota;Dothideomycetes;Microthyriales;NA;NA;NA;
/home/glbrc.org/echiang3/Inulin_MetaG/kaiju/all_shortreads/I-S07.kaiju.output	0.000002	1	742846	Eukaryota;Basidiomycota;Exobasidiomycetes;Ceraceosorales;NA;NA;NA;
/home/glbrc.org/echiang3/Inulin_MetaG/kaiju/all_shortreads/I-S07.kaiju.output	0.000002	1	891383	Eukaryota;Rhodophyta;Florideophyceae;Thoreales;NA;NA;NA;
/home/glbrc.org/echiang3/Inulin_MetaG/kaiju/all_shortreads/I-S07.kaiju.output	0.000002	1	1387701	Eukaryota;Chlorophyta;Ulvophyceae;Scotinosphaerales;NA;NA;NA;
/home/glbrc.org/echiang3/Inulin_MetaG/kaiju/all_shortreads/I-S07.kaiju.output	0.000002	1	1921567	Bacteria;Proteobacteria;Alphaproteobacteria;Micropepsales;NA;NA;NA;
/home/glbrc.org/echiang3/Inulin_MetaG/kaiju/all_shortreads/I-S07.kaiju.output	0.000002	1	2497644	Bacteria;NA;Candidatus Babeliae;Candidatus Babeliales;NA;NA;NA;
/home/glbrc.org/echiang3/Inulin_MetaG/kaiju/all_shortreads/I-S07.kaiju.output	0.000002	1	2706121	Eukaryota;Ascomycota;Dothideomycetes;Aulographales;NA;NA;NA;
/home/glbrc.org/echiang3/Inulin_MetaG/kaiju/all_shortreads/I-S07.kaiju.output	0.003626	1526	10239	Viruses
/home/glbrc.org/echiang3/Inulin_MetaG/kaiju/all_shortreads/I-S07.kaiju.output	8.970383	3775224	NA	cannot be assigned to a (non-viral) order
/home/glbrc.org/echiang3/Inulin_MetaG/kaiju/all_shortreads/I-S07.kaiju.output	54.022402	22735560	NA	unclassified
