file	percent	reads	taxon_id	taxon_name
/home/glbrc.org/echiang3/Inulin_MetaG/kaiju/all_shortreads/I-S07.kaiju.output	19.914467	8381089	1239	Bacteria;Firmicutes;NA;NA;NA;NA;NA;
/home/glbrc.org/echiang3/Inulin_MetaG/kaiju/all_shortreads/I-S07.kaiju.output	17.218126	7246322	976	Bacteria;Bacteroidetes;NA;NA;NA;NA;NA;
/home/glbrc.org/echiang3/Inulin_MetaG/kaiju/all_shortreads/I-S07.kaiju.output	1.144605	481712	74201	Bacteria;Verrucomicrobia;NA;NA;NA;NA;NA;
/home/glbrc.org/echiang3/Inulin_MetaG/kaiju/all_shortreads/I-S07.kaiju.output	1.035520	435803	1224	Bacteria;Proteobacteria;NA;NA;NA;NA;NA;
/home/glbrc.org/echiang3/Inulin_MetaG/kaiju/all_shortreads/I-S07.kaiju.output	0.193487	81430	1798710	Bacteria;Candidatus Melainabacteria;NA;NA;NA;NA;NA;
/home/glbrc.org/echiang3/Inulin_MetaG/kaiju/all_shortreads/I-S07.kaiju.output	0.159466	67112	201174	Bacteria;Actinobacteria;NA;NA;NA;NA;NA;
/home/glbrc.org/echiang3/Inulin_MetaG/kaiju/all_shortreads/I-S07.kaiju.output	0.097269	40936	203691	Bacteria;Spirochaetes;NA;NA;NA;NA;NA;
/home/glbrc.org/echiang3/Inulin_MetaG/kaiju/all_shortreads/I-S07.kaiju.output	0.068242	28720	74152	Bacteria;Elusimicrobia;NA;NA;NA;NA;NA;
/home/glbrc.org/echiang3/Inulin_MetaG/kaiju/all_shortreads/I-S07.kaiju.output	0.043388	18260	32066	Bacteria;Fusobacteria;NA;NA;NA;NA;NA;
/home/glbrc.org/echiang3/Inulin_MetaG/kaiju/all_shortreads/I-S07.kaiju.output	0.043010	18101	544448	Bacteria;Tenericutes;NA;NA;NA;NA;NA;
/home/glbrc.org/echiang3/Inulin_MetaG/kaiju/all_shortreads/I-S07.kaiju.output	0.026373	11099	200795	Bacteria;Chloroflexi;NA;NA;NA;NA;NA;
/home/glbrc.org/echiang3/Inulin_MetaG/kaiju/all_shortreads/I-S07.kaiju.output	0.019111	8043	65842	Bacteria;Fibrobacteres;NA;NA;NA;NA;NA;
/home/glbrc.org/echiang3/Inulin_MetaG/kaiju/all_shortreads/I-S07.kaiju.output	0.013123	5523	508458	Bacteria;Synergistetes;NA;NA;NA;NA;NA;
/home/glbrc.org/echiang3/Inulin_MetaG/kaiju/all_shortreads/I-S07.kaiju.output	0.011762	4950	28890	Archaea;Euryarchaeota;NA;NA;NA;NA;NA;
/home/glbrc.org/echiang3/Inulin_MetaG/kaiju/all_shortreads/I-S07.kaiju.output	0.010210	4297	203682	Bacteria;Planctomycetes;NA;NA;NA;NA;NA;
/home/glbrc.org/echiang3/Inulin_MetaG/kaiju/all_shortreads/I-S07.kaiju.output	0.008212	3456	207245	Eukaryota;Fornicata;NA;NA;NA;NA;NA;
/home/glbrc.org/echiang3/Inulin_MetaG/kaiju/all_shortreads/I-S07.kaiju.output	0.008076	3399	1117	Bacteria;Cyanobacteria;NA;NA;NA;NA;NA;
/home/glbrc.org/echiang3/Inulin_MetaG/kaiju/all_shortreads/I-S07.kaiju.output	0.007368	3101	5719	Eukaryota;Parabasalia;NA;NA;NA;NA;NA;
/home/glbrc.org/echiang3/Inulin_MetaG/kaiju/all_shortreads/I-S07.kaiju.output	0.006527	2747	57723	Bacteria;Acidobacteria;NA;NA;NA;NA;NA;
/home/glbrc.org/echiang3/Inulin_MetaG/kaiju/all_shortreads/I-S07.kaiju.output	0.005387	2267	1134404	Bacteria;Ignavibacteriae;NA;NA;NA;NA;NA;
/home/glbrc.org/echiang3/Inulin_MetaG/kaiju/all_shortreads/I-S07.kaiju.output	0.004631	1949	204428	Bacteria;Chlamydiae;NA;NA;NA;NA;NA;
/home/glbrc.org/echiang3/Inulin_MetaG/kaiju/all_shortreads/I-S07.kaiju.output	0.004465	1879	2662611	Eukaryota;Preaxostyla;NA;NA;NA;NA;NA;
/home/glbrc.org/echiang3/Inulin_MetaG/kaiju/all_shortreads/I-S07.kaiju.output	0.004391	1848	4761	Eukaryota;Chytridiomycota;NA;NA;NA;NA;NA;
/home/glbrc.org/echiang3/Inulin_MetaG/kaiju/all_shortreads/I-S07.kaiju.output	0.003788	1594	256845	Bacteria;Lentisphaerae;NA;NA;NA;NA;NA;
/home/glbrc.org/echiang3/Inulin_MetaG/kaiju/all_shortreads/I-S07.kaiju.output	0.003529	1485	40117	Bacteria;Nitrospirae;NA;NA;NA;NA;NA;
/home/glbrc.org/echiang3/Inulin_MetaG/kaiju/all_shortreads/I-S07.kaiju.output	0.003274	1378	1090	Bacteria;Chlorobi;NA;NA;NA;NA;NA;
/home/glbrc.org/echiang3/Inulin_MetaG/kaiju/all_shortreads/I-S07.kaiju.output	0.003234	1361	4890	Eukaryota;Ascomycota;NA;NA;NA;NA;NA;
/home/glbrc.org/echiang3/Inulin_MetaG/kaiju/all_shortreads/I-S07.kaiju.output	0.002946	1240	200918	Bacteria;Thermotogae;NA;NA;NA;NA;NA;
/home/glbrc.org/echiang3/Inulin_MetaG/kaiju/all_shortreads/I-S07.kaiju.output	0.002478	1043	67812	Bacteria;Candidatus Omnitrophica;NA;NA;NA;NA;NA;
/home/glbrc.org/echiang3/Inulin_MetaG/kaiju/all_shortreads/I-S07.kaiju.output	0.001861	783	1936987	Bacteria;Balneolaeota;NA;NA;NA;NA;NA;
/home/glbrc.org/echiang3/Inulin_MetaG/kaiju/all_shortreads/I-S07.kaiju.output	0.001792	754	1297	Bacteria;Deinococcus-Thermus;NA;NA;NA;NA;NA;
/home/glbrc.org/echiang3/Inulin_MetaG/kaiju/all_shortreads/I-S07.kaiju.output	0.001692	712	1930617	Bacteria;Calditrichaeota;NA;NA;NA;NA;NA;
/home/glbrc.org/echiang3/Inulin_MetaG/kaiju/all_shortreads/I-S07.kaiju.output	0.001471	619	142182	Bacteria;Gemmatimonadetes;NA;NA;NA;NA;NA;
/home/glbrc.org/echiang3/Inulin_MetaG/kaiju/all_shortreads/I-S07.kaiju.output	0.001468	618	1913637	Eukaryota;Mucoromycota;NA;NA;NA;NA;NA;
/home/glbrc.org/echiang3/Inulin_MetaG/kaiju/all_shortreads/I-S07.kaiju.output	0.001440	606	67819	Bacteria;Armatimonadetes;NA;NA;NA;NA;NA;
/home/glbrc.org/echiang3/Inulin_MetaG/kaiju/all_shortreads/I-S07.kaiju.output	0.001345	566	95818	Bacteria;Candidatus Saccharibacteria;NA;NA;NA;NA;NA;
/home/glbrc.org/echiang3/Inulin_MetaG/kaiju/all_shortreads/I-S07.kaiju.output	0.001190	501	200783	Bacteria;Aquificae;NA;NA;NA;NA;NA;
/home/glbrc.org/echiang3/Inulin_MetaG/kaiju/all_shortreads/I-S07.kaiju.output	0.001162	489	1853220	Bacteria;Rhodothermaeota;NA;NA;NA;NA;NA;
/home/glbrc.org/echiang3/Inulin_MetaG/kaiju/all_shortreads/I-S07.kaiju.output	0.001143	481	3041	Eukaryota;Chlorophyta;NA;NA;NA;NA;NA;
/home/glbrc.org/echiang3/Inulin_MetaG/kaiju/all_shortreads/I-S07.kaiju.output	0.001114	469	62680	Bacteria;Candidatus Marinimicrobia;NA;NA;NA;NA;NA;
/home/glbrc.org/echiang3/Inulin_MetaG/kaiju/all_shortreads/I-S07.kaiju.output	0.001055	444	456828	Bacteria;Candidatus Cloacimonetes;NA;NA;NA;NA;NA;
/home/glbrc.org/echiang3/Inulin_MetaG/kaiju/all_shortreads/I-S07.kaiju.output	0.001024	431	5204	Eukaryota;Basidiomycota;NA;NA;NA;NA;NA;
/home/glbrc.org/echiang3/Inulin_MetaG/kaiju/all_shortreads/I-S07.kaiju.output	0.001017	428	200930	Bacteria;Deferribacteres;NA;NA;NA;NA;NA;
/home/glbrc.org/echiang3/Inulin_MetaG/kaiju/all_shortreads/I-S07.kaiju.output	0.000953	401	1379697	Bacteria;candidate division Zixibacteria;NA;NA;NA;NA;NA;
/home/glbrc.org/echiang3/Inulin_MetaG/kaiju/all_shortreads/I-S07.kaiju.output	0.000953	401	2605435	Eukaryota;Evosea;NA;NA;NA;NA;NA;
/home/glbrc.org/echiang3/Inulin_MetaG/kaiju/all_shortreads/I-S07.kaiju.output	0.000936	394	200940	Bacteria;Thermodesulfobacteria;NA;NA;NA;NA;NA;
/home/glbrc.org/echiang3/Inulin_MetaG/kaiju/all_shortreads/I-S07.kaiju.output	0.000879	370	1817808	Bacteria;Candidatus Margulisbacteria;NA;NA;NA;NA;NA;
/home/glbrc.org/echiang3/Inulin_MetaG/kaiju/all_shortreads/I-S07.kaiju.output	0.000841	354	1619053	Bacteria;Candidatus Peregrinibacteria;NA;NA;NA;NA;NA;
/home/glbrc.org/echiang3/Inulin_MetaG/kaiju/all_shortreads/I-S07.kaiju.output	0.000820	345	134625	Bacteria;Kiritimatiellaeota;NA;NA;NA;NA;NA;
/home/glbrc.org/echiang3/Inulin_MetaG/kaiju/all_shortreads/I-S07.kaiju.output	0.000672	283	67817	Bacteria;Candidatus Aminicenantes;NA;NA;NA;NA;NA;
/home/glbrc.org/echiang3/Inulin_MetaG/kaiju/all_shortreads/I-S07.kaiju.output	0.000661	278	67818	Bacteria;Candidatus Atribacteria;NA;NA;NA;NA;NA;
/home/glbrc.org/echiang3/Inulin_MetaG/kaiju/all_shortreads/I-S07.kaiju.output	0.000651	274	5794	Eukaryota;Apicomplexa;NA;NA;NA;NA;NA;
/home/glbrc.org/echiang3/Inulin_MetaG/kaiju/all_shortreads/I-S07.kaiju.output	0.000620	261	1752708	Bacteria;Candidatus Rokubacteria;NA;NA;NA;NA;NA;
/home/glbrc.org/echiang3/Inulin_MetaG/kaiju/all_shortreads/I-S07.kaiju.output	0.000511	215	1752716	Bacteria;Candidatus Dadabacteria;NA;NA;NA;NA;NA;
/home/glbrc.org/echiang3/Inulin_MetaG/kaiju/all_shortreads/I-S07.kaiju.output	0.000485	204	1293497	Bacteria;Nitrospinae;NA;NA;NA;NA;NA;
/home/glbrc.org/echiang3/Inulin_MetaG/kaiju/all_shortreads/I-S07.kaiju.output	0.000475	200	5878	Eukaryota;Ciliophora;NA;NA;NA;NA;NA;
/home/glbrc.org/echiang3/Inulin_MetaG/kaiju/all_shortreads/I-S07.kaiju.output	0.000461	194	2763	Eukaryota;Rhodophyta;NA;NA;NA;NA;NA;
/home/glbrc.org/echiang3/Inulin_MetaG/kaiju/all_shortreads/I-S07.kaiju.output	0.000459	193	67810	Bacteria;Candidatus Bipolaricaulota;NA;NA;NA;NA;NA;
/home/glbrc.org/echiang3/Inulin_MetaG/kaiju/all_shortreads/I-S07.kaiju.output	0.000459	193	1752737	Bacteria;Candidatus Moranbacteria;NA;NA;NA;NA;NA;
/home/glbrc.org/echiang3/Inulin_MetaG/kaiju/all_shortreads/I-S07.kaiju.output	0.000451	190	928852	Archaea;Candidatus Bathyarchaeota;NA;NA;NA;NA;NA;
/home/glbrc.org/echiang3/Inulin_MetaG/kaiju/all_shortreads/I-S07.kaiju.output	0.000449	189	221216	Bacteria;Candidatus Parcubacteria;NA;NA;NA;NA;NA;
/home/glbrc.org/echiang3/Inulin_MetaG/kaiju/all_shortreads/I-S07.kaiju.output	0.000442	186	74015	Bacteria;Candidatus Latescibacteria;NA;NA;NA;NA;NA;
/home/glbrc.org/echiang3/Inulin_MetaG/kaiju/all_shortreads/I-S07.kaiju.output	0.000416	175	1052815	Bacteria;Candidatus Aerophobetes;NA;NA;NA;NA;NA;
/home/glbrc.org/echiang3/Inulin_MetaG/kaiju/all_shortreads/I-S07.kaiju.output	0.000409	172	200938	Bacteria;Chrysiogenetes;NA;NA;NA;NA;NA;
/home/glbrc.org/echiang3/Inulin_MetaG/kaiju/all_shortreads/I-S07.kaiju.output	0.000397	167	265317	Bacteria;Candidatus Poribacteria;NA;NA;NA;NA;NA;
/home/glbrc.org/echiang3/Inulin_MetaG/kaiju/all_shortreads/I-S07.kaiju.output	0.000345	145	67814	Bacteria;Caldiserica;NA;NA;NA;NA;NA;
/home/glbrc.org/echiang3/Inulin_MetaG/kaiju/all_shortreads/I-S07.kaiju.output	0.000345	145	1752731	Bacteria;Candidatus Magasanikbacteria;NA;NA;NA;NA;NA;
/home/glbrc.org/echiang3/Inulin_MetaG/kaiju/all_shortreads/I-S07.kaiju.output	0.000333	140	200295	Bacteria;Candidatus Sumerlaeota;NA;NA;NA;NA;NA;
/home/glbrc.org/echiang3/Inulin_MetaG/kaiju/all_shortreads/I-S07.kaiju.output	0.000330	139	33682	Eukaryota;Euglenozoa;NA;NA;NA;NA;NA;
/home/glbrc.org/echiang3/Inulin_MetaG/kaiju/all_shortreads/I-S07.kaiju.output	0.000326	137	1752735	Bacteria;Candidatus Wolfebacteria;NA;NA;NA;NA;NA;
/home/glbrc.org/echiang3/Inulin_MetaG/kaiju/all_shortreads/I-S07.kaiju.output	0.000323	136	1752734	Bacteria;Candidatus Kaiserbacteria;NA;NA;NA;NA;NA;
/home/glbrc.org/echiang3/Inulin_MetaG/kaiju/all_shortreads/I-S07.kaiju.output	0.000318	134	1752732	Bacteria;Candidatus Uhrbacteria;NA;NA;NA;NA;NA;
/home/glbrc.org/echiang3/Inulin_MetaG/kaiju/all_shortreads/I-S07.kaiju.output	0.000316	133	1752728	Bacteria;Candidatus Falkowbacteria;NA;NA;NA;NA;NA;
/home/glbrc.org/echiang3/Inulin_MetaG/kaiju/all_shortreads/I-S07.kaiju.output	0.000292	123	1752723	Bacteria;Candidatus Roizmanbacteria;NA;NA;NA;NA;NA;
/home/glbrc.org/echiang3/Inulin_MetaG/kaiju/all_shortreads/I-S07.kaiju.output	0.000273	115	422282	Bacteria;candidate division WWE3;NA;NA;NA;NA;NA;
/home/glbrc.org/echiang3/Inulin_MetaG/kaiju/all_shortreads/I-S07.kaiju.output	0.000269	113	142187	Bacteria;Candidatus Hydrogenedentes;NA;NA;NA;NA;NA;
/home/glbrc.org/echiang3/Inulin_MetaG/kaiju/all_shortreads/I-S07.kaiju.output	0.000269	113	1703755	Bacteria;candidate division WOR-3;NA;NA;NA;NA;NA;
/home/glbrc.org/echiang3/Inulin_MetaG/kaiju/all_shortreads/I-S07.kaiju.output	0.000266	112	28889	Archaea;Crenarchaeota;NA;NA;NA;NA;NA;
/home/glbrc.org/echiang3/Inulin_MetaG/kaiju/all_shortreads/I-S07.kaiju.output	0.000266	112	1662329	Bacteria;Candidatus Kapabacteria;NA;NA;NA;NA;NA;
/home/glbrc.org/echiang3/Inulin_MetaG/kaiju/all_shortreads/I-S07.kaiju.output	0.000266	112	1729712	Bacteria;Candidatus Fermentibacteria;NA;NA;NA;NA;NA;
/home/glbrc.org/echiang3/Inulin_MetaG/kaiju/all_shortreads/I-S07.kaiju.output	0.000266	112	2498705	Bacteria;Candidatus Cryosericota;NA;NA;NA;NA;NA;
/home/glbrc.org/echiang3/Inulin_MetaG/kaiju/all_shortreads/I-S07.kaiju.output	0.000252	106	1618339	Bacteria;candidate division CPR2;NA;NA;NA;NA;NA;
/home/glbrc.org/echiang3/Inulin_MetaG/kaiju/all_shortreads/I-S07.kaiju.output	0.000235	99	68297	Bacteria;Dictyoglomi;NA;NA;NA;NA;NA;
/home/glbrc.org/echiang3/Inulin_MetaG/kaiju/all_shortreads/I-S07.kaiju.output	0.000233	98	1913638	Eukaryota;Zoopagomycota;NA;NA;NA;NA;NA;
/home/glbrc.org/echiang3/Inulin_MetaG/kaiju/all_shortreads/I-S07.kaiju.output	0.000223	94	1817812	Bacteria;Candidatus Wallbacteria;NA;NA;NA;NA;NA;
/home/glbrc.org/echiang3/Inulin_MetaG/kaiju/all_shortreads/I-S07.kaiju.output	0.000216	91	1817799	Bacteria;Candidatus Doudnabacteria;NA;NA;NA;NA;NA;
/home/glbrc.org/echiang3/Inulin_MetaG/kaiju/all_shortreads/I-S07.kaiju.output	0.000216	91	1817810	Bacteria;Candidatus Riflebacteria;NA;NA;NA;NA;NA;
/home/glbrc.org/echiang3/Inulin_MetaG/kaiju/all_shortreads/I-S07.kaiju.output	0.000209	88	2836	Eukaryota;Bacillariophyta;NA;NA;NA;NA;NA;
/home/glbrc.org/echiang3/Inulin_MetaG/kaiju/all_shortreads/I-S07.kaiju.output	0.000209	88	6029	Eukaryota;Microsporidia;NA;NA;NA;NA;NA;
/home/glbrc.org/echiang3/Inulin_MetaG/kaiju/all_shortreads/I-S07.kaiju.output	0.000209	88	1817916	Bacteria;Candidatus Staskawiczbacteria;NA;NA;NA;NA;NA;
/home/glbrc.org/echiang3/Inulin_MetaG/kaiju/all_shortreads/I-S07.kaiju.output	0.000200	84	1817911	Bacteria;Candidatus Nealsonbacteria;NA;NA;NA;NA;NA;
/home/glbrc.org/echiang3/Inulin_MetaG/kaiju/all_shortreads/I-S07.kaiju.output	0.000192	81	1752730	Bacteria;Candidatus Amesbacteria;NA;NA;NA;NA;NA;
/home/glbrc.org/echiang3/Inulin_MetaG/kaiju/all_shortreads/I-S07.kaiju.output	0.000192	81	1801616	Archaea;Candidatus Woesearchaeota;NA;NA;NA;NA;NA;
/home/glbrc.org/echiang3/Inulin_MetaG/kaiju/all_shortreads/I-S07.kaiju.output	0.000192	81	1855361	Bacteria;Candidatus Kryptonia;NA;NA;NA;NA;NA;
/home/glbrc.org/echiang3/Inulin_MetaG/kaiju/all_shortreads/I-S07.kaiju.output	0.000190	80	363464	Bacteria;Candidatus Gracilibacteria;NA;NA;NA;NA;NA;
/home/glbrc.org/echiang3/Inulin_MetaG/kaiju/all_shortreads/I-S07.kaiju.output	0.000181	76	1752718	Bacteria;Candidatus Daviesbacteria;NA;NA;NA;NA;NA;
/home/glbrc.org/echiang3/Inulin_MetaG/kaiju/all_shortreads/I-S07.kaiju.output	0.000181	76	1817802	Bacteria;Candidatus Firestonebacteria;NA;NA;NA;NA;NA;
/home/glbrc.org/echiang3/Inulin_MetaG/kaiju/all_shortreads/I-S07.kaiju.output	0.000178	75	1655434	Archaea;Candidatus Lokiarchaeota;NA;NA;NA;NA;NA;
/home/glbrc.org/echiang3/Inulin_MetaG/kaiju/all_shortreads/I-S07.kaiju.output	0.000176	74	1817801	Bacteria;Candidatus Eisenbacteria;NA;NA;NA;NA;NA;
/home/glbrc.org/echiang3/Inulin_MetaG/kaiju/all_shortreads/I-S07.kaiju.output	0.000166	70	1817907	Bacteria;Candidatus Kerfeldbacteria;NA;NA;NA;NA;NA;
/home/glbrc.org/echiang3/Inulin_MetaG/kaiju/all_shortreads/I-S07.kaiju.output	0.000164	69	1752738	Bacteria;Candidatus Giovannonibacteria;NA;NA;NA;NA;NA;
/home/glbrc.org/echiang3/Inulin_MetaG/kaiju/all_shortreads/I-S07.kaiju.output	0.000162	68	1802339	Bacteria;Candidatus Tectomicrobia;NA;NA;NA;NA;NA;
/home/glbrc.org/echiang3/Inulin_MetaG/kaiju/all_shortreads/I-S07.kaiju.output	0.000159	67	5752	Eukaryota;Heterolobosea;NA;NA;NA;NA;NA;
/home/glbrc.org/echiang3/Inulin_MetaG/kaiju/all_shortreads/I-S07.kaiju.output	0.000157	66	1819803	Bacteria;Candidatus Desantisbacteria;NA;NA;NA;NA;NA;
/home/glbrc.org/echiang3/Inulin_MetaG/kaiju/all_shortreads/I-S07.kaiju.output	0.000154	65	1817809	Bacteria;Candidatus Raymondbacteria;NA;NA;NA;NA;NA;
/home/glbrc.org/echiang3/Inulin_MetaG/kaiju/all_shortreads/I-S07.kaiju.output	0.000152	64	1752722	Bacteria;Candidatus Woesebacteria;NA;NA;NA;NA;NA;
/home/glbrc.org/echiang3/Inulin_MetaG/kaiju/all_shortreads/I-S07.kaiju.output	0.000147	62	1752740	Bacteria;Candidatus Kuenenbacteria;NA;NA;NA;NA;NA;
/home/glbrc.org/echiang3/Inulin_MetaG/kaiju/all_shortreads/I-S07.kaiju.output	0.000145	61	1618330	Bacteria;Candidatus Berkelbacteria;NA;NA;NA;NA;NA;
/home/glbrc.org/echiang3/Inulin_MetaG/kaiju/all_shortreads/I-S07.kaiju.output	0.000145	61	1817905	Bacteria;Candidatus Harrisonbacteria;NA;NA;NA;NA;NA;
/home/glbrc.org/echiang3/Inulin_MetaG/kaiju/all_shortreads/I-S07.kaiju.output	0.000143	60	651137	Archaea;Thaumarchaeota;NA;NA;NA;NA;NA;
/home/glbrc.org/echiang3/Inulin_MetaG/kaiju/all_shortreads/I-S07.kaiju.output	0.000143	60	1752733	Bacteria;Candidatus Yanofskybacteria;NA;NA;NA;NA;NA;
/home/glbrc.org/echiang3/Inulin_MetaG/kaiju/all_shortreads/I-S07.kaiju.output	0.000135	57	1130266	Bacteria;Candidatus Hydrothermae;NA;NA;NA;NA;NA;
/home/glbrc.org/echiang3/Inulin_MetaG/kaiju/all_shortreads/I-S07.kaiju.output	0.000135	57	1752727	Bacteria;Candidatus Campbellbacteria;NA;NA;NA;NA;NA;
/home/glbrc.org/echiang3/Inulin_MetaG/kaiju/all_shortreads/I-S07.kaiju.output	0.000131	55	1817913	Bacteria;Candidatus Portnoybacteria;NA;NA;NA;NA;NA;
/home/glbrc.org/echiang3/Inulin_MetaG/kaiju/all_shortreads/I-S07.kaiju.output	0.000128	54	1817903	Bacteria;Candidatus Buchananbacteria;NA;NA;NA;NA;NA;
/home/glbrc.org/echiang3/Inulin_MetaG/kaiju/all_shortreads/I-S07.kaiju.output	0.000126	53	640293	Bacteria;candidate division NC10;NA;NA;NA;NA;NA;
/home/glbrc.org/echiang3/Inulin_MetaG/kaiju/all_shortreads/I-S07.kaiju.output	0.000126	53	1752729	Bacteria;Candidatus Nomurabacteria;NA;NA;NA;NA;NA;
/home/glbrc.org/echiang3/Inulin_MetaG/kaiju/all_shortreads/I-S07.kaiju.output	0.000126	53	1817798	Bacteria;Candidatus Delongbacteria;NA;NA;NA;NA;NA;
/home/glbrc.org/echiang3/Inulin_MetaG/kaiju/all_shortreads/I-S07.kaiju.output	0.000116	49	2052312	Bacteria;Candidatus Dormibacteraeota;NA;NA;NA;NA;NA;
/home/glbrc.org/echiang3/Inulin_MetaG/kaiju/all_shortreads/I-S07.kaiju.output	0.000116	49	2608109	Eukaryota;Haptista;NA;NA;NA;NA;NA;
/home/glbrc.org/echiang3/Inulin_MetaG/kaiju/all_shortreads/I-S07.kaiju.output	0.000112	47	1817908	Bacteria;Candidatus Komeilibacteria;NA;NA;NA;NA;NA;
/home/glbrc.org/echiang3/Inulin_MetaG/kaiju/all_shortreads/I-S07.kaiju.output	0.000107	45	1704031	Bacteria;candidate division KD3-62;NA;NA;NA;NA;NA;
/home/glbrc.org/echiang3/Inulin_MetaG/kaiju/all_shortreads/I-S07.kaiju.output	0.000105	44	51967	Archaea;Candidatus Korarchaeota;NA;NA;NA;NA;NA;
/home/glbrc.org/echiang3/Inulin_MetaG/kaiju/all_shortreads/I-S07.kaiju.output	0.000105	44	1752719	Bacteria;Candidatus Levybacteria;NA;NA;NA;NA;NA;
/home/glbrc.org/echiang3/Inulin_MetaG/kaiju/all_shortreads/I-S07.kaiju.output	0.000102	43	1817922	Bacteria;Candidatus Vogelbacteria;NA;NA;NA;NA;NA;
/home/glbrc.org/echiang3/Inulin_MetaG/kaiju/all_shortreads/I-S07.kaiju.output	0.000102	43	1817925	Bacteria;Candidatus Zambryskibacteria;NA;NA;NA;NA;NA;
/home/glbrc.org/echiang3/Inulin_MetaG/kaiju/all_shortreads/I-S07.kaiju.output	0.000100	42	1817811	Bacteria;Candidatus Schekmanbacteria;NA;NA;NA;NA;NA;
/home/glbrc.org/echiang3/Inulin_MetaG/kaiju/all_shortreads/I-S07.kaiju.output	0.000095	40	1706441	Archaea;Candidatus Thorarchaeota;NA;NA;NA;NA;NA;
/home/glbrc.org/echiang3/Inulin_MetaG/kaiju/all_shortreads/I-S07.kaiju.output	0.000095	40	1752720	Bacteria;Candidatus Gottesmanbacteria;NA;NA;NA;NA;NA;
/home/glbrc.org/echiang3/Inulin_MetaG/kaiju/all_shortreads/I-S07.kaiju.output	0.000093	39	1817803	Bacteria;Candidatus Fischerbacteria;NA;NA;NA;NA;NA;
/home/glbrc.org/echiang3/Inulin_MetaG/kaiju/all_shortreads/I-S07.kaiju.output	0.000093	39	2093358	Bacteria;Candidatus Abyssubacteria;NA;NA;NA;NA;NA;
/home/glbrc.org/echiang3/Inulin_MetaG/kaiju/all_shortreads/I-S07.kaiju.output	0.000090	38	2138240	Bacteria;Coprothermobacterota;NA;NA;NA;NA;NA;
/home/glbrc.org/echiang3/Inulin_MetaG/kaiju/all_shortreads/I-S07.kaiju.output	0.000088	37	1618340	Bacteria;candidate division CPR3;NA;NA;NA;NA;NA;
/home/glbrc.org/echiang3/Inulin_MetaG/kaiju/all_shortreads/I-S07.kaiju.output	0.000078	33	2013583	Bacteria;Candidatus Goldbacteria;NA;NA;NA;NA;NA;
/home/glbrc.org/echiang3/Inulin_MetaG/kaiju/all_shortreads/I-S07.kaiju.output	0.000076	32	67820	Bacteria;Candidatus Microgenomates;NA;NA;NA;NA;NA;
/home/glbrc.org/echiang3/Inulin_MetaG/kaiju/all_shortreads/I-S07.kaiju.output	0.000076	32	1752721	Bacteria;Candidatus Shapirobacteria;NA;NA;NA;NA;NA;
/home/glbrc.org/echiang3/Inulin_MetaG/kaiju/all_shortreads/I-S07.kaiju.output	0.000076	32	1801631	Archaea;Candidatus Micrarchaeota;NA;NA;NA;NA;NA;
/home/glbrc.org/echiang3/Inulin_MetaG/kaiju/all_shortreads/I-S07.kaiju.output	0.000074	31	1752724	Bacteria;Candidatus Pacebacteria;NA;NA;NA;NA;NA;
/home/glbrc.org/echiang3/Inulin_MetaG/kaiju/all_shortreads/I-S07.kaiju.output	0.000074	31	2582935	Archaea;Candidatus Altiarchaeota;NA;NA;NA;NA;NA;
/home/glbrc.org/echiang3/Inulin_MetaG/kaiju/all_shortreads/I-S07.kaiju.output	0.000071	30	1817797	Bacteria;Candidatus Coatesbacteria;NA;NA;NA;NA;NA;
/home/glbrc.org/echiang3/Inulin_MetaG/kaiju/all_shortreads/I-S07.kaiju.output	0.000069	29	555280	Eukaryota;Discosea;NA;NA;NA;NA;NA;
/home/glbrc.org/echiang3/Inulin_MetaG/kaiju/all_shortreads/I-S07.kaiju.output	0.000064	27	1752726	Bacteria;Candidatus Beckwithbacteria;NA;NA;NA;NA;NA;
/home/glbrc.org/echiang3/Inulin_MetaG/kaiju/all_shortreads/I-S07.kaiju.output	0.000064	27	1817898	Bacteria;Candidatus Blackburnbacteria;NA;NA;NA;NA;NA;
/home/glbrc.org/echiang3/Inulin_MetaG/kaiju/all_shortreads/I-S07.kaiju.output	0.000059	25	1817914	Bacteria;Candidatus Ryanbacteria;NA;NA;NA;NA;NA;
/home/glbrc.org/echiang3/Inulin_MetaG/kaiju/all_shortreads/I-S07.kaiju.output	0.000059	25	2497438	Eukaryota;Perkinsozoa;NA;NA;NA;NA;NA;
/home/glbrc.org/echiang3/Inulin_MetaG/kaiju/all_shortreads/I-S07.kaiju.output	0.000055	23	1031332	Eukaryota;Cryptomycota;NA;NA;NA;NA;NA;
/home/glbrc.org/echiang3/Inulin_MetaG/kaiju/all_shortreads/I-S07.kaiju.output	0.000055	23	1752717	Bacteria;Candidatus Curtissbacteria;NA;NA;NA;NA;NA;
/home/glbrc.org/echiang3/Inulin_MetaG/kaiju/all_shortreads/I-S07.kaiju.output	0.000055	23	1752739	Bacteria;Candidatus Jorgensenbacteria;NA;NA;NA;NA;NA;
/home/glbrc.org/echiang3/Inulin_MetaG/kaiju/all_shortreads/I-S07.kaiju.output	0.000055	23	1817901	Bacteria;Candidatus Andersenbacteria;NA;NA;NA;NA;NA;
/home/glbrc.org/echiang3/Inulin_MetaG/kaiju/all_shortreads/I-S07.kaiju.output	0.000052	22	2109258	Bacteria;Abditibacteriota;NA;NA;NA;NA;NA;
/home/glbrc.org/echiang3/Inulin_MetaG/kaiju/all_shortreads/I-S07.kaiju.output	0.000050	21	743724	Archaea;Candidatus Aenigmarchaeota;NA;NA;NA;NA;NA;
/home/glbrc.org/echiang3/Inulin_MetaG/kaiju/all_shortreads/I-S07.kaiju.output	0.000050	21	1817806	Bacteria;Candidatus Handelsmanbacteria;NA;NA;NA;NA;NA;
/home/glbrc.org/echiang3/Inulin_MetaG/kaiju/all_shortreads/I-S07.kaiju.output	0.000048	20	2576005	Bacteria;candidate division LCP-89;NA;NA;NA;NA;NA;
/home/glbrc.org/echiang3/Inulin_MetaG/kaiju/all_shortreads/I-S07.kaiju.output	0.000045	19	1752725	Bacteria;Candidatus Collierbacteria;NA;NA;NA;NA;NA;
/home/glbrc.org/echiang3/Inulin_MetaG/kaiju/all_shortreads/I-S07.kaiju.output	0.000043	18	1817919	Bacteria;Candidatus Taylorbacteria;NA;NA;NA;NA;NA;
/home/glbrc.org/echiang3/Inulin_MetaG/kaiju/all_shortreads/I-S07.kaiju.output	0.000043	18	1978152	Archaea;Candidatus Marsarchaeota;NA;NA;NA;NA;NA;
/home/glbrc.org/echiang3/Inulin_MetaG/kaiju/all_shortreads/I-S07.kaiju.output	0.000043	18	2703810	Bacteria;Candidatus Mcinerneyibacteriota;NA;NA;NA;NA;NA;
/home/glbrc.org/echiang3/Inulin_MetaG/kaiju/all_shortreads/I-S07.kaiju.output	0.000040	17	1817899	Bacteria;Candidatus Woykebacteria;NA;NA;NA;NA;NA;
/home/glbrc.org/echiang3/Inulin_MetaG/kaiju/all_shortreads/I-S07.kaiju.output	0.000038	16	1154676	Bacteria;Candidatus Eremiobacteraeota;NA;NA;NA;NA;NA;
/home/glbrc.org/echiang3/Inulin_MetaG/kaiju/all_shortreads/I-S07.kaiju.output	0.000036	15	1817796	Bacteria;Candidatus Abawacabacteria;NA;NA;NA;NA;NA;
/home/glbrc.org/echiang3/Inulin_MetaG/kaiju/all_shortreads/I-S07.kaiju.output	0.000033	14	451459	Eukaryota;Blastocladiomycota;NA;NA;NA;NA;NA;
/home/glbrc.org/echiang3/Inulin_MetaG/kaiju/all_shortreads/I-S07.kaiju.output	0.000033	14	1817800	Bacteria;Candidatus Edwardsbacteria;NA;NA;NA;NA;NA;
/home/glbrc.org/echiang3/Inulin_MetaG/kaiju/all_shortreads/I-S07.kaiju.output	0.000033	14	1936272	Archaea;Candidatus Heimdallarchaeota;NA;NA;NA;NA;NA;
/home/glbrc.org/echiang3/Inulin_MetaG/kaiju/all_shortreads/I-S07.kaiju.output	0.000031	13	1817918	Bacteria;Candidatus Tagabacteria;NA;NA;NA;NA;NA;
/home/glbrc.org/echiang3/Inulin_MetaG/kaiju/all_shortreads/I-S07.kaiju.output	0.000029	12	29178	Eukaryota;Foraminifera;NA;NA;NA;NA;NA;
/home/glbrc.org/echiang3/Inulin_MetaG/kaiju/all_shortreads/I-S07.kaiju.output	0.000029	12	1817805	Bacteria;Candidatus Glassbacteria;NA;NA;NA;NA;NA;
/home/glbrc.org/echiang3/Inulin_MetaG/kaiju/all_shortreads/I-S07.kaiju.output	0.000029	12	1817920	Bacteria;Candidatus Terrybacteria;NA;NA;NA;NA;NA;
/home/glbrc.org/echiang3/Inulin_MetaG/kaiju/all_shortreads/I-S07.kaiju.output	0.000029	12	1817924	Bacteria;Candidatus Yonathbacteria;NA;NA;NA;NA;NA;
/home/glbrc.org/echiang3/Inulin_MetaG/kaiju/all_shortreads/I-S07.kaiju.output	0.000029	12	2093364	Bacteria;Candidatus Aureabacteria;NA;NA;NA;NA;NA;
/home/glbrc.org/echiang3/Inulin_MetaG/kaiju/all_shortreads/I-S07.kaiju.output	0.000026	11	1817807	Bacteria;Candidatus Lindowbacteria;NA;NA;NA;NA;NA;
/home/glbrc.org/echiang3/Inulin_MetaG/kaiju/all_shortreads/I-S07.kaiju.output	0.000026	11	1817926	Bacteria;Candidatus Wirthbacteria;NA;NA;NA;NA;NA;
/home/glbrc.org/echiang3/Inulin_MetaG/kaiju/all_shortreads/I-S07.kaiju.output	0.000021	9	1817904	Bacteria;Candidatus Colwellbacteria;NA;NA;NA;NA;NA;
/home/glbrc.org/echiang3/Inulin_MetaG/kaiju/all_shortreads/I-S07.kaiju.output	0.000021	9	1817909	Bacteria;Candidatus Liptonbacteria;NA;NA;NA;NA;NA;
/home/glbrc.org/echiang3/Inulin_MetaG/kaiju/all_shortreads/I-S07.kaiju.output	0.000019	8	1736114	Eukaryota;Imbricatea;NA;NA;NA;NA;NA;
/home/glbrc.org/echiang3/Inulin_MetaG/kaiju/all_shortreads/I-S07.kaiju.output	0.000019	8	1752741	Bacteria;Candidatus Azambacteria;NA;NA;NA;NA;NA;
/home/glbrc.org/echiang3/Inulin_MetaG/kaiju/all_shortreads/I-S07.kaiju.output	0.000019	8	1817923	Bacteria;Candidatus Wildermuthbacteria;NA;NA;NA;NA;NA;
/home/glbrc.org/echiang3/Inulin_MetaG/kaiju/all_shortreads/I-S07.kaiju.output	0.000019	8	1935021	Archaea;Candidatus Geothermarchaeota;NA;NA;NA;NA;NA;
/home/glbrc.org/echiang3/Inulin_MetaG/kaiju/all_shortreads/I-S07.kaiju.output	0.000019	8	2604748	Eukaryota;Endomyxa;NA;NA;NA;NA;NA;
/home/glbrc.org/echiang3/Inulin_MetaG/kaiju/all_shortreads/I-S07.kaiju.output	0.000014	6	1752736	Bacteria;Candidatus Adlerbacteria;NA;NA;NA;NA;NA;
/home/glbrc.org/echiang3/Inulin_MetaG/kaiju/all_shortreads/I-S07.kaiju.output	0.000014	6	1817917	Bacteria;Candidatus Sungbacteria;NA;NA;NA;NA;NA;
/home/glbrc.org/echiang3/Inulin_MetaG/kaiju/all_shortreads/I-S07.kaiju.output	0.000012	5	1817910	Bacteria;Candidatus Lloydbacteria;NA;NA;NA;NA;NA;
/home/glbrc.org/echiang3/Inulin_MetaG/kaiju/all_shortreads/I-S07.kaiju.output	0.000012	5	1817915	Bacteria;Candidatus Spechtbacteria;NA;NA;NA;NA;NA;
/home/glbrc.org/echiang3/Inulin_MetaG/kaiju/all_shortreads/I-S07.kaiju.output	0.000012	5	2301208	Bacteria;Candidatus Cerribacteria;NA;NA;NA;NA;NA;
/home/glbrc.org/echiang3/Inulin_MetaG/kaiju/all_shortreads/I-S07.kaiju.output	0.000010	4	192989	Archaea;Nanoarchaeota;NA;NA;NA;NA;NA;
/home/glbrc.org/echiang3/Inulin_MetaG/kaiju/all_shortreads/I-S07.kaiju.output	0.000010	4	743725	Archaea;Candidatus Diapherotrites;NA;NA;NA;NA;NA;
/home/glbrc.org/echiang3/Inulin_MetaG/kaiju/all_shortreads/I-S07.kaiju.output	0.000010	4	1817906	Bacteria;Candidatus Jacksonbacteria;NA;NA;NA;NA;NA;
/home/glbrc.org/echiang3/Inulin_MetaG/kaiju/all_shortreads/I-S07.kaiju.output	0.000007	3	555369	Eukaryota;Tubulinea;NA;NA;NA;NA;NA;
/home/glbrc.org/echiang3/Inulin_MetaG/kaiju/all_shortreads/I-S07.kaiju.output	0.000005	2	136419	Eukaryota;Cercozoa;NA;NA;NA;NA;NA;
/home/glbrc.org/echiang3/Inulin_MetaG/kaiju/all_shortreads/I-S07.kaiju.output	0.000005	2	1817912	Bacteria;Candidatus Niyogibacteria;NA;NA;NA;NA;NA;
/home/glbrc.org/echiang3/Inulin_MetaG/kaiju/all_shortreads/I-S07.kaiju.output	0.000005	2	1915410	Archaea;Candidatus Verstraetearchaeota;NA;NA;NA;NA;NA;
/home/glbrc.org/echiang3/Inulin_MetaG/kaiju/all_shortreads/I-S07.kaiju.output	0.000002	1	1618338	Bacteria;candidate division CPR1;NA;NA;NA;NA;NA;
/home/glbrc.org/echiang3/Inulin_MetaG/kaiju/all_shortreads/I-S07.kaiju.output	0.000002	1	1936271	Archaea;Candidatus Odinarchaeota;NA;NA;NA;NA;NA;
/home/glbrc.org/echiang3/Inulin_MetaG/kaiju/all_shortreads/I-S07.kaiju.output	0.003626	1526	10239	Viruses
/home/glbrc.org/echiang3/Inulin_MetaG/kaiju/all_shortreads/I-S07.kaiju.output	5.860451	2466396	NA	cannot be assigned to a (non-viral) phylum
/home/glbrc.org/echiang3/Inulin_MetaG/kaiju/all_shortreads/I-S07.kaiju.output	54.022402	22735560	NA	unclassified
