file	percent	reads	taxon_id	taxon_name
/home/glbrc.org/echiang3/Inulin_MetaG/kaiju/all_shortreads/I-S29.kaiju.output	21.879322	12925260	976	Bacteria;Bacteroidetes;NA;NA;NA;NA;NA;
/home/glbrc.org/echiang3/Inulin_MetaG/kaiju/all_shortreads/I-S29.kaiju.output	17.584394	10388021	1239	Bacteria;Firmicutes;NA;NA;NA;NA;NA;
/home/glbrc.org/echiang3/Inulin_MetaG/kaiju/all_shortreads/I-S29.kaiju.output	0.702638	415085	1224	Bacteria;Proteobacteria;NA;NA;NA;NA;NA;
/home/glbrc.org/echiang3/Inulin_MetaG/kaiju/all_shortreads/I-S29.kaiju.output	0.354643	209506	74201	Bacteria;Verrucomicrobia;NA;NA;NA;NA;NA;
/home/glbrc.org/echiang3/Inulin_MetaG/kaiju/all_shortreads/I-S29.kaiju.output	0.123724	73090	201174	Bacteria;Actinobacteria;NA;NA;NA;NA;NA;
/home/glbrc.org/echiang3/Inulin_MetaG/kaiju/all_shortreads/I-S29.kaiju.output	0.082635	48817	74152	Bacteria;Elusimicrobia;NA;NA;NA;NA;NA;
/home/glbrc.org/echiang3/Inulin_MetaG/kaiju/all_shortreads/I-S29.kaiju.output	0.075152	44396	1798710	Bacteria;Candidatus Melainabacteria;NA;NA;NA;NA;NA;
/home/glbrc.org/echiang3/Inulin_MetaG/kaiju/all_shortreads/I-S29.kaiju.output	0.054845	32400	203691	Bacteria;Spirochaetes;NA;NA;NA;NA;NA;
/home/glbrc.org/echiang3/Inulin_MetaG/kaiju/all_shortreads/I-S29.kaiju.output	0.030969	18295	32066	Bacteria;Fusobacteria;NA;NA;NA;NA;NA;
/home/glbrc.org/echiang3/Inulin_MetaG/kaiju/all_shortreads/I-S29.kaiju.output	0.028714	16963	2662611	Eukaryota;Preaxostyla;NA;NA;NA;NA;NA;
/home/glbrc.org/echiang3/Inulin_MetaG/kaiju/all_shortreads/I-S29.kaiju.output	0.018150	10722	65842	Bacteria;Fibrobacteres;NA;NA;NA;NA;NA;
/home/glbrc.org/echiang3/Inulin_MetaG/kaiju/all_shortreads/I-S29.kaiju.output	0.016950	10013	200795	Bacteria;Chloroflexi;NA;NA;NA;NA;NA;
/home/glbrc.org/echiang3/Inulin_MetaG/kaiju/all_shortreads/I-S29.kaiju.output	0.013046	7707	508458	Bacteria;Synergistetes;NA;NA;NA;NA;NA;
/home/glbrc.org/echiang3/Inulin_MetaG/kaiju/all_shortreads/I-S29.kaiju.output	0.010146	5994	28890	Archaea;Euryarchaeota;NA;NA;NA;NA;NA;
/home/glbrc.org/echiang3/Inulin_MetaG/kaiju/all_shortreads/I-S29.kaiju.output	0.009654	5703	203682	Bacteria;Planctomycetes;NA;NA;NA;NA;NA;
/home/glbrc.org/echiang3/Inulin_MetaG/kaiju/all_shortreads/I-S29.kaiju.output	0.006864	4055	544448	Bacteria;Tenericutes;NA;NA;NA;NA;NA;
/home/glbrc.org/echiang3/Inulin_MetaG/kaiju/all_shortreads/I-S29.kaiju.output	0.006003	3546	1117	Bacteria;Cyanobacteria;NA;NA;NA;NA;NA;
/home/glbrc.org/echiang3/Inulin_MetaG/kaiju/all_shortreads/I-S29.kaiju.output	0.005942	3510	57723	Bacteria;Acidobacteria;NA;NA;NA;NA;NA;
/home/glbrc.org/echiang3/Inulin_MetaG/kaiju/all_shortreads/I-S29.kaiju.output	0.005116	3022	4890	Eukaryota;Ascomycota;NA;NA;NA;NA;NA;
/home/glbrc.org/echiang3/Inulin_MetaG/kaiju/all_shortreads/I-S29.kaiju.output	0.004724	2791	256845	Bacteria;Lentisphaerae;NA;NA;NA;NA;NA;
/home/glbrc.org/echiang3/Inulin_MetaG/kaiju/all_shortreads/I-S29.kaiju.output	0.003582	2116	4761	Eukaryota;Chytridiomycota;NA;NA;NA;NA;NA;
/home/glbrc.org/echiang3/Inulin_MetaG/kaiju/all_shortreads/I-S29.kaiju.output	0.003457	2042	204428	Bacteria;Chlamydiae;NA;NA;NA;NA;NA;
/home/glbrc.org/echiang3/Inulin_MetaG/kaiju/all_shortreads/I-S29.kaiju.output	0.003177	1877	1134404	Bacteria;Ignavibacteriae;NA;NA;NA;NA;NA;
/home/glbrc.org/echiang3/Inulin_MetaG/kaiju/all_shortreads/I-S29.kaiju.output	0.003159	1866	40117	Bacteria;Nitrospirae;NA;NA;NA;NA;NA;
/home/glbrc.org/echiang3/Inulin_MetaG/kaiju/all_shortreads/I-S29.kaiju.output	0.002382	1407	200918	Bacteria;Thermotogae;NA;NA;NA;NA;NA;
/home/glbrc.org/echiang3/Inulin_MetaG/kaiju/all_shortreads/I-S29.kaiju.output	0.001982	1171	1913637	Eukaryota;Mucoromycota;NA;NA;NA;NA;NA;
/home/glbrc.org/echiang3/Inulin_MetaG/kaiju/all_shortreads/I-S29.kaiju.output	0.001901	1123	1090	Bacteria;Chlorobi;NA;NA;NA;NA;NA;
/home/glbrc.org/echiang3/Inulin_MetaG/kaiju/all_shortreads/I-S29.kaiju.output	0.001754	1036	3041	Eukaryota;Chlorophyta;NA;NA;NA;NA;NA;
/home/glbrc.org/echiang3/Inulin_MetaG/kaiju/all_shortreads/I-S29.kaiju.output	0.001644	971	142182	Bacteria;Gemmatimonadetes;NA;NA;NA;NA;NA;
/home/glbrc.org/echiang3/Inulin_MetaG/kaiju/all_shortreads/I-S29.kaiju.output	0.001598	944	5204	Eukaryota;Basidiomycota;NA;NA;NA;NA;NA;
/home/glbrc.org/echiang3/Inulin_MetaG/kaiju/all_shortreads/I-S29.kaiju.output	0.001571	928	456828	Bacteria;Candidatus Cloacimonetes;NA;NA;NA;NA;NA;
/home/glbrc.org/echiang3/Inulin_MetaG/kaiju/all_shortreads/I-S29.kaiju.output	0.001518	897	1930617	Bacteria;Calditrichaeota;NA;NA;NA;NA;NA;
/home/glbrc.org/echiang3/Inulin_MetaG/kaiju/all_shortreads/I-S29.kaiju.output	0.001424	841	67812	Bacteria;Candidatus Omnitrophica;NA;NA;NA;NA;NA;
/home/glbrc.org/echiang3/Inulin_MetaG/kaiju/all_shortreads/I-S29.kaiju.output	0.001405	830	1297	Bacteria;Deinococcus-Thermus;NA;NA;NA;NA;NA;
/home/glbrc.org/echiang3/Inulin_MetaG/kaiju/all_shortreads/I-S29.kaiju.output	0.001298	767	5794	Eukaryota;Apicomplexa;NA;NA;NA;NA;NA;
/home/glbrc.org/echiang3/Inulin_MetaG/kaiju/all_shortreads/I-S29.kaiju.output	0.001241	733	5719	Eukaryota;Parabasalia;NA;NA;NA;NA;NA;
/home/glbrc.org/echiang3/Inulin_MetaG/kaiju/all_shortreads/I-S29.kaiju.output	0.001217	719	200783	Bacteria;Aquificae;NA;NA;NA;NA;NA;
/home/glbrc.org/echiang3/Inulin_MetaG/kaiju/all_shortreads/I-S29.kaiju.output	0.001185	700	1936987	Bacteria;Balneolaeota;NA;NA;NA;NA;NA;
/home/glbrc.org/echiang3/Inulin_MetaG/kaiju/all_shortreads/I-S29.kaiju.output	0.001129	667	5878	Eukaryota;Ciliophora;NA;NA;NA;NA;NA;
/home/glbrc.org/echiang3/Inulin_MetaG/kaiju/all_shortreads/I-S29.kaiju.output	0.001129	667	1817808	Bacteria;Candidatus Margulisbacteria;NA;NA;NA;NA;NA;
/home/glbrc.org/echiang3/Inulin_MetaG/kaiju/all_shortreads/I-S29.kaiju.output	0.001117	660	134625	Bacteria;Kiritimatiellaeota;NA;NA;NA;NA;NA;
/home/glbrc.org/echiang3/Inulin_MetaG/kaiju/all_shortreads/I-S29.kaiju.output	0.001019	602	1379697	Bacteria;candidate division Zixibacteria;NA;NA;NA;NA;NA;
/home/glbrc.org/echiang3/Inulin_MetaG/kaiju/all_shortreads/I-S29.kaiju.output	0.000990	585	2605435	Eukaryota;Evosea;NA;NA;NA;NA;NA;
/home/glbrc.org/echiang3/Inulin_MetaG/kaiju/all_shortreads/I-S29.kaiju.output	0.000931	550	1752708	Bacteria;Candidatus Rokubacteria;NA;NA;NA;NA;NA;
/home/glbrc.org/echiang3/Inulin_MetaG/kaiju/all_shortreads/I-S29.kaiju.output	0.000811	479	1752729	Bacteria;Candidatus Nomurabacteria;NA;NA;NA;NA;NA;
/home/glbrc.org/echiang3/Inulin_MetaG/kaiju/all_shortreads/I-S29.kaiju.output	0.000801	473	6029	Eukaryota;Microsporidia;NA;NA;NA;NA;NA;
/home/glbrc.org/echiang3/Inulin_MetaG/kaiju/all_shortreads/I-S29.kaiju.output	0.000785	464	95818	Bacteria;Candidatus Saccharibacteria;NA;NA;NA;NA;NA;
/home/glbrc.org/echiang3/Inulin_MetaG/kaiju/all_shortreads/I-S29.kaiju.output	0.000741	438	67819	Bacteria;Armatimonadetes;NA;NA;NA;NA;NA;
/home/glbrc.org/echiang3/Inulin_MetaG/kaiju/all_shortreads/I-S29.kaiju.output	0.000723	427	1817919	Bacteria;Candidatus Taylorbacteria;NA;NA;NA;NA;NA;
/home/glbrc.org/echiang3/Inulin_MetaG/kaiju/all_shortreads/I-S29.kaiju.output	0.000708	418	62680	Bacteria;Candidatus Marinimicrobia;NA;NA;NA;NA;NA;
/home/glbrc.org/echiang3/Inulin_MetaG/kaiju/all_shortreads/I-S29.kaiju.output	0.000679	401	200930	Bacteria;Deferribacteres;NA;NA;NA;NA;NA;
/home/glbrc.org/echiang3/Inulin_MetaG/kaiju/all_shortreads/I-S29.kaiju.output	0.000672	397	221216	Bacteria;Candidatus Parcubacteria;NA;NA;NA;NA;NA;
/home/glbrc.org/echiang3/Inulin_MetaG/kaiju/all_shortreads/I-S29.kaiju.output	0.000579	342	74015	Bacteria;Candidatus Latescibacteria;NA;NA;NA;NA;NA;
/home/glbrc.org/echiang3/Inulin_MetaG/kaiju/all_shortreads/I-S29.kaiju.output	0.000579	342	1662329	Bacteria;Candidatus Kapabacteria;NA;NA;NA;NA;NA;
/home/glbrc.org/echiang3/Inulin_MetaG/kaiju/all_shortreads/I-S29.kaiju.output	0.000559	330	2763	Eukaryota;Rhodophyta;NA;NA;NA;NA;NA;
/home/glbrc.org/echiang3/Inulin_MetaG/kaiju/all_shortreads/I-S29.kaiju.output	0.000547	323	2608109	Eukaryota;Haptista;NA;NA;NA;NA;NA;
/home/glbrc.org/echiang3/Inulin_MetaG/kaiju/all_shortreads/I-S29.kaiju.output	0.000503	297	33682	Eukaryota;Euglenozoa;NA;NA;NA;NA;NA;
/home/glbrc.org/echiang3/Inulin_MetaG/kaiju/all_shortreads/I-S29.kaiju.output	0.000486	287	67818	Bacteria;Candidatus Atribacteria;NA;NA;NA;NA;NA;
/home/glbrc.org/echiang3/Inulin_MetaG/kaiju/all_shortreads/I-S29.kaiju.output	0.000471	278	1619053	Bacteria;Candidatus Peregrinibacteria;NA;NA;NA;NA;NA;
/home/glbrc.org/echiang3/Inulin_MetaG/kaiju/all_shortreads/I-S29.kaiju.output	0.000466	275	1802339	Bacteria;Candidatus Tectomicrobia;NA;NA;NA;NA;NA;
/home/glbrc.org/echiang3/Inulin_MetaG/kaiju/all_shortreads/I-S29.kaiju.output	0.000449	265	200940	Bacteria;Thermodesulfobacteria;NA;NA;NA;NA;NA;
/home/glbrc.org/echiang3/Inulin_MetaG/kaiju/all_shortreads/I-S29.kaiju.output	0.000442	261	265317	Bacteria;Candidatus Poribacteria;NA;NA;NA;NA;NA;
/home/glbrc.org/echiang3/Inulin_MetaG/kaiju/all_shortreads/I-S29.kaiju.output	0.000420	248	2836	Eukaryota;Bacillariophyta;NA;NA;NA;NA;NA;
/home/glbrc.org/echiang3/Inulin_MetaG/kaiju/all_shortreads/I-S29.kaiju.output	0.000406	240	67817	Bacteria;Candidatus Aminicenantes;NA;NA;NA;NA;NA;
/home/glbrc.org/echiang3/Inulin_MetaG/kaiju/all_shortreads/I-S29.kaiju.output	0.000396	234	1052815	Bacteria;Candidatus Aerophobetes;NA;NA;NA;NA;NA;
/home/glbrc.org/echiang3/Inulin_MetaG/kaiju/all_shortreads/I-S29.kaiju.output	0.000394	233	1853220	Bacteria;Rhodothermaeota;NA;NA;NA;NA;NA;
/home/glbrc.org/echiang3/Inulin_MetaG/kaiju/all_shortreads/I-S29.kaiju.output	0.000359	212	1913638	Eukaryota;Zoopagomycota;NA;NA;NA;NA;NA;
/home/glbrc.org/echiang3/Inulin_MetaG/kaiju/all_shortreads/I-S29.kaiju.output	0.000354	209	1817806	Bacteria;Candidatus Handelsmanbacteria;NA;NA;NA;NA;NA;
/home/glbrc.org/echiang3/Inulin_MetaG/kaiju/all_shortreads/I-S29.kaiju.output	0.000349	206	1293497	Bacteria;Nitrospinae;NA;NA;NA;NA;NA;
/home/glbrc.org/echiang3/Inulin_MetaG/kaiju/all_shortreads/I-S29.kaiju.output	0.000332	196	200938	Bacteria;Chrysiogenetes;NA;NA;NA;NA;NA;
/home/glbrc.org/echiang3/Inulin_MetaG/kaiju/all_shortreads/I-S29.kaiju.output	0.000330	195	928852	Archaea;Candidatus Bathyarchaeota;NA;NA;NA;NA;NA;
/home/glbrc.org/echiang3/Inulin_MetaG/kaiju/all_shortreads/I-S29.kaiju.output	0.000300	177	1817908	Bacteria;Candidatus Komeilibacteria;NA;NA;NA;NA;NA;
/home/glbrc.org/echiang3/Inulin_MetaG/kaiju/all_shortreads/I-S29.kaiju.output	0.000259	153	1752728	Bacteria;Candidatus Falkowbacteria;NA;NA;NA;NA;NA;
/home/glbrc.org/echiang3/Inulin_MetaG/kaiju/all_shortreads/I-S29.kaiju.output	0.000240	142	1752732	Bacteria;Candidatus Uhrbacteria;NA;NA;NA;NA;NA;
/home/glbrc.org/echiang3/Inulin_MetaG/kaiju/all_shortreads/I-S29.kaiju.output	0.000222	131	207245	Eukaryota;Fornicata;NA;NA;NA;NA;NA;
/home/glbrc.org/echiang3/Inulin_MetaG/kaiju/all_shortreads/I-S29.kaiju.output	0.000220	130	1817810	Bacteria;Candidatus Riflebacteria;NA;NA;NA;NA;NA;
/home/glbrc.org/echiang3/Inulin_MetaG/kaiju/all_shortreads/I-S29.kaiju.output	0.000218	129	1752737	Bacteria;Candidatus Moranbacteria;NA;NA;NA;NA;NA;
/home/glbrc.org/echiang3/Inulin_MetaG/kaiju/all_shortreads/I-S29.kaiju.output	0.000217	128	2498705	Bacteria;Candidatus Cryosericota;NA;NA;NA;NA;NA;
/home/glbrc.org/echiang3/Inulin_MetaG/kaiju/all_shortreads/I-S29.kaiju.output	0.000215	127	1752731	Bacteria;Candidatus Magasanikbacteria;NA;NA;NA;NA;NA;
/home/glbrc.org/echiang3/Inulin_MetaG/kaiju/all_shortreads/I-S29.kaiju.output	0.000215	127	1855361	Bacteria;Candidatus Kryptonia;NA;NA;NA;NA;NA;
/home/glbrc.org/echiang3/Inulin_MetaG/kaiju/all_shortreads/I-S29.kaiju.output	0.000200	118	1752716	Bacteria;Candidatus Dadabacteria;NA;NA;NA;NA;NA;
/home/glbrc.org/echiang3/Inulin_MetaG/kaiju/all_shortreads/I-S29.kaiju.output	0.000191	113	67810	Bacteria;Candidatus Bipolaricaulota;NA;NA;NA;NA;NA;
/home/glbrc.org/echiang3/Inulin_MetaG/kaiju/all_shortreads/I-S29.kaiju.output	0.000188	111	1801616	Archaea;Candidatus Woesearchaeota;NA;NA;NA;NA;NA;
/home/glbrc.org/echiang3/Inulin_MetaG/kaiju/all_shortreads/I-S29.kaiju.output	0.000186	110	1752734	Bacteria;Candidatus Kaiserbacteria;NA;NA;NA;NA;NA;
/home/glbrc.org/echiang3/Inulin_MetaG/kaiju/all_shortreads/I-S29.kaiju.output	0.000185	109	68297	Bacteria;Dictyoglomi;NA;NA;NA;NA;NA;
/home/glbrc.org/echiang3/Inulin_MetaG/kaiju/all_shortreads/I-S29.kaiju.output	0.000185	109	1706441	Archaea;Candidatus Thorarchaeota;NA;NA;NA;NA;NA;
/home/glbrc.org/echiang3/Inulin_MetaG/kaiju/all_shortreads/I-S29.kaiju.output	0.000185	109	1817907	Bacteria;Candidatus Kerfeldbacteria;NA;NA;NA;NA;NA;
/home/glbrc.org/echiang3/Inulin_MetaG/kaiju/all_shortreads/I-S29.kaiju.output	0.000178	105	5752	Eukaryota;Heterolobosea;NA;NA;NA;NA;NA;
/home/glbrc.org/echiang3/Inulin_MetaG/kaiju/all_shortreads/I-S29.kaiju.output	0.000166	98	1130266	Bacteria;Candidatus Hydrothermae;NA;NA;NA;NA;NA;
/home/glbrc.org/echiang3/Inulin_MetaG/kaiju/all_shortreads/I-S29.kaiju.output	0.000164	97	1752723	Bacteria;Candidatus Roizmanbacteria;NA;NA;NA;NA;NA;
/home/glbrc.org/echiang3/Inulin_MetaG/kaiju/all_shortreads/I-S29.kaiju.output	0.000157	93	555280	Eukaryota;Discosea;NA;NA;NA;NA;NA;
/home/glbrc.org/echiang3/Inulin_MetaG/kaiju/all_shortreads/I-S29.kaiju.output	0.000149	88	422282	Bacteria;candidate division WWE3;NA;NA;NA;NA;NA;
/home/glbrc.org/echiang3/Inulin_MetaG/kaiju/all_shortreads/I-S29.kaiju.output	0.000146	86	1752720	Bacteria;Candidatus Gottesmanbacteria;NA;NA;NA;NA;NA;
/home/glbrc.org/echiang3/Inulin_MetaG/kaiju/all_shortreads/I-S29.kaiju.output	0.000146	86	1817911	Bacteria;Candidatus Nealsonbacteria;NA;NA;NA;NA;NA;
/home/glbrc.org/echiang3/Inulin_MetaG/kaiju/all_shortreads/I-S29.kaiju.output	0.000144	85	2497438	Eukaryota;Perkinsozoa;NA;NA;NA;NA;NA;
/home/glbrc.org/echiang3/Inulin_MetaG/kaiju/all_shortreads/I-S29.kaiju.output	0.000142	84	1752721	Bacteria;Candidatus Shapirobacteria;NA;NA;NA;NA;NA;
/home/glbrc.org/echiang3/Inulin_MetaG/kaiju/all_shortreads/I-S29.kaiju.output	0.000142	84	1819803	Bacteria;Candidatus Desantisbacteria;NA;NA;NA;NA;NA;
/home/glbrc.org/echiang3/Inulin_MetaG/kaiju/all_shortreads/I-S29.kaiju.output	0.000140	83	1703755	Bacteria;candidate division WOR-3;NA;NA;NA;NA;NA;
/home/glbrc.org/echiang3/Inulin_MetaG/kaiju/all_shortreads/I-S29.kaiju.output	0.000132	78	640293	Bacteria;candidate division NC10;NA;NA;NA;NA;NA;
/home/glbrc.org/echiang3/Inulin_MetaG/kaiju/all_shortreads/I-S29.kaiju.output	0.000129	76	1752733	Bacteria;Candidatus Yanofskybacteria;NA;NA;NA;NA;NA;
/home/glbrc.org/echiang3/Inulin_MetaG/kaiju/all_shortreads/I-S29.kaiju.output	0.000127	75	651137	Archaea;Thaumarchaeota;NA;NA;NA;NA;NA;
/home/glbrc.org/echiang3/Inulin_MetaG/kaiju/all_shortreads/I-S29.kaiju.output	0.000125	74	2604748	Eukaryota;Endomyxa;NA;NA;NA;NA;NA;
/home/glbrc.org/echiang3/Inulin_MetaG/kaiju/all_shortreads/I-S29.kaiju.output	0.000117	69	1729712	Bacteria;Candidatus Fermentibacteria;NA;NA;NA;NA;NA;
/home/glbrc.org/echiang3/Inulin_MetaG/kaiju/all_shortreads/I-S29.kaiju.output	0.000115	68	1655434	Archaea;Candidatus Lokiarchaeota;NA;NA;NA;NA;NA;
/home/glbrc.org/echiang3/Inulin_MetaG/kaiju/all_shortreads/I-S29.kaiju.output	0.000115	68	1817801	Bacteria;Candidatus Eisenbacteria;NA;NA;NA;NA;NA;
/home/glbrc.org/echiang3/Inulin_MetaG/kaiju/all_shortreads/I-S29.kaiju.output	0.000112	66	142187	Bacteria;Candidatus Hydrogenedentes;NA;NA;NA;NA;NA;
/home/glbrc.org/echiang3/Inulin_MetaG/kaiju/all_shortreads/I-S29.kaiju.output	0.000098	58	1817812	Bacteria;Candidatus Wallbacteria;NA;NA;NA;NA;NA;
/home/glbrc.org/echiang3/Inulin_MetaG/kaiju/all_shortreads/I-S29.kaiju.output	0.000093	55	67814	Bacteria;Caldiserica;NA;NA;NA;NA;NA;
/home/glbrc.org/echiang3/Inulin_MetaG/kaiju/all_shortreads/I-S29.kaiju.output	0.000093	55	1031332	Eukaryota;Cryptomycota;NA;NA;NA;NA;NA;
/home/glbrc.org/echiang3/Inulin_MetaG/kaiju/all_shortreads/I-S29.kaiju.output	0.000090	53	1618330	Bacteria;Candidatus Berkelbacteria;NA;NA;NA;NA;NA;
/home/glbrc.org/echiang3/Inulin_MetaG/kaiju/all_shortreads/I-S29.kaiju.output	0.000088	52	1752722	Bacteria;Candidatus Woesebacteria;NA;NA;NA;NA;NA;
/home/glbrc.org/echiang3/Inulin_MetaG/kaiju/all_shortreads/I-S29.kaiju.output	0.000086	51	28889	Archaea;Crenarchaeota;NA;NA;NA;NA;NA;
/home/glbrc.org/echiang3/Inulin_MetaG/kaiju/all_shortreads/I-S29.kaiju.output	0.000081	48	2093358	Bacteria;Candidatus Abyssubacteria;NA;NA;NA;NA;NA;
/home/glbrc.org/echiang3/Inulin_MetaG/kaiju/all_shortreads/I-S29.kaiju.output	0.000074	44	1752719	Bacteria;Candidatus Levybacteria;NA;NA;NA;NA;NA;
/home/glbrc.org/echiang3/Inulin_MetaG/kaiju/all_shortreads/I-S29.kaiju.output	0.000073	43	200295	Bacteria;Candidatus Sumerlaeota;NA;NA;NA;NA;NA;
/home/glbrc.org/echiang3/Inulin_MetaG/kaiju/all_shortreads/I-S29.kaiju.output	0.000071	42	1752735	Bacteria;Candidatus Wolfebacteria;NA;NA;NA;NA;NA;
/home/glbrc.org/echiang3/Inulin_MetaG/kaiju/all_shortreads/I-S29.kaiju.output	0.000071	42	1817811	Bacteria;Candidatus Schekmanbacteria;NA;NA;NA;NA;NA;
/home/glbrc.org/echiang3/Inulin_MetaG/kaiju/all_shortreads/I-S29.kaiju.output	0.000071	42	1817914	Bacteria;Candidatus Ryanbacteria;NA;NA;NA;NA;NA;
/home/glbrc.org/echiang3/Inulin_MetaG/kaiju/all_shortreads/I-S29.kaiju.output	0.000069	41	1752724	Bacteria;Candidatus Pacebacteria;NA;NA;NA;NA;NA;
/home/glbrc.org/echiang3/Inulin_MetaG/kaiju/all_shortreads/I-S29.kaiju.output	0.000069	41	1817804	Bacteria;Candidatus Fraserbacteria;NA;NA;NA;NA;NA;
/home/glbrc.org/echiang3/Inulin_MetaG/kaiju/all_shortreads/I-S29.kaiju.output	0.000068	40	1817800	Bacteria;Candidatus Edwardsbacteria;NA;NA;NA;NA;NA;
/home/glbrc.org/echiang3/Inulin_MetaG/kaiju/all_shortreads/I-S29.kaiju.output	0.000066	39	29178	Eukaryota;Foraminifera;NA;NA;NA;NA;NA;
/home/glbrc.org/echiang3/Inulin_MetaG/kaiju/all_shortreads/I-S29.kaiju.output	0.000066	39	451459	Eukaryota;Blastocladiomycota;NA;NA;NA;NA;NA;
/home/glbrc.org/echiang3/Inulin_MetaG/kaiju/all_shortreads/I-S29.kaiju.output	0.000066	39	1817802	Bacteria;Candidatus Firestonebacteria;NA;NA;NA;NA;NA;
/home/glbrc.org/echiang3/Inulin_MetaG/kaiju/all_shortreads/I-S29.kaiju.output	0.000066	39	1817925	Bacteria;Candidatus Zambryskibacteria;NA;NA;NA;NA;NA;
/home/glbrc.org/echiang3/Inulin_MetaG/kaiju/all_shortreads/I-S29.kaiju.output	0.000064	38	1817796	Bacteria;Candidatus Abawacabacteria;NA;NA;NA;NA;NA;
/home/glbrc.org/echiang3/Inulin_MetaG/kaiju/all_shortreads/I-S29.kaiju.output	0.000061	36	1936272	Archaea;Candidatus Heimdallarchaeota;NA;NA;NA;NA;NA;
/home/glbrc.org/echiang3/Inulin_MetaG/kaiju/all_shortreads/I-S29.kaiju.output	0.000058	34	1752718	Bacteria;Candidatus Daviesbacteria;NA;NA;NA;NA;NA;
/home/glbrc.org/echiang3/Inulin_MetaG/kaiju/all_shortreads/I-S29.kaiju.output	0.000058	34	1817799	Bacteria;Candidatus Doudnabacteria;NA;NA;NA;NA;NA;
/home/glbrc.org/echiang3/Inulin_MetaG/kaiju/all_shortreads/I-S29.kaiju.output	0.000058	34	2582935	Archaea;Candidatus Altiarchaeota;NA;NA;NA;NA;NA;
/home/glbrc.org/echiang3/Inulin_MetaG/kaiju/all_shortreads/I-S29.kaiju.output	0.000051	30	1736114	Eukaryota;Imbricatea;NA;NA;NA;NA;NA;
/home/glbrc.org/echiang3/Inulin_MetaG/kaiju/all_shortreads/I-S29.kaiju.output	0.000049	29	1801631	Archaea;Candidatus Micrarchaeota;NA;NA;NA;NA;NA;
/home/glbrc.org/echiang3/Inulin_MetaG/kaiju/all_shortreads/I-S29.kaiju.output	0.000046	27	1154676	Bacteria;Candidatus Eremiobacteraeota;NA;NA;NA;NA;NA;
/home/glbrc.org/echiang3/Inulin_MetaG/kaiju/all_shortreads/I-S29.kaiju.output	0.000046	27	1752730	Bacteria;Candidatus Amesbacteria;NA;NA;NA;NA;NA;
/home/glbrc.org/echiang3/Inulin_MetaG/kaiju/all_shortreads/I-S29.kaiju.output	0.000044	26	1817798	Bacteria;Candidatus Delongbacteria;NA;NA;NA;NA;NA;
/home/glbrc.org/echiang3/Inulin_MetaG/kaiju/all_shortreads/I-S29.kaiju.output	0.000044	26	1817899	Bacteria;Candidatus Woykebacteria;NA;NA;NA;NA;NA;
/home/glbrc.org/echiang3/Inulin_MetaG/kaiju/all_shortreads/I-S29.kaiju.output	0.000044	26	1817922	Bacteria;Candidatus Vogelbacteria;NA;NA;NA;NA;NA;
/home/glbrc.org/echiang3/Inulin_MetaG/kaiju/all_shortreads/I-S29.kaiju.output	0.000042	25	1817809	Bacteria;Candidatus Raymondbacteria;NA;NA;NA;NA;NA;
/home/glbrc.org/echiang3/Inulin_MetaG/kaiju/all_shortreads/I-S29.kaiju.output	0.000042	25	1817903	Bacteria;Candidatus Buchananbacteria;NA;NA;NA;NA;NA;
/home/glbrc.org/echiang3/Inulin_MetaG/kaiju/all_shortreads/I-S29.kaiju.output	0.000042	25	2093364	Bacteria;Candidatus Aureabacteria;NA;NA;NA;NA;NA;
/home/glbrc.org/echiang3/Inulin_MetaG/kaiju/all_shortreads/I-S29.kaiju.output	0.000042	25	2138240	Bacteria;Coprothermobacterota;NA;NA;NA;NA;NA;
/home/glbrc.org/echiang3/Inulin_MetaG/kaiju/all_shortreads/I-S29.kaiju.output	0.000041	24	2576005	Bacteria;candidate division LCP-89;NA;NA;NA;NA;NA;
/home/glbrc.org/echiang3/Inulin_MetaG/kaiju/all_shortreads/I-S29.kaiju.output	0.000039	23	1618339	Bacteria;candidate division CPR2;NA;NA;NA;NA;NA;
/home/glbrc.org/echiang3/Inulin_MetaG/kaiju/all_shortreads/I-S29.kaiju.output	0.000037	22	1752726	Bacteria;Candidatus Beckwithbacteria;NA;NA;NA;NA;NA;
/home/glbrc.org/echiang3/Inulin_MetaG/kaiju/all_shortreads/I-S29.kaiju.output	0.000036	21	363464	Bacteria;Candidatus Gracilibacteria;NA;NA;NA;NA;NA;
/home/glbrc.org/echiang3/Inulin_MetaG/kaiju/all_shortreads/I-S29.kaiju.output	0.000036	21	1752739	Bacteria;Candidatus Jorgensenbacteria;NA;NA;NA;NA;NA;
/home/glbrc.org/echiang3/Inulin_MetaG/kaiju/all_shortreads/I-S29.kaiju.output	0.000036	21	1817797	Bacteria;Candidatus Coatesbacteria;NA;NA;NA;NA;NA;
/home/glbrc.org/echiang3/Inulin_MetaG/kaiju/all_shortreads/I-S29.kaiju.output	0.000030	18	1704031	Bacteria;candidate division KD3-62;NA;NA;NA;NA;NA;
/home/glbrc.org/echiang3/Inulin_MetaG/kaiju/all_shortreads/I-S29.kaiju.output	0.000029	17	51967	Archaea;Candidatus Korarchaeota;NA;NA;NA;NA;NA;
/home/glbrc.org/echiang3/Inulin_MetaG/kaiju/all_shortreads/I-S29.kaiju.output	0.000027	16	136419	Eukaryota;Cercozoa;NA;NA;NA;NA;NA;
/home/glbrc.org/echiang3/Inulin_MetaG/kaiju/all_shortreads/I-S29.kaiju.output	0.000027	16	1817916	Bacteria;Candidatus Staskawiczbacteria;NA;NA;NA;NA;NA;
/home/glbrc.org/echiang3/Inulin_MetaG/kaiju/all_shortreads/I-S29.kaiju.output	0.000025	15	1752738	Bacteria;Candidatus Giovannonibacteria;NA;NA;NA;NA;NA;
/home/glbrc.org/echiang3/Inulin_MetaG/kaiju/all_shortreads/I-S29.kaiju.output	0.000025	15	2109258	Bacteria;Abditibacteriota;NA;NA;NA;NA;NA;
/home/glbrc.org/echiang3/Inulin_MetaG/kaiju/all_shortreads/I-S29.kaiju.output	0.000022	13	1752727	Bacteria;Candidatus Campbellbacteria;NA;NA;NA;NA;NA;
/home/glbrc.org/echiang3/Inulin_MetaG/kaiju/all_shortreads/I-S29.kaiju.output	0.000022	13	1817898	Bacteria;Candidatus Blackburnbacteria;NA;NA;NA;NA;NA;
/home/glbrc.org/echiang3/Inulin_MetaG/kaiju/all_shortreads/I-S29.kaiju.output	0.000020	12	1915410	Archaea;Candidatus Verstraetearchaeota;NA;NA;NA;NA;NA;
/home/glbrc.org/echiang3/Inulin_MetaG/kaiju/all_shortreads/I-S29.kaiju.output	0.000019	11	1752717	Bacteria;Candidatus Curtissbacteria;NA;NA;NA;NA;NA;
/home/glbrc.org/echiang3/Inulin_MetaG/kaiju/all_shortreads/I-S29.kaiju.output	0.000019	11	1752725	Bacteria;Candidatus Collierbacteria;NA;NA;NA;NA;NA;
/home/glbrc.org/echiang3/Inulin_MetaG/kaiju/all_shortreads/I-S29.kaiju.output	0.000015	9	67820	Bacteria;Candidatus Microgenomates;NA;NA;NA;NA;NA;
/home/glbrc.org/echiang3/Inulin_MetaG/kaiju/all_shortreads/I-S29.kaiju.output	0.000015	9	743724	Archaea;Candidatus Aenigmarchaeota;NA;NA;NA;NA;NA;
/home/glbrc.org/echiang3/Inulin_MetaG/kaiju/all_shortreads/I-S29.kaiju.output	0.000015	9	1752741	Bacteria;Candidatus Azambacteria;NA;NA;NA;NA;NA;
/home/glbrc.org/echiang3/Inulin_MetaG/kaiju/all_shortreads/I-S29.kaiju.output	0.000015	9	1817805	Bacteria;Candidatus Glassbacteria;NA;NA;NA;NA;NA;
/home/glbrc.org/echiang3/Inulin_MetaG/kaiju/all_shortreads/I-S29.kaiju.output	0.000015	9	1817807	Bacteria;Candidatus Lindowbacteria;NA;NA;NA;NA;NA;
/home/glbrc.org/echiang3/Inulin_MetaG/kaiju/all_shortreads/I-S29.kaiju.output	0.000015	9	1817904	Bacteria;Candidatus Colwellbacteria;NA;NA;NA;NA;NA;
/home/glbrc.org/echiang3/Inulin_MetaG/kaiju/all_shortreads/I-S29.kaiju.output	0.000015	9	1817905	Bacteria;Candidatus Harrisonbacteria;NA;NA;NA;NA;NA;
/home/glbrc.org/echiang3/Inulin_MetaG/kaiju/all_shortreads/I-S29.kaiju.output	0.000015	9	1817920	Bacteria;Candidatus Terrybacteria;NA;NA;NA;NA;NA;
/home/glbrc.org/echiang3/Inulin_MetaG/kaiju/all_shortreads/I-S29.kaiju.output	0.000014	8	1817926	Bacteria;Candidatus Wirthbacteria;NA;NA;NA;NA;NA;
/home/glbrc.org/echiang3/Inulin_MetaG/kaiju/all_shortreads/I-S29.kaiju.output	0.000014	8	2052312	Bacteria;Candidatus Dormibacteraeota;NA;NA;NA;NA;NA;
/home/glbrc.org/echiang3/Inulin_MetaG/kaiju/all_shortreads/I-S29.kaiju.output	0.000012	7	1618340	Bacteria;candidate division CPR3;NA;NA;NA;NA;NA;
/home/glbrc.org/echiang3/Inulin_MetaG/kaiju/all_shortreads/I-S29.kaiju.output	0.000012	7	1935021	Archaea;Candidatus Geothermarchaeota;NA;NA;NA;NA;NA;
/home/glbrc.org/echiang3/Inulin_MetaG/kaiju/all_shortreads/I-S29.kaiju.output	0.000012	7	1978152	Archaea;Candidatus Marsarchaeota;NA;NA;NA;NA;NA;
/home/glbrc.org/echiang3/Inulin_MetaG/kaiju/all_shortreads/I-S29.kaiju.output	0.000012	7	2013583	Bacteria;Candidatus Goldbacteria;NA;NA;NA;NA;NA;
/home/glbrc.org/echiang3/Inulin_MetaG/kaiju/all_shortreads/I-S29.kaiju.output	0.000012	7	2703810	Bacteria;Candidatus Mcinerneyibacteriota;NA;NA;NA;NA;NA;
/home/glbrc.org/echiang3/Inulin_MetaG/kaiju/all_shortreads/I-S29.kaiju.output	0.000010	6	1817909	Bacteria;Candidatus Liptonbacteria;NA;NA;NA;NA;NA;
/home/glbrc.org/echiang3/Inulin_MetaG/kaiju/all_shortreads/I-S29.kaiju.output	0.000010	6	1817917	Bacteria;Candidatus Sungbacteria;NA;NA;NA;NA;NA;
/home/glbrc.org/echiang3/Inulin_MetaG/kaiju/all_shortreads/I-S29.kaiju.output	0.000008	5	1817900	Bacteria;Candidatus Chisholmbacteria;NA;NA;NA;NA;NA;
/home/glbrc.org/echiang3/Inulin_MetaG/kaiju/all_shortreads/I-S29.kaiju.output	0.000008	5	1817910	Bacteria;Candidatus Lloydbacteria;NA;NA;NA;NA;NA;
/home/glbrc.org/echiang3/Inulin_MetaG/kaiju/all_shortreads/I-S29.kaiju.output	0.000008	5	1817913	Bacteria;Candidatus Portnoybacteria;NA;NA;NA;NA;NA;
/home/glbrc.org/echiang3/Inulin_MetaG/kaiju/all_shortreads/I-S29.kaiju.output	0.000008	5	1817923	Bacteria;Candidatus Wildermuthbacteria;NA;NA;NA;NA;NA;
/home/glbrc.org/echiang3/Inulin_MetaG/kaiju/all_shortreads/I-S29.kaiju.output	0.000007	4	555369	Eukaryota;Tubulinea;NA;NA;NA;NA;NA;
/home/glbrc.org/echiang3/Inulin_MetaG/kaiju/all_shortreads/I-S29.kaiju.output	0.000007	4	743725	Archaea;Candidatus Diapherotrites;NA;NA;NA;NA;NA;
/home/glbrc.org/echiang3/Inulin_MetaG/kaiju/all_shortreads/I-S29.kaiju.output	0.000007	4	1817906	Bacteria;Candidatus Jacksonbacteria;NA;NA;NA;NA;NA;
/home/glbrc.org/echiang3/Inulin_MetaG/kaiju/all_shortreads/I-S29.kaiju.output	0.000007	4	1817918	Bacteria;Candidatus Tagabacteria;NA;NA;NA;NA;NA;
/home/glbrc.org/echiang3/Inulin_MetaG/kaiju/all_shortreads/I-S29.kaiju.output	0.000007	4	1817924	Bacteria;Candidatus Yonathbacteria;NA;NA;NA;NA;NA;
/home/glbrc.org/echiang3/Inulin_MetaG/kaiju/all_shortreads/I-S29.kaiju.output	0.000003	2	192989	Archaea;Nanoarchaeota;NA;NA;NA;NA;NA;
/home/glbrc.org/echiang3/Inulin_MetaG/kaiju/all_shortreads/I-S29.kaiju.output	0.000003	2	1462422	Archaea;Candidatus Parvarchaeota;NA;NA;NA;NA;NA;
/home/glbrc.org/echiang3/Inulin_MetaG/kaiju/all_shortreads/I-S29.kaiju.output	0.000003	2	1752736	Bacteria;Candidatus Adlerbacteria;NA;NA;NA;NA;NA;
/home/glbrc.org/echiang3/Inulin_MetaG/kaiju/all_shortreads/I-S29.kaiju.output	0.000002	1	1618338	Bacteria;candidate division CPR1;NA;NA;NA;NA;NA;
/home/glbrc.org/echiang3/Inulin_MetaG/kaiju/all_shortreads/I-S29.kaiju.output	0.000002	1	1752740	Bacteria;Candidatus Kuenenbacteria;NA;NA;NA;NA;NA;
/home/glbrc.org/echiang3/Inulin_MetaG/kaiju/all_shortreads/I-S29.kaiju.output	0.000002	1	1817803	Bacteria;Candidatus Fischerbacteria;NA;NA;NA;NA;NA;
/home/glbrc.org/echiang3/Inulin_MetaG/kaiju/all_shortreads/I-S29.kaiju.output	0.000002	1	1817901	Bacteria;Candidatus Andersenbacteria;NA;NA;NA;NA;NA;
/home/glbrc.org/echiang3/Inulin_MetaG/kaiju/all_shortreads/I-S29.kaiju.output	0.003303	1951	10239	Viruses
/home/glbrc.org/echiang3/Inulin_MetaG/kaiju/all_shortreads/I-S29.kaiju.output	4.018522	2373951	NA	cannot be assigned to a (non-viral) phylum
/home/glbrc.org/echiang3/Inulin_MetaG/kaiju/all_shortreads/I-S29.kaiju.output	54.899275	32431871	NA	unclassified
