file	percent	reads	taxon_id	taxon_name
/home/glbrc.org/echiang3/Inulin_MetaG/kaiju/all_shortreads/I-S29.kaiju.output	21.307274	12587320	171549	Bacteria;Bacteroidetes;Bacteroidia;Bacteroidales;NA;NA;NA;
/home/glbrc.org/echiang3/Inulin_MetaG/kaiju/all_shortreads/I-S29.kaiju.output	15.564007	9194472	186802	Bacteria;Firmicutes;Clostridia;Clostridiales;NA;NA;NA;
/home/glbrc.org/echiang3/Inulin_MetaG/kaiju/all_shortreads/I-S29.kaiju.output	0.346304	204580	48461	Bacteria;Verrucomicrobia;Verrucomicrobiae;Verrucomicrobiales;NA;NA;NA;
/home/glbrc.org/echiang3/Inulin_MetaG/kaiju/all_shortreads/I-S29.kaiju.output	0.315019	186098	213115	Bacteria;Proteobacteria;Deltaproteobacteria;Desulfovibrionales;NA;NA;NA;
/home/glbrc.org/echiang3/Inulin_MetaG/kaiju/all_shortreads/I-S29.kaiju.output	0.201061	118777	186826	Bacteria;Firmicutes;Bacilli;Lactobacillales;NA;NA;NA;
/home/glbrc.org/echiang3/Inulin_MetaG/kaiju/all_shortreads/I-S29.kaiju.output	0.130449	77063	1385	Bacteria;Firmicutes;Bacilli;Bacillales;NA;NA;NA;
/home/glbrc.org/echiang3/Inulin_MetaG/kaiju/all_shortreads/I-S29.kaiju.output	0.118055	69741	204441	Bacteria;Proteobacteria;Alphaproteobacteria;Rhodospirillales;NA;NA;NA;
/home/glbrc.org/echiang3/Inulin_MetaG/kaiju/all_shortreads/I-S29.kaiju.output	0.113599	67109	200644	Bacteria;Bacteroidetes;Flavobacteriia;Flavobacteriales;NA;NA;NA;
/home/glbrc.org/echiang3/Inulin_MetaG/kaiju/all_shortreads/I-S29.kaiju.output	0.089911	53115	526525	Bacteria;Firmicutes;Erysipelotrichia;Erysipelotrichales;NA;NA;NA;
/home/glbrc.org/echiang3/Inulin_MetaG/kaiju/all_shortreads/I-S29.kaiju.output	0.072333	42731	1970189	Bacteria;Bacteroidetes;Bacteroidia;Marinilabiliales;NA;NA;NA;
/home/glbrc.org/echiang3/Inulin_MetaG/kaiju/all_shortreads/I-S29.kaiju.output	0.058117	34333	641854	Bacteria;Elusimicrobia;Elusimicrobia;Elusimicrobiales;NA;NA;NA;
/home/glbrc.org/echiang3/Inulin_MetaG/kaiju/all_shortreads/I-S29.kaiju.output	0.055389	32721	909929	Bacteria;Firmicutes;Negativicutes;Selenomonadales;NA;NA;NA;
/home/glbrc.org/echiang3/Inulin_MetaG/kaiju/all_shortreads/I-S29.kaiju.output	0.054911	32439	768507	Bacteria;Bacteroidetes;Cytophagia;Cytophagales;NA;NA;NA;
/home/glbrc.org/echiang3/Inulin_MetaG/kaiju/all_shortreads/I-S29.kaiju.output	0.052399	30955	200666	Bacteria;Bacteroidetes;Sphingobacteriia;Sphingobacteriales;NA;NA;NA;
/home/glbrc.org/echiang3/Inulin_MetaG/kaiju/all_shortreads/I-S29.kaiju.output	0.048531	28670	1906119	Bacteria;Candidatus Melainabacteria;NA;Candidatus Gastranaerophilales;NA;NA;NA;
/home/glbrc.org/echiang3/Inulin_MetaG/kaiju/all_shortreads/I-S29.kaiju.output	0.046280	27340	91347	Bacteria;Proteobacteria;Gammaproteobacteria;Enterobacterales;NA;NA;NA;
/home/glbrc.org/echiang3/Inulin_MetaG/kaiju/all_shortreads/I-S29.kaiju.output	0.039074	23083	1843489	Bacteria;Firmicutes;Negativicutes;Veillonellales;NA;NA;NA;
/home/glbrc.org/echiang3/Inulin_MetaG/kaiju/all_shortreads/I-S29.kaiju.output	0.035834	21169	213849	Bacteria;Proteobacteria;Epsilonproteobacteria;Campylobacterales;NA;NA;NA;
/home/glbrc.org/echiang3/Inulin_MetaG/kaiju/all_shortreads/I-S29.kaiju.output	0.034321	20275	84999	Bacteria;Actinobacteria;Coriobacteriia;Coriobacteriales;NA;NA;NA;
/home/glbrc.org/echiang3/Inulin_MetaG/kaiju/all_shortreads/I-S29.kaiju.output	0.032878	19423	136	Bacteria;Spirochaetes;Spirochaetia;Spirochaetales;NA;NA;NA;
/home/glbrc.org/echiang3/Inulin_MetaG/kaiju/all_shortreads/I-S29.kaiju.output	0.032051	18934	1643822	Bacteria;Actinobacteria;Coriobacteriia;Eggerthellales;NA;NA;NA;
/home/glbrc.org/echiang3/Inulin_MetaG/kaiju/all_shortreads/I-S29.kaiju.output	0.030720	18148	203491	Bacteria;Fusobacteria;Fusobacteriia;Fusobacteriales;NA;NA;NA;
/home/glbrc.org/echiang3/Inulin_MetaG/kaiju/all_shortreads/I-S29.kaiju.output	0.030228	17857	80840	Bacteria;Proteobacteria;Betaproteobacteria;Burkholderiales;NA;NA;NA;
/home/glbrc.org/echiang3/Inulin_MetaG/kaiju/all_shortreads/I-S29.kaiju.output	0.029066	17171	1853229	Bacteria;Bacteroidetes;Chitinophagia;Chitinophagales;NA;NA;NA;
/home/glbrc.org/echiang3/Inulin_MetaG/kaiju/all_shortreads/I-S29.kaiju.output	0.028672	16938	66288	Eukaryota;Preaxostyla;NA;Oxymonadida;NA;NA;NA;
/home/glbrc.org/echiang3/Inulin_MetaG/kaiju/all_shortreads/I-S29.kaiju.output	0.021188	12517	1737405	Bacteria;Firmicutes;Tissierellia;Tissierellales;NA;NA;NA;
/home/glbrc.org/echiang3/Inulin_MetaG/kaiju/all_shortreads/I-S29.kaiju.output	0.018102	10694	85004	Bacteria;Actinobacteria;Actinobacteria;Bifidobacteriales;NA;NA;NA;
/home/glbrc.org/echiang3/Inulin_MetaG/kaiju/all_shortreads/I-S29.kaiju.output	0.017936	10596	218872	Bacteria;Fibrobacteres;Fibrobacteria;Fibrobacterales;NA;NA;NA;
/home/glbrc.org/echiang3/Inulin_MetaG/kaiju/all_shortreads/I-S29.kaiju.output	0.017464	10317	1643686	Bacteria;Spirochaetes;Spirochaetia;Brachyspirales;NA;NA;NA;
/home/glbrc.org/echiang3/Inulin_MetaG/kaiju/all_shortreads/I-S29.kaiju.output	0.016763	9903	1843488	Bacteria;Firmicutes;Negativicutes;Acidaminococcales;NA;NA;NA;
/home/glbrc.org/echiang3/Inulin_MetaG/kaiju/all_shortreads/I-S29.kaiju.output	0.013185	7789	135623	Bacteria;Proteobacteria;Gammaproteobacteria;Vibrionales;NA;NA;NA;
/home/glbrc.org/echiang3/Inulin_MetaG/kaiju/all_shortreads/I-S29.kaiju.output	0.012858	7596	649776	Bacteria;Synergistetes;Synergistia;Synergistales;NA;NA;NA;
/home/glbrc.org/echiang3/Inulin_MetaG/kaiju/all_shortreads/I-S29.kaiju.output	0.010803	6382	72274	Bacteria;Proteobacteria;Gammaproteobacteria;Pseudomonadales;NA;NA;NA;
/home/glbrc.org/echiang3/Inulin_MetaG/kaiju/all_shortreads/I-S29.kaiju.output	0.010708	6326	356	Bacteria;Proteobacteria;Alphaproteobacteria;Rhizobiales;NA;NA;NA;
/home/glbrc.org/echiang3/Inulin_MetaG/kaiju/all_shortreads/I-S29.kaiju.output	0.009149	5405	68295	Bacteria;Firmicutes;Clostridia;Thermoanaerobacterales;NA;NA;NA;
/home/glbrc.org/echiang3/Inulin_MetaG/kaiju/all_shortreads/I-S29.kaiju.output	0.007885	4658	292629	Bacteria;Chloroflexi;Anaerolineae;Anaerolineales;NA;NA;NA;
/home/glbrc.org/echiang3/Inulin_MetaG/kaiju/all_shortreads/I-S29.kaiju.output	0.007237	4275	85006	Bacteria;Actinobacteria;Actinobacteria;Micrococcales;NA;NA;NA;
/home/glbrc.org/echiang3/Inulin_MetaG/kaiju/all_shortreads/I-S29.kaiju.output	0.006715	3967	69541	Bacteria;Proteobacteria;Deltaproteobacteria;Desulfuromonadales;NA;NA;NA;
/home/glbrc.org/echiang3/Inulin_MetaG/kaiju/all_shortreads/I-S29.kaiju.output	0.006465	3819	85011	Bacteria;Actinobacteria;Actinobacteria;Streptomycetales;NA;NA;NA;
/home/glbrc.org/echiang3/Inulin_MetaG/kaiju/all_shortreads/I-S29.kaiju.output	0.006145	3630	213118	Bacteria;Proteobacteria;Deltaproteobacteria;Desulfobacterales;NA;NA;NA;
/home/glbrc.org/echiang3/Inulin_MetaG/kaiju/all_shortreads/I-S29.kaiju.output	0.005842	3451	135624	Bacteria;Proteobacteria;Gammaproteobacteria;Aeromonadales;NA;NA;NA;
/home/glbrc.org/echiang3/Inulin_MetaG/kaiju/all_shortreads/I-S29.kaiju.output	0.005811	3433	2508939	Bacteria;Firmicutes;Clostridia;Candidatus Borkfalkiales;NA;NA;NA;
/home/glbrc.org/echiang3/Inulin_MetaG/kaiju/all_shortreads/I-S29.kaiju.output	0.005738	3390	2037	Bacteria;Actinobacteria;Actinobacteria;Actinomycetales;NA;NA;NA;
/home/glbrc.org/echiang3/Inulin_MetaG/kaiju/all_shortreads/I-S29.kaiju.output	0.005437	3212	135625	Bacteria;Proteobacteria;Gammaproteobacteria;Pasteurellales;NA;NA;NA;
/home/glbrc.org/echiang3/Inulin_MetaG/kaiju/all_shortreads/I-S29.kaiju.output	0.005134	3033	1936988	Bacteria;Bacteroidetes;Saprospiria;Saprospirales;NA;NA;NA;
/home/glbrc.org/echiang3/Inulin_MetaG/kaiju/all_shortreads/I-S29.kaiju.output	0.005077	2999	204455	Bacteria;Proteobacteria;Alphaproteobacteria;Rhodobacterales;NA;NA;NA;
/home/glbrc.org/echiang3/Inulin_MetaG/kaiju/all_shortreads/I-S29.kaiju.output	0.004867	2875	135614	Bacteria;Proteobacteria;Gammaproteobacteria;Xanthomonadales;NA;NA;NA;
/home/glbrc.org/echiang3/Inulin_MetaG/kaiju/all_shortreads/I-S29.kaiju.output	0.004794	2832	135622	Bacteria;Proteobacteria;Gammaproteobacteria;Alteromonadales;NA;NA;NA;
/home/glbrc.org/echiang3/Inulin_MetaG/kaiju/all_shortreads/I-S29.kaiju.output	0.004670	2759	135619	Bacteria;Proteobacteria;Gammaproteobacteria;Oceanospirillales;NA;NA;NA;
/home/glbrc.org/echiang3/Inulin_MetaG/kaiju/all_shortreads/I-S29.kaiju.output	0.004306	2544	85007	Bacteria;Actinobacteria;Actinobacteria;Corynebacteriales;NA;NA;NA;
/home/glbrc.org/echiang3/Inulin_MetaG/kaiju/all_shortreads/I-S29.kaiju.output	0.004086	2414	204457	Bacteria;Proteobacteria;Alphaproteobacteria;Sphingomonadales;NA;NA;NA;
/home/glbrc.org/echiang3/Inulin_MetaG/kaiju/all_shortreads/I-S29.kaiju.output	0.003878	2291	53433	Bacteria;Firmicutes;Clostridia;Halanaerobiales;NA;NA;NA;
/home/glbrc.org/echiang3/Inulin_MetaG/kaiju/all_shortreads/I-S29.kaiju.output	0.003468	2049	206351	Bacteria;Proteobacteria;Betaproteobacteria;Neisseriales;NA;NA;NA;
/home/glbrc.org/echiang3/Inulin_MetaG/kaiju/all_shortreads/I-S29.kaiju.output	0.003428	2025	2085	Bacteria;Tenericutes;Mollicutes;Mycoplasmatales;NA;NA;NA;
/home/glbrc.org/echiang3/Inulin_MetaG/kaiju/all_shortreads/I-S29.kaiju.output	0.003049	1801	29006	Eukaryota;Chytridiomycota;Neocallimastigomycetes;Neocallimastigales;NA;NA;NA;
/home/glbrc.org/echiang3/Inulin_MetaG/kaiju/all_shortreads/I-S29.kaiju.output	0.003011	1779	29	Bacteria;Proteobacteria;Deltaproteobacteria;Myxococcales;NA;NA;NA;
/home/glbrc.org/echiang3/Inulin_MetaG/kaiju/all_shortreads/I-S29.kaiju.output	0.002620	1548	51291	Bacteria;Chlamydiae;Chlamydiia;Chlamydiales;NA;NA;NA;
/home/glbrc.org/echiang3/Inulin_MetaG/kaiju/all_shortreads/I-S29.kaiju.output	0.002529	1494	135613	Bacteria;Proteobacteria;Gammaproteobacteria;Chromatiales;NA;NA;NA;
/home/glbrc.org/echiang3/Inulin_MetaG/kaiju/all_shortreads/I-S29.kaiju.output	0.002526	1492	2158	Archaea;Euryarchaeota;Methanobacteria;Methanobacteriales;NA;NA;NA;
/home/glbrc.org/echiang3/Inulin_MetaG/kaiju/all_shortreads/I-S29.kaiju.output	0.002404	1420	206389	Bacteria;Proteobacteria;Betaproteobacteria;Rhodocyclales;NA;NA;NA;
/home/glbrc.org/echiang3/Inulin_MetaG/kaiju/all_shortreads/I-S29.kaiju.output	0.002353	1390	415000	Bacteria;Verrucomicrobia;Opitutae;Opitutales;NA;NA;NA;
/home/glbrc.org/echiang3/Inulin_MetaG/kaiju/all_shortreads/I-S29.kaiju.output	0.002273	1343	85009	Bacteria;Actinobacteria;Actinobacteria;Propionibacteriales;NA;NA;NA;
/home/glbrc.org/echiang3/Inulin_MetaG/kaiju/all_shortreads/I-S29.kaiju.output	0.002214	1308	4776	Eukaryota;NA;Oomycota;Peronosporales;NA;NA;NA;
/home/glbrc.org/echiang3/Inulin_MetaG/kaiju/all_shortreads/I-S29.kaiju.output	0.001886	1114	1706369	Bacteria;Proteobacteria;Gammaproteobacteria;Cellvibrionales;NA;NA;NA;
/home/glbrc.org/echiang3/Inulin_MetaG/kaiju/all_shortreads/I-S29.kaiju.output	0.001837	1085	278082	Bacteria;Lentisphaerae;Lentisphaeria;Victivallales;NA;NA;NA;
/home/glbrc.org/echiang3/Inulin_MetaG/kaiju/all_shortreads/I-S29.kaiju.output	0.001796	1061	1235850	Archaea;Euryarchaeota;Thermoplasmata;Methanomassiliicoccales;NA;NA;NA;
/home/glbrc.org/echiang3/Inulin_MetaG/kaiju/all_shortreads/I-S29.kaiju.output	0.001703	1006	72273	Bacteria;Proteobacteria;Gammaproteobacteria;Thiotrichales;NA;NA;NA;
/home/glbrc.org/echiang3/Inulin_MetaG/kaiju/all_shortreads/I-S29.kaiju.output	0.001683	994	2191	Archaea;Euryarchaeota;Methanomicrobia;Methanomicrobiales;NA;NA;NA;
/home/glbrc.org/echiang3/Inulin_MetaG/kaiju/all_shortreads/I-S29.kaiju.output	0.001667	985	191411	Bacteria;Chlorobi;Chlorobia;Chlorobiales;NA;NA;NA;
/home/glbrc.org/echiang3/Inulin_MetaG/kaiju/all_shortreads/I-S29.kaiju.output	0.001667	985	213462	Bacteria;Proteobacteria;Deltaproteobacteria;Syntrophobacterales;NA;NA;NA;
/home/glbrc.org/echiang3/Inulin_MetaG/kaiju/all_shortreads/I-S29.kaiju.output	0.001659	980	1890424	Bacteria;Cyanobacteria;NA;Synechococcales;NA;NA;NA;
/home/glbrc.org/echiang3/Inulin_MetaG/kaiju/all_shortreads/I-S29.kaiju.output	0.001571	928	94695	Archaea;Euryarchaeota;Methanomicrobia;Methanosarcinales;NA;NA;NA;
/home/glbrc.org/echiang3/Inulin_MetaG/kaiju/all_shortreads/I-S29.kaiju.output	0.001537	908	1161	Bacteria;Cyanobacteria;NA;Nostocales;NA;NA;NA;
/home/glbrc.org/echiang3/Inulin_MetaG/kaiju/all_shortreads/I-S29.kaiju.output	0.001507	890	32003	Bacteria;Proteobacteria;Betaproteobacteria;Nitrosomonadales;NA;NA;NA;
/home/glbrc.org/echiang3/Inulin_MetaG/kaiju/all_shortreads/I-S29.kaiju.output	0.001378	814	85012	Bacteria;Actinobacteria;Actinobacteria;Streptosporangiales;NA;NA;NA;
/home/glbrc.org/echiang3/Inulin_MetaG/kaiju/all_shortreads/I-S29.kaiju.output	0.001341	792	189778	Bacteria;Nitrospirae;Nitrospira;Nitrospirales;NA;NA;NA;
/home/glbrc.org/echiang3/Inulin_MetaG/kaiju/all_shortreads/I-S29.kaiju.output	0.001283	758	2691354	Bacteria;Planctomycetes;Planctomycetia;Pirellulales;NA;NA;NA;
/home/glbrc.org/echiang3/Inulin_MetaG/kaiju/all_shortreads/I-S29.kaiju.output	0.001258	743	204458	Bacteria;Proteobacteria;Alphaproteobacteria;Caulobacterales;NA;NA;NA;
/home/glbrc.org/echiang3/Inulin_MetaG/kaiju/all_shortreads/I-S29.kaiju.output	0.001242	734	135618	Bacteria;Proteobacteria;Gammaproteobacteria;Methylococcales;NA;NA;NA;
/home/glbrc.org/echiang3/Inulin_MetaG/kaiju/all_shortreads/I-S29.kaiju.output	0.001180	697	85008	Bacteria;Actinobacteria;Actinobacteria;Micromonosporales;NA;NA;NA;
/home/glbrc.org/echiang3/Inulin_MetaG/kaiju/all_shortreads/I-S29.kaiju.output	0.001158	684	186329	Bacteria;Tenericutes;Mollicutes;Acholeplasmatales;NA;NA;NA;
/home/glbrc.org/echiang3/Inulin_MetaG/kaiju/all_shortreads/I-S29.kaiju.output	0.001144	676	204433	Bacteria;Acidobacteria;Acidobacteriia;Acidobacteriales;NA;NA;NA;
/home/glbrc.org/echiang3/Inulin_MetaG/kaiju/all_shortreads/I-S29.kaiju.output	0.001097	648	118964	Bacteria;Deinococcus-Thermus;Deinococci;Deinococcales;NA;NA;NA;
/home/glbrc.org/echiang3/Inulin_MetaG/kaiju/all_shortreads/I-S29.kaiju.output	0.001082	639	1202465	Bacteria;Chloroflexi;Dehalococcoidia;Dehalococcoidales;NA;NA;NA;
/home/glbrc.org/echiang3/Inulin_MetaG/kaiju/all_shortreads/I-S29.kaiju.output	0.001046	618	112	Bacteria;Planctomycetes;Planctomycetia;Planctomycetales;NA;NA;NA;
/home/glbrc.org/echiang3/Inulin_MetaG/kaiju/all_shortreads/I-S29.kaiju.output	0.001038	613	2419	Bacteria;Thermotogae;Thermotogae;Thermotogales;NA;NA;NA;
/home/glbrc.org/echiang3/Inulin_MetaG/kaiju/all_shortreads/I-S29.kaiju.output	0.000938	554	415001	Bacteria;Verrucomicrobia;Opitutae;Puniceicoccales;NA;NA;NA;
/home/glbrc.org/echiang3/Inulin_MetaG/kaiju/all_shortreads/I-S29.kaiju.output	0.000914	540	1853223	Bacteria;Balneolaeota;Balneolia;Balneolales;NA;NA;NA;
/home/glbrc.org/echiang3/Inulin_MetaG/kaiju/all_shortreads/I-S29.kaiju.output	0.000890	526	4827	Eukaryota;Mucoromycota;Mucoromycetes;Mucorales;NA;NA;NA;
/home/glbrc.org/echiang3/Inulin_MetaG/kaiju/all_shortreads/I-S29.kaiju.output	0.000879	519	5178	Eukaryota;Ascomycota;Leotiomycetes;Helotiales;NA;NA;NA;
/home/glbrc.org/echiang3/Inulin_MetaG/kaiju/all_shortreads/I-S29.kaiju.output	0.000877	518	1150	Bacteria;Cyanobacteria;NA;Oscillatoriales;NA;NA;NA;
/home/glbrc.org/echiang3/Inulin_MetaG/kaiju/all_shortreads/I-S29.kaiju.output	0.000819	484	740972	Eukaryota;Parabasalia;NA;Tritrichomonadida;NA;NA;NA;
/home/glbrc.org/echiang3/Inulin_MetaG/kaiju/all_shortreads/I-S29.kaiju.output	0.000811	479	85010	Bacteria;Actinobacteria;Actinobacteria;Pseudonocardiales;NA;NA;NA;
/home/glbrc.org/echiang3/Inulin_MetaG/kaiju/all_shortreads/I-S29.kaiju.output	0.000799	472	795748	Bacteria;Ignavibacteriae;Ignavibacteria;Ignavibacteriales;NA;NA;NA;
/home/glbrc.org/echiang3/Inulin_MetaG/kaiju/all_shortreads/I-S29.kaiju.output	0.000794	469	1775403	Bacteria;Proteobacteria;Gammaproteobacteria;Nevskiales;NA;NA;NA;
/home/glbrc.org/echiang3/Inulin_MetaG/kaiju/all_shortreads/I-S29.kaiju.output	0.000762	450	1240482	Bacteria;Proteobacteria;Gammaproteobacteria;Orbales;NA;NA;NA;
/home/glbrc.org/echiang3/Inulin_MetaG/kaiju/all_shortreads/I-S29.kaiju.output	0.000755	446	1643947	Bacteria;Thermotogae;Thermotogae;Petrotogales;NA;NA;NA;
/home/glbrc.org/echiang3/Inulin_MetaG/kaiju/all_shortreads/I-S29.kaiju.output	0.000752	444	1127829	Bacteria;Planctomycetes;Candidatus Brocadiae;Candidatus Brocadiales;NA;NA;NA;
/home/glbrc.org/echiang3/Inulin_MetaG/kaiju/all_shortreads/I-S29.kaiju.output	0.000724	428	1643688	Bacteria;Spirochaetes;Spirochaetia;Leptospirales;NA;NA;NA;
/home/glbrc.org/echiang3/Inulin_MetaG/kaiju/all_shortreads/I-S29.kaiju.output	0.000714	422	1118	Bacteria;Cyanobacteria;NA;Chroococcales;NA;NA;NA;
/home/glbrc.org/echiang3/Inulin_MetaG/kaiju/all_shortreads/I-S29.kaiju.output	0.000711	420	92860	Eukaryota;Ascomycota;Dothideomycetes;Pleosporales;NA;NA;NA;
/home/glbrc.org/echiang3/Inulin_MetaG/kaiju/all_shortreads/I-S29.kaiju.output	0.000689	407	32069	Bacteria;Aquificae;Aquificae;Aquificales;NA;NA;NA;
/home/glbrc.org/echiang3/Inulin_MetaG/kaiju/all_shortreads/I-S29.kaiju.output	0.000684	404	766	Bacteria;Proteobacteria;Alphaproteobacteria;Rickettsiales;NA;NA;NA;
/home/glbrc.org/echiang3/Inulin_MetaG/kaiju/all_shortreads/I-S29.kaiju.output	0.000679	401	186332	Bacteria;Tenericutes;Mollicutes;Anaeroplasmatales;NA;NA;NA;
/home/glbrc.org/echiang3/Inulin_MetaG/kaiju/all_shortreads/I-S29.kaiju.output	0.000679	401	191393	Bacteria;Deferribacteres;Deferribacteres;Deferribacterales;NA;NA;NA;
/home/glbrc.org/echiang3/Inulin_MetaG/kaiju/all_shortreads/I-S29.kaiju.output	0.000667	394	118969	Bacteria;Proteobacteria;Gammaproteobacteria;Legionellales;NA;NA;NA;
/home/glbrc.org/echiang3/Inulin_MetaG/kaiju/all_shortreads/I-S29.kaiju.output	0.000660	390	214509	Eukaryota;Mucoromycota;Glomeromycetes;Diversisporales;NA;NA;NA;
/home/glbrc.org/echiang3/Inulin_MetaG/kaiju/all_shortreads/I-S29.kaiju.output	0.000645	381	213481	Bacteria;Proteobacteria;Oligoflexia;Bdellovibrionales;NA;NA;NA;
/home/glbrc.org/echiang3/Inulin_MetaG/kaiju/all_shortreads/I-S29.kaiju.output	0.000642	379	1921782	Bacteria;Kiritimatiellaeota;Kiritimatiellae;Kiritimatiellales;NA;NA;NA;
/home/glbrc.org/echiang3/Inulin_MetaG/kaiju/all_shortreads/I-S29.kaiju.output	0.000631	373	388448	Bacteria;Chloroflexi;Ktedonobacteria;Ktedonobacterales;NA;NA;NA;
/home/glbrc.org/echiang3/Inulin_MetaG/kaiju/all_shortreads/I-S29.kaiju.output	0.000613	362	219686	Bacteria;Gemmatimonadetes;Gemmatimonadetes;Gemmatimonadales;NA;NA;NA;
/home/glbrc.org/echiang3/Inulin_MetaG/kaiju/all_shortreads/I-S29.kaiju.output	0.000609	360	1963360	Bacteria;Chlamydiae;Chlamydiia;Parachlamydiales;NA;NA;NA;
/home/glbrc.org/echiang3/Inulin_MetaG/kaiju/all_shortreads/I-S29.kaiju.output	0.000606	358	4892	Eukaryota;Ascomycota;Saccharomycetes;Saccharomycetales;NA;NA;NA;
/home/glbrc.org/echiang3/Inulin_MetaG/kaiju/all_shortreads/I-S29.kaiju.output	0.000574	339	84993	Bacteria;Actinobacteria;Acidimicrobiia;Acidimicrobiales;NA;NA;NA;
/home/glbrc.org/echiang3/Inulin_MetaG/kaiju/all_shortreads/I-S29.kaiju.output	0.000530	313	1962852	Bacteria;Calditrichaeota;Calditrichae;Calditrichales;NA;NA;NA;
/home/glbrc.org/echiang3/Inulin_MetaG/kaiju/all_shortreads/I-S29.kaiju.output	0.000526	311	693921	Eukaryota;Ciliophora;Spirotrichea;Sporadotrichida;NA;NA;NA;
/home/glbrc.org/echiang3/Inulin_MetaG/kaiju/all_shortreads/I-S29.kaiju.output	0.000501	296	1921002	Bacteria;Proteobacteria;Alphaproteobacteria;Holosporales;NA;NA;NA;
/home/glbrc.org/echiang3/Inulin_MetaG/kaiju/all_shortreads/I-S29.kaiju.output	0.000499	295	5042	Eukaryota;Ascomycota;Eurotiomycetes;Eurotiales;NA;NA;NA;
/home/glbrc.org/echiang3/Inulin_MetaG/kaiju/all_shortreads/I-S29.kaiju.output	0.000498	294	5819	Eukaryota;Apicomplexa;Aconoidasida;Haemosporida;NA;NA;NA;
/home/glbrc.org/echiang3/Inulin_MetaG/kaiju/all_shortreads/I-S29.kaiju.output	0.000464	274	1485951	Bacteria;Aquificae;Aquificae;Desulfurobacteriales;NA;NA;NA;
/home/glbrc.org/echiang3/Inulin_MetaG/kaiju/all_shortreads/I-S29.kaiju.output	0.000457	270	453227	Bacteria;Proteobacteria;Deltaproteobacteria;Desulfarculales;NA;NA;NA;
/home/glbrc.org/echiang3/Inulin_MetaG/kaiju/all_shortreads/I-S29.kaiju.output	0.000438	259	73020	Eukaryota;Haptista;Haptophyta;Isochrysidales;NA;NA;NA;
/home/glbrc.org/echiang3/Inulin_MetaG/kaiju/all_shortreads/I-S29.kaiju.output	0.000425	251	2235	Archaea;Euryarchaeota;Halobacteria;Halobacteriales;NA;NA;NA;
/home/glbrc.org/echiang3/Inulin_MetaG/kaiju/all_shortreads/I-S29.kaiju.output	0.000425	251	35460	Eukaryota;Chlorophyta;Trebouxiophyceae;Chlorellales;NA;NA;NA;
/home/glbrc.org/echiang3/Inulin_MetaG/kaiju/all_shortreads/I-S29.kaiju.output	0.000411	243	2704949	Eukaryota;Euglenozoa;Kinetoplastea;Trypanosomatida;NA;NA;NA;
/home/glbrc.org/echiang3/Inulin_MetaG/kaiju/all_shortreads/I-S29.kaiju.output	0.000408	241	37104	Eukaryota;Parabasalia;NA;Trichomonadida;NA;NA;NA;
/home/glbrc.org/echiang3/Inulin_MetaG/kaiju/all_shortreads/I-S29.kaiju.output	0.000399	236	75739	Eukaryota;Apicomplexa;Conoidasida;Eucoccidiorida;NA;NA;NA;
/home/glbrc.org/echiang3/Inulin_MetaG/kaiju/all_shortreads/I-S29.kaiju.output	0.000388	229	119069	Bacteria;Proteobacteria;Hydrogenophilalia;Hydrogenophilales;NA;NA;NA;
/home/glbrc.org/echiang3/Inulin_MetaG/kaiju/all_shortreads/I-S29.kaiju.output	0.000372	220	1783344	Bacteria;Elusimicrobia;Endomicrobia;Endomicrobiales;NA;NA;NA;
/home/glbrc.org/echiang3/Inulin_MetaG/kaiju/all_shortreads/I-S29.kaiju.output	0.000359	212	2483366	Bacteria;Planctomycetes;Phycisphaerae;Sedimentisphaerales;NA;NA;NA;
/home/glbrc.org/echiang3/Inulin_MetaG/kaiju/all_shortreads/I-S29.kaiju.output	0.000355	210	2682482	Eukaryota;Evosea;NA;Mastigamoebida;NA;NA;NA;
/home/glbrc.org/echiang3/Inulin_MetaG/kaiju/all_shortreads/I-S29.kaiju.output	0.000352	208	2691356	Bacteria;Planctomycetes;Planctomycetia;Isosphaerales;NA;NA;NA;
/home/glbrc.org/echiang3/Inulin_MetaG/kaiju/all_shortreads/I-S29.kaiju.output	0.000349	206	4763	Eukaryota;NA;Oomycota;Saprolegniales;NA;NA;NA;
/home/glbrc.org/echiang3/Inulin_MetaG/kaiju/all_shortreads/I-S29.kaiju.output	0.000335	198	1643946	Bacteria;Thermotogae;Thermotogae;Kosmotogales;NA;NA;NA;
/home/glbrc.org/echiang3/Inulin_MetaG/kaiju/all_shortreads/I-S29.kaiju.output	0.000332	196	189769	Bacteria;Chrysiogenetes;Chrysiogenetes;Chrysiogenales;NA;NA;NA;
/home/glbrc.org/echiang3/Inulin_MetaG/kaiju/all_shortreads/I-S29.kaiju.output	0.000325	192	85014	Bacteria;Actinobacteria;Actinobacteria;Glycomycetales;NA;NA;NA;
/home/glbrc.org/echiang3/Inulin_MetaG/kaiju/all_shortreads/I-S29.kaiju.output	0.000322	190	5125	Eukaryota;Ascomycota;Sordariomycetes;Hypocreales;NA;NA;NA;
/home/glbrc.org/echiang3/Inulin_MetaG/kaiju/all_shortreads/I-S29.kaiju.output	0.000313	185	42740	Eukaryota;NA;Bigyra;Opalinata;NA;NA;NA;
/home/glbrc.org/echiang3/Inulin_MetaG/kaiju/all_shortreads/I-S29.kaiju.output	0.000300	177	5863	Eukaryota;Apicomplexa;Aconoidasida;Piroplasmida;NA;NA;NA;
/home/glbrc.org/echiang3/Inulin_MetaG/kaiju/all_shortreads/I-S29.kaiju.output	0.000298	176	54526	Bacteria;Proteobacteria;Alphaproteobacteria;Pelagibacterales;NA;NA;NA;
/home/glbrc.org/echiang3/Inulin_MetaG/kaiju/all_shortreads/I-S29.kaiju.output	0.000295	174	68933	Bacteria;Deinococcus-Thermus;Deinococci;Thermales;NA;NA;NA;
/home/glbrc.org/echiang3/Inulin_MetaG/kaiju/all_shortreads/I-S29.kaiju.output	0.000284	168	85013	Bacteria;Actinobacteria;Actinobacteria;Frankiales;NA;NA;NA;
/home/glbrc.org/echiang3/Inulin_MetaG/kaiju/all_shortreads/I-S29.kaiju.output	0.000279	165	3042	Eukaryota;Chlorophyta;Chlorophyceae;Chlamydomonadales;NA;NA;NA;
/home/glbrc.org/echiang3/Inulin_MetaG/kaiju/all_shortreads/I-S29.kaiju.output	0.000279	165	1100069	Bacteria;Bacteroidetes;NA;Bacteroidetes Order II. Incertae sedis;NA;NA;NA;
/home/glbrc.org/echiang3/Inulin_MetaG/kaiju/all_shortreads/I-S29.kaiju.output	0.000276	163	2024979	Bacteria;Proteobacteria;Oligoflexia;Bacteriovoracales;NA;NA;NA;
/home/glbrc.org/echiang3/Inulin_MetaG/kaiju/all_shortreads/I-S29.kaiju.output	0.000267	158	2058949	Eukaryota;Evosea;Eumycetozoa;Dictyosteliales;NA;NA;NA;
/home/glbrc.org/echiang3/Inulin_MetaG/kaiju/all_shortreads/I-S29.kaiju.output	0.000266	157	36750	Eukaryota;Mucoromycota;Glomeromycetes;Glomerales;NA;NA;NA;
/home/glbrc.org/echiang3/Inulin_MetaG/kaiju/all_shortreads/I-S29.kaiju.output	0.000264	156	2507543	Bacteria;Candidatus Margulisbacteria;Candidatus Termititenacia;Candidatus Termititenacales;NA;NA;NA;
/home/glbrc.org/echiang3/Inulin_MetaG/kaiju/all_shortreads/I-S29.kaiju.output	0.000254	150	13792	Eukaryota;Chlorophyta;Mamiellophyceae;Mamiellales;NA;NA;NA;
/home/glbrc.org/echiang3/Inulin_MetaG/kaiju/all_shortreads/I-S29.kaiju.output	0.000249	147	32064	Bacteria;Chloroflexi;Chloroflexia;Chloroflexales;NA;NA;NA;
/home/glbrc.org/echiang3/Inulin_MetaG/kaiju/all_shortreads/I-S29.kaiju.output	0.000247	146	188710	Bacteria;Thermodesulfobacteria;Thermodesulfobacteria;Thermodesulfobacteriales;NA;NA;NA;
/home/glbrc.org/echiang3/Inulin_MetaG/kaiju/all_shortreads/I-S29.kaiju.output	0.000244	144	84996	Bacteria;Actinobacteria;Rubrobacteria;Rubrobacterales;NA;NA;NA;
/home/glbrc.org/echiang3/Inulin_MetaG/kaiju/all_shortreads/I-S29.kaiju.output	0.000242	143	52604	Bacteria;Cyanobacteria;NA;Pleurocapsales;NA;NA;NA;
/home/glbrc.org/echiang3/Inulin_MetaG/kaiju/all_shortreads/I-S29.kaiju.output	0.000239	141	5338	Eukaryota;Basidiomycota;Agaricomycetes;Agaricales;NA;NA;NA;
/home/glbrc.org/echiang3/Inulin_MetaG/kaiju/all_shortreads/I-S29.kaiju.output	0.000234	138	31277	Eukaryota;Ciliophora;Oligohymenophorea;Hymenostomatida;NA;NA;NA;
/home/glbrc.org/echiang3/Inulin_MetaG/kaiju/all_shortreads/I-S29.kaiju.output	0.000227	134	1779134	Bacteria;Proteobacteria;Deltaproteobacteria;Bradymonadales;NA;NA;NA;
/home/glbrc.org/echiang3/Inulin_MetaG/kaiju/all_shortreads/I-S29.kaiju.output	0.000225	133	1924738	Eukaryota;NA;Choanoflagellata;Craspedida;NA;NA;NA;
/home/glbrc.org/echiang3/Inulin_MetaG/kaiju/all_shortreads/I-S29.kaiju.output	0.000222	131	213113	Bacteria;Proteobacteria;Deltaproteobacteria;Desulfurellales;NA;NA;NA;
/home/glbrc.org/echiang3/Inulin_MetaG/kaiju/all_shortreads/I-S29.kaiju.output	0.000222	131	666506	Bacteria;Planctomycetes;Phycisphaerae;Phycisphaerales;NA;NA;NA;
/home/glbrc.org/echiang3/Inulin_MetaG/kaiju/all_shortreads/I-S29.kaiju.output	0.000217	128	2498707	Bacteria;Candidatus Cryosericota;Candidatus Cryosericia;Candidatus Cryosericales;NA;NA;NA;
/home/glbrc.org/echiang3/Inulin_MetaG/kaiju/all_shortreads/I-S29.kaiju.output	0.000212	125	1643682	Bacteria;Actinobacteria;Actinobacteria;Geodermatophilales;NA;NA;NA;
/home/glbrc.org/echiang3/Inulin_MetaG/kaiju/all_shortreads/I-S29.kaiju.output	0.000207	122	33847	Eukaryota;Bacillariophyta;Coscinodiscophyceae;Thalassiosirales;NA;NA;NA;
/home/glbrc.org/echiang3/Inulin_MetaG/kaiju/all_shortreads/I-S29.kaiju.output	0.000205	121	5738	Eukaryota;Fornicata;NA;Diplomonadida;NA;NA;NA;
/home/glbrc.org/echiang3/Inulin_MetaG/kaiju/all_shortreads/I-S29.kaiju.output	0.000200	118	4810	Eukaryota;Chytridiomycota;Chytridiomycetes;Chytridiales;NA;NA;NA;
/home/glbrc.org/echiang3/Inulin_MetaG/kaiju/all_shortreads/I-S29.kaiju.output	0.000196	116	186328	Bacteria;Tenericutes;Mollicutes;Entomoplasmatales;NA;NA;NA;
/home/glbrc.org/echiang3/Inulin_MetaG/kaiju/all_shortreads/I-S29.kaiju.output	0.000193	114	471822	Bacteria;NA;NA;Haloplasmatales;NA;NA;NA;
/home/glbrc.org/echiang3/Inulin_MetaG/kaiju/all_shortreads/I-S29.kaiju.output	0.000193	114	1191478	Bacteria;Proteobacteria;Alphaproteobacteria;Magnetococcales;NA;NA;NA;
/home/glbrc.org/echiang3/Inulin_MetaG/kaiju/all_shortreads/I-S29.kaiju.output	0.000190	112	1644055	Archaea;Euryarchaeota;Halobacteria;Haloferacales;NA;NA;NA;
/home/glbrc.org/echiang3/Inulin_MetaG/kaiju/all_shortreads/I-S29.kaiju.output	0.000188	111	485256	Bacteria;Firmicutes;Clostridia;Natranaerobiales;NA;NA;NA;
/home/glbrc.org/echiang3/Inulin_MetaG/kaiju/all_shortreads/I-S29.kaiju.output	0.000185	109	203487	Bacteria;Dictyoglomi;Dictyoglomia;Dictyoglomales;NA;NA;NA;
/home/glbrc.org/echiang3/Inulin_MetaG/kaiju/all_shortreads/I-S29.kaiju.output	0.000178	105	332160	Bacteria;Acidobacteria;Acidobacteriia;Bryobacterales;NA;NA;NA;
/home/glbrc.org/echiang3/Inulin_MetaG/kaiju/all_shortreads/I-S29.kaiju.output	0.000171	101	278081	Bacteria;Lentisphaerae;Lentisphaeria;Lentisphaerales;NA;NA;NA;
/home/glbrc.org/echiang3/Inulin_MetaG/kaiju/all_shortreads/I-S29.kaiju.output	0.000168	99	265318	Eukaryota;Rhodophyta;Bangiophyceae;Cyanidiales;NA;NA;NA;
/home/glbrc.org/echiang3/Inulin_MetaG/kaiju/all_shortreads/I-S29.kaiju.output	0.000166	98	2681888	Eukaryota;Evosea;Variosea;Cavosteliida;NA;NA;NA;
/home/glbrc.org/echiang3/Inulin_MetaG/kaiju/all_shortreads/I-S29.kaiju.output	0.000164	97	5303	Eukaryota;Basidiomycota;Agaricomycetes;Polyporales;NA;NA;NA;
/home/glbrc.org/echiang3/Inulin_MetaG/kaiju/all_shortreads/I-S29.kaiju.output	0.000161	95	85001	Bacteria;Chloroflexi;Thermomicrobia;Sphaerobacterales;NA;NA;NA;
/home/glbrc.org/echiang3/Inulin_MetaG/kaiju/all_shortreads/I-S29.kaiju.output	0.000161	95	414714	Bacteria;Actinobacteria;Actinobacteria;Catenulisporales;NA;NA;NA;
/home/glbrc.org/echiang3/Inulin_MetaG/kaiju/all_shortreads/I-S29.kaiju.output	0.000159	94	34395	Eukaryota;Ascomycota;Eurotiomycetes;Chaetothyriales;NA;NA;NA;
/home/glbrc.org/echiang3/Inulin_MetaG/kaiju/all_shortreads/I-S29.kaiju.output	0.000159	94	225057	Bacteria;Proteobacteria;Acidithiobacillia;Acidithiobacillales;NA;NA;NA;
/home/glbrc.org/echiang3/Inulin_MetaG/kaiju/all_shortreads/I-S29.kaiju.output	0.000159	94	255473	Bacteria;Proteobacteria;Alphaproteobacteria;Parvularculales;NA;NA;NA;
/home/glbrc.org/echiang3/Inulin_MetaG/kaiju/all_shortreads/I-S29.kaiju.output	0.000157	93	307595	Bacteria;Cyanobacteria;Gloeobacteria;Gloeobacterales;NA;NA;NA;
/home/glbrc.org/echiang3/Inulin_MetaG/kaiju/all_shortreads/I-S29.kaiju.output	0.000154	91	1485168	Eukaryota;Discosea;NA;Longamoebia;NA;NA;NA;
/home/glbrc.org/echiang3/Inulin_MetaG/kaiju/all_shortreads/I-S29.kaiju.output	0.000152	90	2597219	Bacteria;Proteobacteria;Deltaproteobacteria;Candidatus Acidulodesulfobacterales;NA;NA;NA;
/home/glbrc.org/echiang3/Inulin_MetaG/kaiju/all_shortreads/I-S29.kaiju.output	0.000149	88	742030	Bacteria;Proteobacteria;Gammaproteobacteria;Salinisphaerales;NA;NA;NA;
/home/glbrc.org/echiang3/Inulin_MetaG/kaiju/all_shortreads/I-S29.kaiju.output	0.000144	85	27998	Eukaryota;Perkinsozoa;NA;Perkinsida;NA;NA;NA;
/home/glbrc.org/echiang3/Inulin_MetaG/kaiju/all_shortreads/I-S29.kaiju.output	0.000144	85	1853224	Bacteria;Rhodothermaeota;Rhodothermia;Rhodothermales;NA;NA;NA;
/home/glbrc.org/echiang3/Inulin_MetaG/kaiju/all_shortreads/I-S29.kaiju.output	0.000144	85	2691355	Bacteria;Planctomycetes;Planctomycetia;Gemmatales;NA;NA;NA;
/home/glbrc.org/echiang3/Inulin_MetaG/kaiju/all_shortreads/I-S29.kaiju.output	0.000140	83	5139	Eukaryota;Ascomycota;Sordariomycetes;Sordariales;NA;NA;NA;
/home/glbrc.org/echiang3/Inulin_MetaG/kaiju/all_shortreads/I-S29.kaiju.output	0.000140	83	588673	Bacteria;Actinobacteria;Thermoleophilia;Solirubrobacterales;NA;NA;NA;
/home/glbrc.org/echiang3/Inulin_MetaG/kaiju/all_shortreads/I-S29.kaiju.output	0.000139	82	1747768	Bacteria;Actinobacteria;Nitriliruptoria;Egibacterales;NA;NA;NA;
/home/glbrc.org/echiang3/Inulin_MetaG/kaiju/all_shortreads/I-S29.kaiju.output	0.000130	77	580371	Bacteria;Proteobacteria;Zetaproteobacteria;Mariprofundales;NA;NA;NA;
/home/glbrc.org/echiang3/Inulin_MetaG/kaiju/all_shortreads/I-S29.kaiju.output	0.000130	77	589342	Eukaryota;NA;Cryptophyceae;Pyrenomonadales;NA;NA;NA;
/home/glbrc.org/echiang3/Inulin_MetaG/kaiju/all_shortreads/I-S29.kaiju.output	0.000129	76	2182	Archaea;Euryarchaeota;Methanococci;Methanococcales;NA;NA;NA;
/home/glbrc.org/echiang3/Inulin_MetaG/kaiju/all_shortreads/I-S29.kaiju.output	0.000125	74	1692040	Bacteria;Proteobacteria;Gammaproteobacteria;Acidiferrobacterales;NA;NA;NA;
/home/glbrc.org/echiang3/Inulin_MetaG/kaiju/all_shortreads/I-S29.kaiju.output	0.000124	73	2301	Archaea;Euryarchaeota;Thermoplasmata;Thermoplasmatales;NA;NA;NA;
/home/glbrc.org/echiang3/Inulin_MetaG/kaiju/all_shortreads/I-S29.kaiju.output	0.000124	73	121069	Eukaryota;NA;Oomycota;Pythiales;NA;NA;NA;
/home/glbrc.org/echiang3/Inulin_MetaG/kaiju/all_shortreads/I-S29.kaiju.output	0.000122	72	37357	Eukaryota;Endomyxa;NA;Plasmodiophorida;NA;NA;NA;
/home/glbrc.org/echiang3/Inulin_MetaG/kaiju/all_shortreads/I-S29.kaiju.output	0.000115	68	1890443	Bacteria;Cyanobacteria;NA;Spirulinales;NA;NA;NA;
/home/glbrc.org/echiang3/Inulin_MetaG/kaiju/all_shortreads/I-S29.kaiju.output	0.000112	66	1643684	Bacteria;Actinobacteria;Actinobacteria;Nakamurellales;NA;NA;NA;
/home/glbrc.org/echiang3/Inulin_MetaG/kaiju/all_shortreads/I-S29.kaiju.output	0.000110	65	1293499	Bacteria;Nitrospinae;Nitrospinia;Nitrospinales;NA;NA;NA;
/home/glbrc.org/echiang3/Inulin_MetaG/kaiju/all_shortreads/I-S29.kaiju.output	0.000110	65	2058181	Eukaryota;Evosea;Eumycetozoa;Acytosteliales;NA;NA;NA;
/home/glbrc.org/echiang3/Inulin_MetaG/kaiju/all_shortreads/I-S29.kaiju.output	0.000103	61	61421	Eukaryota;Zoopagomycota;Harpellomycetes;Harpellales;NA;NA;NA;
/home/glbrc.org/echiang3/Inulin_MetaG/kaiju/all_shortreads/I-S29.kaiju.output	0.000103	61	451442	Eukaryota;Chytridiomycota;Chytridiomycetes;Rhizophydiales;NA;NA;NA;
/home/glbrc.org/echiang3/Inulin_MetaG/kaiju/all_shortreads/I-S29.kaiju.output	0.000102	60	5957	Eukaryota;Ciliophora;Heterotrichea;Heterotrichida;NA;NA;NA;
/home/glbrc.org/echiang3/Inulin_MetaG/kaiju/all_shortreads/I-S29.kaiju.output	0.000102	60	134362	Eukaryota;Ascomycota;Dothideomycetes;Capnodiales;NA;NA;NA;
/home/glbrc.org/echiang3/Inulin_MetaG/kaiju/all_shortreads/I-S29.kaiju.output	0.000100	59	35491	Eukaryota;Chlorophyta;Chlorophyceae;Sphaeropleales;NA;NA;NA;
/home/glbrc.org/echiang3/Inulin_MetaG/kaiju/all_shortreads/I-S29.kaiju.output	0.000100	59	38748	Eukaryota;Bacillariophyta;Bacillariophyceae;Naviculales;NA;NA;NA;
/home/glbrc.org/echiang3/Inulin_MetaG/kaiju/all_shortreads/I-S29.kaiju.output	0.000100	59	189772	Bacteria;Chloroflexi;Chloroflexia;Herpetosiphonales;NA;NA;NA;
/home/glbrc.org/echiang3/Inulin_MetaG/kaiju/all_shortreads/I-S29.kaiju.output	0.000100	59	362534	Bacteria;Proteobacteria;Alphaproteobacteria;Kordiimonadales;NA;NA;NA;
/home/glbrc.org/echiang3/Inulin_MetaG/kaiju/all_shortreads/I-S29.kaiju.output	0.000098	58	35087	Eukaryota;Apicomplexa;Conoidasida;Eugregarinorida;NA;NA;NA;
/home/glbrc.org/echiang3/Inulin_MetaG/kaiju/all_shortreads/I-S29.kaiju.output	0.000096	57	5234	Eukaryota;Basidiomycota;Tremellomycetes;Tremellales;NA;NA;NA;
/home/glbrc.org/echiang3/Inulin_MetaG/kaiju/all_shortreads/I-S29.kaiju.output	0.000096	57	2495577	Bacteria;Actinobacteria;Actinobacteria;Cryptosporangiales;NA;NA;NA;
/home/glbrc.org/echiang3/Inulin_MetaG/kaiju/all_shortreads/I-S29.kaiju.output	0.000095	56	33851	Eukaryota;Bacillariophyta;Bacillariophyceae;Bacillariales;NA;NA;NA;
/home/glbrc.org/echiang3/Inulin_MetaG/kaiju/all_shortreads/I-S29.kaiju.output	0.000095	56	1028384	Eukaryota;Ascomycota;Sordariomycetes;Glomerellales;NA;NA;NA;
/home/glbrc.org/echiang3/Inulin_MetaG/kaiju/all_shortreads/I-S29.kaiju.output	0.000091	54	2798	Eukaryota;Rhodophyta;Bangiophyceae;Porphyridiales;NA;NA;NA;
/home/glbrc.org/echiang3/Inulin_MetaG/kaiju/all_shortreads/I-S29.kaiju.output	0.000091	54	1860137	Bacteria;Fibrobacteres;Chitinispirillia;Chitinispirillales;NA;NA;NA;
/home/glbrc.org/echiang3/Inulin_MetaG/kaiju/all_shortreads/I-S29.kaiju.output	0.000091	54	2066490	Bacteria;Proteobacteria;Alphaproteobacteria;Emcibacterales;NA;NA;NA;
/home/glbrc.org/echiang3/Inulin_MetaG/kaiju/all_shortreads/I-S29.kaiju.output	0.000090	53	78899	Eukaryota;Zoopagomycota;Zoopagomycetes;Zoopagales;NA;NA;NA;
/home/glbrc.org/echiang3/Inulin_MetaG/kaiju/all_shortreads/I-S29.kaiju.output	0.000090	53	2494207	Bacteria;Armatimonadetes;Armatimonadia;Capsulimonadales;NA;NA;NA;
/home/glbrc.org/echiang3/Inulin_MetaG/kaiju/all_shortreads/I-S29.kaiju.output	0.000086	51	5258	Eukaryota;Basidiomycota;Pucciniomycetes;Pucciniales;NA;NA;NA;
/home/glbrc.org/echiang3/Inulin_MetaG/kaiju/all_shortreads/I-S29.kaiju.output	0.000083	49	29216	Eukaryota;Rhodophyta;Bangiophyceae;Bangiales;NA;NA;NA;
/home/glbrc.org/echiang3/Inulin_MetaG/kaiju/all_shortreads/I-S29.kaiju.output	0.000083	49	639021	Eukaryota;Ascomycota;Sordariomycetes;Magnaporthales;NA;NA;NA;
/home/glbrc.org/echiang3/Inulin_MetaG/kaiju/all_shortreads/I-S29.kaiju.output	0.000083	49	1769716	Bacteria;Thermotogae;Thermotogae;Mesoaciditogales;NA;NA;NA;
/home/glbrc.org/echiang3/Inulin_MetaG/kaiju/all_shortreads/I-S29.kaiju.output	0.000080	47	73028	Eukaryota;Haptista;Haptophyta;Prymnesiales;NA;NA;NA;
/home/glbrc.org/echiang3/Inulin_MetaG/kaiju/all_shortreads/I-S29.kaiju.output	0.000080	47	1217098	Bacteria;Actinobacteria;Actinobacteria;Jiangellales;NA;NA;NA;
/home/glbrc.org/echiang3/Inulin_MetaG/kaiju/all_shortreads/I-S29.kaiju.output	0.000078	46	37989	Eukaryota;Ascomycota;Sordariomycetes;Xylariales;NA;NA;NA;
/home/glbrc.org/echiang3/Inulin_MetaG/kaiju/all_shortreads/I-S29.kaiju.output	0.000078	46	574975	Bacteria;Acidobacteria;Holophagae;Holophagales;NA;NA;NA;
/home/glbrc.org/echiang3/Inulin_MetaG/kaiju/all_shortreads/I-S29.kaiju.output	0.000078	46	1676649	Bacteria;Firmicutes;Limnochordia;Limnochordales;NA;NA;NA;
/home/glbrc.org/echiang3/Inulin_MetaG/kaiju/all_shortreads/I-S29.kaiju.output	0.000076	45	5226	Eukaryota;Basidiomycota;Agaricomycetes;Auriculariales;NA;NA;NA;
/home/glbrc.org/echiang3/Inulin_MetaG/kaiju/all_shortreads/I-S29.kaiju.output	0.000076	45	133814	Archaea;Euryarchaeota;Candidatus Poseidoniia;Candidatus Poseidoniales;NA;NA;NA;
/home/glbrc.org/echiang3/Inulin_MetaG/kaiju/all_shortreads/I-S29.kaiju.output	0.000076	45	139380	Eukaryota;Basidiomycota;Agaricomycetes;Hymenochaetales;NA;NA;NA;
/home/glbrc.org/echiang3/Inulin_MetaG/kaiju/all_shortreads/I-S29.kaiju.output	0.000076	45	235899	Bacteria;Proteobacteria;Epsilonproteobacteria;Nautiliales;NA;NA;NA;
/home/glbrc.org/echiang3/Inulin_MetaG/kaiju/all_shortreads/I-S29.kaiju.output	0.000073	43	556282	Eukaryota;NA;NA;Jakobida;NA;NA;NA;
/home/glbrc.org/echiang3/Inulin_MetaG/kaiju/all_shortreads/I-S29.kaiju.output	0.000071	42	5267	Eukaryota;Basidiomycota;Ustilaginomycetes;Ustilaginales;NA;NA;NA;
/home/glbrc.org/echiang3/Inulin_MetaG/kaiju/all_shortreads/I-S29.kaiju.output	0.000071	42	135615	Bacteria;Proteobacteria;Gammaproteobacteria;Cardiobacteriales;NA;NA;NA;
/home/glbrc.org/echiang3/Inulin_MetaG/kaiju/all_shortreads/I-S29.kaiju.output	0.000069	41	452342	Eukaryota;Basidiomycota;Agaricomycetes;Russulales;NA;NA;NA;
/home/glbrc.org/echiang3/Inulin_MetaG/kaiju/all_shortreads/I-S29.kaiju.output	0.000069	41	2302912	Eukaryota;Chlorophyta;Chloropicophyceae;Chloropicales;NA;NA;NA;
/home/glbrc.org/echiang3/Inulin_MetaG/kaiju/all_shortreads/I-S29.kaiju.output	0.000068	40	33651	Eukaryota;NA;Bigyra;Bicosoecida;NA;NA;NA;
/home/glbrc.org/echiang3/Inulin_MetaG/kaiju/all_shortreads/I-S29.kaiju.output	0.000068	40	1644060	Archaea;Euryarchaeota;Halobacteria;Natrialbales;NA;NA;NA;
/home/glbrc.org/echiang3/Inulin_MetaG/kaiju/all_shortreads/I-S29.kaiju.output	0.000066	39	4805	Eukaryota;Blastocladiomycota;Blastocladiomycetes;Blastocladiales;NA;NA;NA;
/home/glbrc.org/echiang3/Inulin_MetaG/kaiju/all_shortreads/I-S29.kaiju.output	0.000066	39	79272	Eukaryota;Chytridiomycota;Monoblepharidomycetes;Monoblepharidales;NA;NA;NA;
/home/glbrc.org/echiang3/Inulin_MetaG/kaiju/all_shortreads/I-S29.kaiju.output	0.000066	39	2231171	Eukaryota;Chytridiomycota;Chytridiomycetes;Synchytriales;NA;NA;NA;
/home/glbrc.org/echiang3/Inulin_MetaG/kaiju/all_shortreads/I-S29.kaiju.output	0.000064	38	5151	Eukaryota;Ascomycota;Sordariomycetes;Ophiostomatales;NA;NA;NA;
/home/glbrc.org/echiang3/Inulin_MetaG/kaiju/all_shortreads/I-S29.kaiju.output	0.000064	38	2699528	Eukaryota;NA;Bigyra;Thraustochytrida;NA;NA;NA;
/home/glbrc.org/echiang3/Inulin_MetaG/kaiju/all_shortreads/I-S29.kaiju.output	0.000063	37	198613	Eukaryota;Ciliophora;Oligohymenophorea;Philasterida;NA;NA;NA;
/home/glbrc.org/echiang3/Inulin_MetaG/kaiju/all_shortreads/I-S29.kaiju.output	0.000063	37	475963	Bacteria;Chloroflexi;Caldilineae;Caldilineales;NA;NA;NA;
/home/glbrc.org/echiang3/Inulin_MetaG/kaiju/all_shortreads/I-S29.kaiju.output	0.000061	36	2258	Archaea;Euryarchaeota;Thermococci;Thermococcales;NA;NA;NA;
/home/glbrc.org/echiang3/Inulin_MetaG/kaiju/all_shortreads/I-S29.kaiju.output	0.000061	36	78918	Eukaryota;Zoopagomycota;Dimargaritomycetes;Dimargaritales;NA;NA;NA;
/home/glbrc.org/echiang3/Inulin_MetaG/kaiju/all_shortreads/I-S29.kaiju.output	0.000061	36	214503	Eukaryota;Mucoromycota;Mortierellomycetes;Mortierellales;NA;NA;NA;
/home/glbrc.org/echiang3/Inulin_MetaG/kaiju/all_shortreads/I-S29.kaiju.output	0.000061	36	570264	Archaea;Euryarchaeota;Methanomicrobia;Methanocellales;NA;NA;NA;
/home/glbrc.org/echiang3/Inulin_MetaG/kaiju/all_shortreads/I-S29.kaiju.output	0.000061	36	1553901	Bacteria;Proteobacteria;Oligoflexia;Oligoflexales;NA;NA;NA;
/home/glbrc.org/echiang3/Inulin_MetaG/kaiju/all_shortreads/I-S29.kaiju.output	0.000059	35	510684	Bacteria;Proteobacteria;Alphaproteobacteria;Sneathiellales;NA;NA;NA;
/home/glbrc.org/echiang3/Inulin_MetaG/kaiju/all_shortreads/I-S29.kaiju.output	0.000058	34	31468	Eukaryota;Rhodophyta;Florideophyceae;Gracilariales;NA;NA;NA;
/home/glbrc.org/echiang3/Inulin_MetaG/kaiju/all_shortreads/I-S29.kaiju.output	0.000058	34	597358	Bacteria;Proteobacteria;Alphaproteobacteria;Kiloniellales;NA;NA;NA;
/home/glbrc.org/echiang3/Inulin_MetaG/kaiju/all_shortreads/I-S29.kaiju.output	0.000058	34	1803511	Archaea;Candidatus Altiarchaeota;NA;Candidatus Altiarchaeales;NA;NA;NA;
/home/glbrc.org/echiang3/Inulin_MetaG/kaiju/all_shortreads/I-S29.kaiju.output	0.000058	34	2024973	Bacteria;Proteobacteria;Oligoflexia;Silvanigrellales;NA;NA;NA;
/home/glbrc.org/echiang3/Inulin_MetaG/kaiju/all_shortreads/I-S29.kaiju.output	0.000056	33	596497	Bacteria;Actinobacteria;Nitriliruptoria;Nitriliruptorales;NA;NA;NA;
/home/glbrc.org/echiang3/Inulin_MetaG/kaiju/all_shortreads/I-S29.kaiju.output	0.000054	32	45676	Eukaryota;Ascomycota;Dothideomycetes;Myriangiales;NA;NA;NA;
/home/glbrc.org/echiang3/Inulin_MetaG/kaiju/all_shortreads/I-S29.kaiju.output	0.000054	32	1934945	Bacteria;Proteobacteria;Gammaproteobacteria;Immundisolibacterales;NA;NA;NA;
/home/glbrc.org/echiang3/Inulin_MetaG/kaiju/all_shortreads/I-S29.kaiju.output	0.000052	31	2877	Eukaryota;NA;Phaeophyceae;Ectocarpales;NA;NA;NA;
/home/glbrc.org/echiang3/Inulin_MetaG/kaiju/all_shortreads/I-S29.kaiju.output	0.000052	31	1748771	Bacteria;Acidobacteria;Blastocatellia;Blastocatellales;NA;NA;NA;
/home/glbrc.org/echiang3/Inulin_MetaG/kaiju/all_shortreads/I-S29.kaiju.output	0.000052	31	2152897	Bacteria;Candidatus Fermentibacteria;Candidatus Fermentibacteria (class);Candidatus Fermentibacterales;NA;NA;NA;
/home/glbrc.org/echiang3/Inulin_MetaG/kaiju/all_shortreads/I-S29.kaiju.output	0.000051	30	425074	Eukaryota;NA;Eustigmatophyceae;Eustigmatales;NA;NA;NA;
/home/glbrc.org/echiang3/Inulin_MetaG/kaiju/all_shortreads/I-S29.kaiju.output	0.000049	29	89954	Eukaryota;NA;Dinophyceae;Suessiales;NA;NA;NA;
/home/glbrc.org/echiang3/Inulin_MetaG/kaiju/all_shortreads/I-S29.kaiju.output	0.000049	29	189776	Bacteria;Chloroflexi;Thermomicrobia;Thermomicrobiales;NA;NA;NA;
/home/glbrc.org/echiang3/Inulin_MetaG/kaiju/all_shortreads/I-S29.kaiju.output	0.000049	29	1077263	Bacteria;Armatimonadetes;Chthonomonadetes;Chthonomonadales;NA;NA;NA;
/home/glbrc.org/echiang3/Inulin_MetaG/kaiju/all_shortreads/I-S29.kaiju.output	0.000047	28	486728	Eukaryota;Ciliophora;Spirotrichea;Urostylida;NA;NA;NA;
/home/glbrc.org/echiang3/Inulin_MetaG/kaiju/all_shortreads/I-S29.kaiju.output	0.000047	28	622452	Bacteria;Actinobacteria;Actinobacteria;Kineosporiales;NA;NA;NA;
/home/glbrc.org/echiang3/Inulin_MetaG/kaiju/all_shortreads/I-S29.kaiju.output	0.000046	27	36064	Eukaryota;Basidiomycota;Agaricomycetes;Cantharellales;NA;NA;NA;
/home/glbrc.org/echiang3/Inulin_MetaG/kaiju/all_shortreads/I-S29.kaiju.output	0.000046	27	146291	Eukaryota;Ascomycota;Eurotiomycetes;Verrucariales;NA;NA;NA;
/home/glbrc.org/echiang3/Inulin_MetaG/kaiju/all_shortreads/I-S29.kaiju.output	0.000046	27	231213	Eukaryota;Basidiomycota;Microbotryomycetes;Sporidiobolales;NA;NA;NA;
/home/glbrc.org/echiang3/Inulin_MetaG/kaiju/all_shortreads/I-S29.kaiju.output	0.000046	27	451869	Eukaryota;Ascomycota;Dothideomycetes;Botryosphaeriales;NA;NA;NA;
/home/glbrc.org/echiang3/Inulin_MetaG/kaiju/all_shortreads/I-S29.kaiju.output	0.000046	27	693072	Bacteria;Caldiserica;Caldisericia;Caldisericales;NA;NA;NA;
/home/glbrc.org/echiang3/Inulin_MetaG/kaiju/all_shortreads/I-S29.kaiju.output	0.000044	26	2231	Archaea;Euryarchaeota;Archaeoglobi;Archaeoglobales;NA;NA;NA;
/home/glbrc.org/echiang3/Inulin_MetaG/kaiju/all_shortreads/I-S29.kaiju.output	0.000044	26	5185	Eukaryota;Ascomycota;Pezizomycetes;Pezizales;NA;NA;NA;
/home/glbrc.org/echiang3/Inulin_MetaG/kaiju/all_shortreads/I-S29.kaiju.output	0.000044	26	178369	Eukaryota;Imbricatea;NA;Euglyphida;NA;NA;NA;
/home/glbrc.org/echiang3/Inulin_MetaG/kaiju/all_shortreads/I-S29.kaiju.output	0.000044	26	297313	Eukaryota;Basidiomycota;Agaricomycetes;Sebacinales;NA;NA;NA;
/home/glbrc.org/echiang3/Inulin_MetaG/kaiju/all_shortreads/I-S29.kaiju.output	0.000044	26	1505233	Bacteria;Fibrobacteres;Chitinivibrionia;Chitinivibrionales;NA;NA;NA;
/home/glbrc.org/echiang3/Inulin_MetaG/kaiju/all_shortreads/I-S29.kaiju.output	0.000042	25	28017	Eukaryota;Rhodophyta;Florideophyceae;Gigartinales;NA;NA;NA;
/home/glbrc.org/echiang3/Inulin_MetaG/kaiju/all_shortreads/I-S29.kaiju.output	0.000042	25	54409	Eukaryota;NA;Pelagophyceae;Pelagomonadales;NA;NA;NA;
/home/glbrc.org/echiang3/Inulin_MetaG/kaiju/all_shortreads/I-S29.kaiju.output	0.000042	25	1663425	Bacteria;Armatimonadetes;Fimbriimonadia;Fimbriimonadales;NA;NA;NA;
/home/glbrc.org/echiang3/Inulin_MetaG/kaiju/all_shortreads/I-S29.kaiju.output	0.000042	25	2138246	Bacteria;Coprothermobacterota;Coprothermobacteria;Coprothermobacterales;NA;NA;NA;
/home/glbrc.org/echiang3/Inulin_MetaG/kaiju/all_shortreads/I-S29.kaiju.output	0.000042	25	2507901	Eukaryota;Chlorophyta;Trebouxiophyceae;Trebouxiales;NA;NA;NA;
/home/glbrc.org/echiang3/Inulin_MetaG/kaiju/all_shortreads/I-S29.kaiju.output	0.000041	24	4857	Eukaryota;Zoopagomycota;Entomophthoromycetes;Entomophthorales;NA;NA;NA;
/home/glbrc.org/echiang3/Inulin_MetaG/kaiju/all_shortreads/I-S29.kaiju.output	0.000041	24	431958	Eukaryota;Basidiomycota;Wallemiomycetes;Wallemiales;NA;NA;NA;
/home/glbrc.org/echiang3/Inulin_MetaG/kaiju/all_shortreads/I-S29.kaiju.output	0.000041	24	2599631	Bacteria;Candidatus Eremiobacteraeota;NA;Candidatus Eremiobacterales;NA;NA;NA;
/home/glbrc.org/echiang3/Inulin_MetaG/kaiju/all_shortreads/I-S29.kaiju.output	0.000039	23	370421	Eukaryota;NA;Oomycota;Albuginales;NA;NA;NA;
/home/glbrc.org/echiang3/Inulin_MetaG/kaiju/all_shortreads/I-S29.kaiju.output	0.000039	23	1508535	Bacteria;Chloroflexi;Chloroflexia;Kallotenuales;NA;NA;NA;
/home/glbrc.org/echiang3/Inulin_MetaG/kaiju/all_shortreads/I-S29.kaiju.output	0.000039	23	1836787	Bacteria;Verrucomicrobia;Spartobacteria;Chthoniobacterales;NA;NA;NA;
/home/glbrc.org/echiang3/Inulin_MetaG/kaiju/all_shortreads/I-S29.kaiju.output	0.000037	22	4869	Eukaryota;Mucoromycota;Endogonomycetes;Endogonales;NA;NA;NA;
/home/glbrc.org/echiang3/Inulin_MetaG/kaiju/all_shortreads/I-S29.kaiju.output	0.000037	22	2039638	Bacteria;Actinobacteria;Actinobacteria;Candidatus Nanopelagicales;NA;NA;NA;
/home/glbrc.org/echiang3/Inulin_MetaG/kaiju/all_shortreads/I-S29.kaiju.output	0.000037	22	2698752	Eukaryota;NA;Cryptophyceae;Cyathomonadacea;NA;NA;NA;
/home/glbrc.org/echiang3/Inulin_MetaG/kaiju/all_shortreads/I-S29.kaiju.output	0.000036	21	4861	Eukaryota;Zoopagomycota;Kickxellomycetes;Kickxellales;NA;NA;NA;
/home/glbrc.org/echiang3/Inulin_MetaG/kaiju/all_shortreads/I-S29.kaiju.output	0.000036	21	5114	Eukaryota;Ascomycota;Sordariomycetes;Diaporthales;NA;NA;NA;
/home/glbrc.org/echiang3/Inulin_MetaG/kaiju/all_shortreads/I-S29.kaiju.output	0.000036	21	34478	Eukaryota;Chytridiomycota;Chytridiomycetes;Spizellomycetales;NA;NA;NA;
/home/glbrc.org/echiang3/Inulin_MetaG/kaiju/all_shortreads/I-S29.kaiju.output	0.000036	21	589350	Eukaryota;NA;Cryptophyceae;Cryptomonadales;NA;NA;NA;
/home/glbrc.org/echiang3/Inulin_MetaG/kaiju/all_shortreads/I-S29.kaiju.output	0.000036	21	1382929	Bacteria;Chloroflexi;Ardenticatenia;Ardenticatenales;NA;NA;NA;
/home/glbrc.org/echiang3/Inulin_MetaG/kaiju/all_shortreads/I-S29.kaiju.output	0.000034	20	33825	Eukaryota;Ciliophora;Oligohymenophorea;Peniculida;NA;NA;NA;
/home/glbrc.org/echiang3/Inulin_MetaG/kaiju/all_shortreads/I-S29.kaiju.output	0.000034	20	2231168	Eukaryota;Chytridiomycota;Chytridiomycetes;Caulochytriales;NA;NA;NA;
/home/glbrc.org/echiang3/Inulin_MetaG/kaiju/all_shortreads/I-S29.kaiju.output	0.000034	20	2704650	Eukaryota;Euglenozoa;Kinetoplastea;Eubodonida;NA;NA;NA;
/home/glbrc.org/echiang3/Inulin_MetaG/kaiju/all_shortreads/I-S29.kaiju.output	0.000032	19	5404	Eukaryota;Basidiomycota;Exobasidiomycetes;Exobasidiales;NA;NA;NA;
/home/glbrc.org/echiang3/Inulin_MetaG/kaiju/all_shortreads/I-S29.kaiju.output	0.000032	19	28997	Eukaryota;Basidiomycota;Dacrymycetes;Dacrymycetales;NA;NA;NA;
/home/glbrc.org/echiang3/Inulin_MetaG/kaiju/all_shortreads/I-S29.kaiju.output	0.000032	19	717963	Bacteria;Verrucomicrobia;Methylacidiphilae;Methylacidiphilales;NA;NA;NA;
/home/glbrc.org/echiang3/Inulin_MetaG/kaiju/all_shortreads/I-S29.kaiju.output	0.000030	18	908621	Bacteria;Actinobacteria;Nitriliruptoria;Euzebyales;NA;NA;NA;
/home/glbrc.org/echiang3/Inulin_MetaG/kaiju/all_shortreads/I-S29.kaiju.output	0.000029	17	2802	Eukaryota;Rhodophyta;Florideophyceae;Ceramiales;NA;NA;NA;
/home/glbrc.org/echiang3/Inulin_MetaG/kaiju/all_shortreads/I-S29.kaiju.output	0.000029	17	33183	Eukaryota;Ascomycota;Eurotiomycetes;Onygenales;NA;NA;NA;
/home/glbrc.org/echiang3/Inulin_MetaG/kaiju/all_shortreads/I-S29.kaiju.output	0.000029	17	162474	Eukaryota;Basidiomycota;Malasseziomycetes;Malasseziales;NA;NA;NA;
/home/glbrc.org/echiang3/Inulin_MetaG/kaiju/all_shortreads/I-S29.kaiju.output	0.000029	17	198615	Eukaryota;Ciliophora;Oligohymenophorea;Thigmotrichida;NA;NA;NA;
/home/glbrc.org/echiang3/Inulin_MetaG/kaiju/all_shortreads/I-S29.kaiju.output	0.000027	16	90883	Eukaryota;Basidiomycota;Tremellomycetes;Cystofilobasidiales;NA;NA;NA;
/home/glbrc.org/echiang3/Inulin_MetaG/kaiju/all_shortreads/I-S29.kaiju.output	0.000027	16	1442155	Bacteria;Proteobacteria;Betaproteobacteria;Ferrovales;NA;NA;NA;
/home/glbrc.org/echiang3/Inulin_MetaG/kaiju/all_shortreads/I-S29.kaiju.output	0.000027	16	1643687	Bacteria;Spirochaetes;Spirochaetia;Brevinematales;NA;NA;NA;
/home/glbrc.org/echiang3/Inulin_MetaG/kaiju/all_shortreads/I-S29.kaiju.output	0.000027	16	2545689	Archaea;Euryarchaeota;Candidatus Methanoliparia;Candidatus Methanoliparales;NA;NA;NA;
/home/glbrc.org/echiang3/Inulin_MetaG/kaiju/all_shortreads/I-S29.kaiju.output	0.000025	15	37987	Eukaryota;Ascomycota;Pneumocystidomycetes;Pneumocystidales;NA;NA;NA;
/home/glbrc.org/echiang3/Inulin_MetaG/kaiju/all_shortreads/I-S29.kaiju.output	0.000025	15	1264872	Eukaryota;Zoopagomycota;Basidiobolomycetes;Basidiobolales;NA;NA;NA;
/home/glbrc.org/echiang3/Inulin_MetaG/kaiju/all_shortreads/I-S29.kaiju.output	0.000025	15	1618100	Eukaryota;Ascomycota;Eurotiomycetes;Phaeomoniellales;NA;NA;NA;
/home/glbrc.org/echiang3/Inulin_MetaG/kaiju/all_shortreads/I-S29.kaiju.output	0.000025	15	2109260	Bacteria;Abditibacteriota;Abditibacteria;Abditibacteriales;NA;NA;NA;
/home/glbrc.org/echiang3/Inulin_MetaG/kaiju/all_shortreads/I-S29.kaiju.output	0.000024	14	2266	Archaea;Crenarchaeota;Thermoprotei;Thermoproteales;NA;NA;NA;
/home/glbrc.org/echiang3/Inulin_MetaG/kaiju/all_shortreads/I-S29.kaiju.output	0.000024	14	68889	Eukaryota;Basidiomycota;Agaricomycetes;Boletales;NA;NA;NA;
/home/glbrc.org/echiang3/Inulin_MetaG/kaiju/all_shortreads/I-S29.kaiju.output	0.000024	14	452339	Eukaryota;Basidiomycota;Agaricomycetes;Gloeophyllales;NA;NA;NA;
/home/glbrc.org/echiang3/Inulin_MetaG/kaiju/all_shortreads/I-S29.kaiju.output	0.000024	14	768667	Bacteria;Chloroflexi;Ktedonobacteria;Thermogemmatisporales;NA;NA;NA;
/home/glbrc.org/echiang3/Inulin_MetaG/kaiju/all_shortreads/I-S29.kaiju.output	0.000022	13	452334	Eukaryota;Basidiomycota;Agaricomycetes;Atheliales;NA;NA;NA;
/home/glbrc.org/echiang3/Inulin_MetaG/kaiju/all_shortreads/I-S29.kaiju.output	0.000022	13	1389450	Bacteria;Actinobacteria;Actinobacteria;Candidatus Actinomarinales;NA;NA;NA;
/home/glbrc.org/echiang3/Inulin_MetaG/kaiju/all_shortreads/I-S29.kaiju.output	0.000022	13	1495647	Bacteria;Chloroflexi;Thermoflexia;Thermoflexales;NA;NA;NA;
/home/glbrc.org/echiang3/Inulin_MetaG/kaiju/all_shortreads/I-S29.kaiju.output	0.000020	12	40984	Eukaryota;NA;Dinophyceae;Gonyaulacales;NA;NA;NA;
/home/glbrc.org/echiang3/Inulin_MetaG/kaiju/all_shortreads/I-S29.kaiju.output	0.000020	12	658125	Eukaryota;NA;Raphidophyceae;Chattonellales;NA;NA;NA;
/home/glbrc.org/echiang3/Inulin_MetaG/kaiju/all_shortreads/I-S29.kaiju.output	0.000019	11	5989	Eukaryota;Ciliophora;Litostomatea;Haptorida;NA;NA;NA;
/home/glbrc.org/echiang3/Inulin_MetaG/kaiju/all_shortreads/I-S29.kaiju.output	0.000019	11	34346	Eukaryota;Ascomycota;Schizosaccharomycetes;Schizosaccharomycetales;NA;NA;NA;
/home/glbrc.org/echiang3/Inulin_MetaG/kaiju/all_shortreads/I-S29.kaiju.output	0.000019	11	189479	Eukaryota;Ascomycota;Orbiliomycetes;Orbiliales;NA;NA;NA;
/home/glbrc.org/echiang3/Inulin_MetaG/kaiju/all_shortreads/I-S29.kaiju.output	0.000019	11	432026	Eukaryota;Basidiomycota;Mixiomycetes;Mixiales;NA;NA;NA;
/home/glbrc.org/echiang3/Inulin_MetaG/kaiju/all_shortreads/I-S29.kaiju.output	0.000019	11	588814	Archaea;Euryarchaeota;Methanomicrobia;Methanophagales;NA;NA;NA;
/home/glbrc.org/echiang3/Inulin_MetaG/kaiju/all_shortreads/I-S29.kaiju.output	0.000019	11	1851469	Eukaryota;Basidiomycota;Tremellomycetes;Trichosporonales;NA;NA;NA;
/home/glbrc.org/echiang3/Inulin_MetaG/kaiju/all_shortreads/I-S29.kaiju.output	0.000017	10	5008	Eukaryota;Ascomycota;Taphrinomycetes;Taphrinales;NA;NA;NA;
/home/glbrc.org/echiang3/Inulin_MetaG/kaiju/all_shortreads/I-S29.kaiju.output	0.000017	10	29823	Eukaryota;Ascomycota;Neolectomycetes;Neolectales;NA;NA;NA;
/home/glbrc.org/echiang3/Inulin_MetaG/kaiju/all_shortreads/I-S29.kaiju.output	0.000017	10	31351	Eukaryota;Rhodophyta;Compsopogonophyceae;Erythropeltidales;NA;NA;NA;
/home/glbrc.org/echiang3/Inulin_MetaG/kaiju/all_shortreads/I-S29.kaiju.output	0.000017	10	721947	Eukaryota;Basidiomycota;Agaricomycetes;Amylocorticiales;NA;NA;NA;
/home/glbrc.org/echiang3/Inulin_MetaG/kaiju/all_shortreads/I-S29.kaiju.output	0.000017	10	1955042	Bacteria;Cyanobacteria;NA;Gloeoemargaritales;NA;NA;NA;
/home/glbrc.org/echiang3/Inulin_MetaG/kaiju/all_shortreads/I-S29.kaiju.output	0.000015	9	231212	Eukaryota;Basidiomycota;Microbotryomycetes;Leucosporidiales;NA;NA;NA;
/home/glbrc.org/echiang3/Inulin_MetaG/kaiju/all_shortreads/I-S29.kaiju.output	0.000015	9	622450	Bacteria;Actinobacteria;Actinobacteria;Actinopolysporales;NA;NA;NA;
/home/glbrc.org/echiang3/Inulin_MetaG/kaiju/all_shortreads/I-S29.kaiju.output	0.000014	8	38834	Eukaryota;Chlorophyta;Pyramimonadophyceae;Pyramimonadales;NA;NA;NA;
/home/glbrc.org/echiang3/Inulin_MetaG/kaiju/all_shortreads/I-S29.kaiju.output	0.000014	8	188941	Eukaryota;Cercozoa;NA;Cercomonadida;NA;NA;NA;
/home/glbrc.org/echiang3/Inulin_MetaG/kaiju/all_shortreads/I-S29.kaiju.output	0.000014	8	452343	Eukaryota;Basidiomycota;Agaricomycetes;Trechisporales;NA;NA;NA;
/home/glbrc.org/echiang3/Inulin_MetaG/kaiju/all_shortreads/I-S29.kaiju.output	0.000014	8	1154584	Bacteria;Actinobacteria;Rubrobacteria;Gaiellales;NA;NA;NA;
/home/glbrc.org/echiang3/Inulin_MetaG/kaiju/all_shortreads/I-S29.kaiju.output	0.000012	7	62916	Eukaryota;Basidiomycota;Exobasidiomycetes;Tilletiales;NA;NA;NA;
/home/glbrc.org/echiang3/Inulin_MetaG/kaiju/all_shortreads/I-S29.kaiju.output	0.000012	7	157608	Eukaryota;Basidiomycota;Agaricomycetes;Geastrales;NA;NA;NA;
/home/glbrc.org/echiang3/Inulin_MetaG/kaiju/all_shortreads/I-S29.kaiju.output	0.000012	7	191814	Eukaryota;Euglenozoa;NA;Diplonemea;NA;NA;NA;
/home/glbrc.org/echiang3/Inulin_MetaG/kaiju/all_shortreads/I-S29.kaiju.output	0.000012	7	292576	Eukaryota;Ascomycota;Sordariomycetes;Coniochaetales;NA;NA;NA;
/home/glbrc.org/echiang3/Inulin_MetaG/kaiju/all_shortreads/I-S29.kaiju.output	0.000012	7	1544799	Bacteria;Proteobacteria;Alphaproteobacteria;Rhodothalassiales;NA;NA;NA;
/home/glbrc.org/echiang3/Inulin_MetaG/kaiju/all_shortreads/I-S29.kaiju.output	0.000012	7	1749035	Eukaryota;Basidiomycota;Ustilaginomycetes;Violaceomycetales;NA;NA;NA;
/home/glbrc.org/echiang3/Inulin_MetaG/kaiju/all_shortreads/I-S29.kaiju.output	0.000012	7	2703812	Bacteria;Candidatus Mcinerneyibacteriota;Candidatus Mcinerneyibacteria;Candidatus Mcinerneyibacteriales;NA;NA;NA;
/home/glbrc.org/echiang3/Inulin_MetaG/kaiju/all_shortreads/I-S29.kaiju.output	0.000012	7	2714147	Eukaryota;Ascomycota;Dothideomycetes;Eremomycetales;NA;NA;NA;
/home/glbrc.org/echiang3/Inulin_MetaG/kaiju/all_shortreads/I-S29.kaiju.output	0.000010	6	5120	Eukaryota;Ascomycota;Leotiomycetes;Erysiphales;NA;NA;NA;
/home/glbrc.org/echiang3/Inulin_MetaG/kaiju/all_shortreads/I-S29.kaiju.output	0.000010	6	73026	Eukaryota;Haptista;Haptophyta;Pavlovales;NA;NA;NA;
/home/glbrc.org/echiang3/Inulin_MetaG/kaiju/all_shortreads/I-S29.kaiju.output	0.000010	6	86650	Eukaryota;Euglenozoa;Euglenida;Euglenales;NA;NA;NA;
/home/glbrc.org/echiang3/Inulin_MetaG/kaiju/all_shortreads/I-S29.kaiju.output	0.000010	6	88547	Eukaryota;NA;Dinophyceae;Syndiniales;NA;NA;NA;
/home/glbrc.org/echiang3/Inulin_MetaG/kaiju/all_shortreads/I-S29.kaiju.output	0.000010	6	452338	Eukaryota;Basidiomycota;Agaricomycetes;Corticiales;NA;NA;NA;
/home/glbrc.org/echiang3/Inulin_MetaG/kaiju/all_shortreads/I-S29.kaiju.output	0.000010	6	742846	Eukaryota;Basidiomycota;Exobasidiomycetes;Ceraceosorales;NA;NA;NA;
/home/glbrc.org/echiang3/Inulin_MetaG/kaiju/all_shortreads/I-S29.kaiju.output	0.000010	6	1033996	Archaea;Thaumarchaeota;Nitrososphaeria;Nitrososphaerales;NA;NA;NA;
/home/glbrc.org/echiang3/Inulin_MetaG/kaiju/all_shortreads/I-S29.kaiju.output	0.000010	6	1217820	Eukaryota;Ascomycota;Xylonomycetes;Xylonales;NA;NA;NA;
/home/glbrc.org/echiang3/Inulin_MetaG/kaiju/all_shortreads/I-S29.kaiju.output	0.000008	5	2953	Eukaryota;NA;Dinophyceae;Gymnodiniales;NA;NA;NA;
/home/glbrc.org/echiang3/Inulin_MetaG/kaiju/all_shortreads/I-S29.kaiju.output	0.000008	5	29247	Eukaryota;Rhodophyta;Florideophyceae;Rhodymeniales;NA;NA;NA;
/home/glbrc.org/echiang3/Inulin_MetaG/kaiju/all_shortreads/I-S29.kaiju.output	0.000008	5	33831	Eukaryota;Ciliophora;Spirotrichea;Euplotida;NA;NA;NA;
/home/glbrc.org/echiang3/Inulin_MetaG/kaiju/all_shortreads/I-S29.kaiju.output	0.000008	5	114380	Archaea;Crenarchaeota;Thermoprotei;Desulfurococcales;NA;NA;NA;
/home/glbrc.org/echiang3/Inulin_MetaG/kaiju/all_shortreads/I-S29.kaiju.output	0.000008	5	2315420	Bacteria;Candidatus Sumerlaeota;Candidatus Sumerlaeia;Candidatus Sumerlaeales;NA;NA;NA;
/home/glbrc.org/echiang3/Inulin_MetaG/kaiju/all_shortreads/I-S29.kaiju.output	0.000007	4	5014	Eukaryota;Ascomycota;Dothideomycetes;Dothideales;NA;NA;NA;
/home/glbrc.org/echiang3/Inulin_MetaG/kaiju/all_shortreads/I-S29.kaiju.output	0.000007	4	5592	Eukaryota;Ascomycota;Sordariomycetes;Microascales;NA;NA;NA;
/home/glbrc.org/echiang3/Inulin_MetaG/kaiju/all_shortreads/I-S29.kaiju.output	0.000007	4	31932	Archaea;Thaumarchaeota;NA;Nitrosopumilales;NA;NA;NA;
/home/glbrc.org/echiang3/Inulin_MetaG/kaiju/all_shortreads/I-S29.kaiju.output	0.000007	4	35443	Eukaryota;Chlorophyta;Ulvophyceae;Trentepohliales;NA;NA;NA;
/home/glbrc.org/echiang3/Inulin_MetaG/kaiju/all_shortreads/I-S29.kaiju.output	0.000007	4	55070	Eukaryota;Basidiomycota;Microbotryomycetes;Microbotryales;NA;NA;NA;
/home/glbrc.org/echiang3/Inulin_MetaG/kaiju/all_shortreads/I-S29.kaiju.output	0.000007	4	162475	Eukaryota;Basidiomycota;Exobasidiomycetes;Microstromatales;NA;NA;NA;
/home/glbrc.org/echiang3/Inulin_MetaG/kaiju/all_shortreads/I-S29.kaiju.output	0.000007	4	188944	Eukaryota;Imbricatea;NA;Thaumatomonadida;NA;NA;NA;
/home/glbrc.org/echiang3/Inulin_MetaG/kaiju/all_shortreads/I-S29.kaiju.output	0.000007	4	339960	Eukaryota;NA;Cryptophyceae;Kathablepharidacea;NA;NA;NA;
/home/glbrc.org/echiang3/Inulin_MetaG/kaiju/all_shortreads/I-S29.kaiju.output	0.000007	4	685948	Archaea;Crenarchaeota;Thermoprotei;Fervidicoccales;NA;NA;NA;
/home/glbrc.org/echiang3/Inulin_MetaG/kaiju/all_shortreads/I-S29.kaiju.output	0.000007	4	721927	Eukaryota;Basidiomycota;Agaricomycetes;Jaapiales;NA;NA;NA;
/home/glbrc.org/echiang3/Inulin_MetaG/kaiju/all_shortreads/I-S29.kaiju.output	0.000007	4	1890505	Bacteria;Cyanobacteria;NA;Chroococcidiopsidales;NA;NA;NA;
/home/glbrc.org/echiang3/Inulin_MetaG/kaiju/all_shortreads/I-S29.kaiju.output	0.000005	3	2281	Archaea;Crenarchaeota;Thermoprotei;Sulfolobales;NA;NA;NA;
/home/glbrc.org/echiang3/Inulin_MetaG/kaiju/all_shortreads/I-S29.kaiju.output	0.000005	3	3009	Eukaryota;NA;Phaeophyceae;Fucales;NA;NA;NA;
/home/glbrc.org/echiang3/Inulin_MetaG/kaiju/all_shortreads/I-S29.kaiju.output	0.000005	3	3113	Eukaryota;Chlorophyta;Ulvophyceae;Ulvales;NA;NA;NA;
/home/glbrc.org/echiang3/Inulin_MetaG/kaiju/all_shortreads/I-S29.kaiju.output	0.000005	3	31477	Eukaryota;Rhodophyta;Florideophyceae;Hildenbrandiales;NA;NA;NA;
/home/glbrc.org/echiang3/Inulin_MetaG/kaiju/all_shortreads/I-S29.kaiju.output	0.000005	3	35426	Eukaryota;Chlorophyta;Chlorodendrophyceae;Chlorodendrales;NA;NA;NA;
/home/glbrc.org/echiang3/Inulin_MetaG/kaiju/all_shortreads/I-S29.kaiju.output	0.000005	3	40634	Eukaryota;Ciliophora;Litostomatea;Entodiniomorphida;NA;NA;NA;
/home/glbrc.org/echiang3/Inulin_MetaG/kaiju/all_shortreads/I-S29.kaiju.output	0.000005	3	100121	Eukaryota;Ascomycota;Eurotiomycetes;Pyrenulales;NA;NA;NA;
/home/glbrc.org/echiang3/Inulin_MetaG/kaiju/all_shortreads/I-S29.kaiju.output	0.000005	3	199699	Eukaryota;Rhodophyta;Florideophyceae;Nemastomatales;NA;NA;NA;
/home/glbrc.org/echiang3/Inulin_MetaG/kaiju/all_shortreads/I-S29.kaiju.output	0.000005	3	588674	Bacteria;Actinobacteria;Thermoleophilia;Thermoleophilales;NA;NA;NA;
/home/glbrc.org/echiang3/Inulin_MetaG/kaiju/all_shortreads/I-S29.kaiju.output	0.000005	3	590978	Eukaryota;NA;Dictyochophyceae;Rhizochromulinales;NA;NA;NA;
/home/glbrc.org/echiang3/Inulin_MetaG/kaiju/all_shortreads/I-S29.kaiju.output	0.000005	3	603422	Eukaryota;Ascomycota;Dothideomycetes;Mytilinidiales;NA;NA;NA;
/home/glbrc.org/echiang3/Inulin_MetaG/kaiju/all_shortreads/I-S29.kaiju.output	0.000005	3	703495	Eukaryota;Ascomycota;Dothideomycetes;Microthyriales;NA;NA;NA;
/home/glbrc.org/echiang3/Inulin_MetaG/kaiju/all_shortreads/I-S29.kaiju.output	0.000005	3	1111111	Eukaryota;Ascomycota;Dothideomycetes;Venturiales;NA;NA;NA;
/home/glbrc.org/echiang3/Inulin_MetaG/kaiju/all_shortreads/I-S29.kaiju.output	0.000005	3	1617890	Bacteria;Proteobacteria;Gammaproteobacteria;Arenicellales;NA;NA;NA;
/home/glbrc.org/echiang3/Inulin_MetaG/kaiju/all_shortreads/I-S29.kaiju.output	0.000005	3	1818663	Eukaryota;Ascomycota;Dothideomycetes;Phaeotrichales;NA;NA;NA;
/home/glbrc.org/echiang3/Inulin_MetaG/kaiju/all_shortreads/I-S29.kaiju.output	0.000005	3	1913639	Eukaryota;Mucoromycota;Umbelopsidomycetes;Umbelopsidales;NA;NA;NA;
/home/glbrc.org/echiang3/Inulin_MetaG/kaiju/all_shortreads/I-S29.kaiju.output	0.000005	3	2493627	Bacteria;Proteobacteria;Alphaproteobacteria;Minwuiales;NA;NA;NA;
/home/glbrc.org/echiang3/Inulin_MetaG/kaiju/all_shortreads/I-S29.kaiju.output	0.000005	3	2704648	Eukaryota;Euglenozoa;Kinetoplastea;Neobodonida;NA;NA;NA;
/home/glbrc.org/echiang3/Inulin_MetaG/kaiju/all_shortreads/I-S29.kaiju.output	0.000005	3	2706121	Eukaryota;Ascomycota;Dothideomycetes;Aulographales;NA;NA;NA;
/home/glbrc.org/echiang3/Inulin_MetaG/kaiju/all_shortreads/I-S29.kaiju.output	0.000003	2	2807	Eukaryota;Rhodophyta;Florideophyceae;Nemaliales;NA;NA;NA;
/home/glbrc.org/echiang3/Inulin_MetaG/kaiju/all_shortreads/I-S29.kaiju.output	0.000003	2	2910	Eukaryota;NA;Dinophyceae;Peridiniales;NA;NA;NA;
/home/glbrc.org/echiang3/Inulin_MetaG/kaiju/all_shortreads/I-S29.kaiju.output	0.000003	2	2974	Eukaryota;NA;Xanthophyceae;Vaucheriales;NA;NA;NA;
/home/glbrc.org/echiang3/Inulin_MetaG/kaiju/all_shortreads/I-S29.kaiju.output	0.000003	2	5197	Eukaryota;Ascomycota;Lecanoromycetes;Lecanorales;NA;NA;NA;
/home/glbrc.org/echiang3/Inulin_MetaG/kaiju/all_shortreads/I-S29.kaiju.output	0.000003	2	5789	Eukaryota;Evosea;Eumycetozoa;Physariida;NA;NA;NA;
/home/glbrc.org/echiang3/Inulin_MetaG/kaiju/all_shortreads/I-S29.kaiju.output	0.000003	2	31291	Eukaryota;Endomyxa;Ascetosporea;Haplosporida;NA;NA;NA;
/home/glbrc.org/echiang3/Inulin_MetaG/kaiju/all_shortreads/I-S29.kaiju.output	0.000003	2	31370	Eukaryota;Rhodophyta;Florideophyceae;Batrachospermales;NA;NA;NA;
/home/glbrc.org/echiang3/Inulin_MetaG/kaiju/all_shortreads/I-S29.kaiju.output	0.000003	2	33844	Eukaryota;Bacillariophyta;Coscinodiscophyceae;Rhizosoleniales;NA;NA;NA;
/home/glbrc.org/echiang3/Inulin_MetaG/kaiju/all_shortreads/I-S29.kaiju.output	0.000003	2	86652	Eukaryota;Euglenozoa;Euglenida;Eutreptiales;NA;NA;NA;
/home/glbrc.org/echiang3/Inulin_MetaG/kaiju/all_shortreads/I-S29.kaiju.output	0.000003	2	135250	Eukaryota;Chlorophyta;Trebouxiophyceae;Prasiolales;NA;NA;NA;
/home/glbrc.org/echiang3/Inulin_MetaG/kaiju/all_shortreads/I-S29.kaiju.output	0.000003	2	205948	Archaea;Thaumarchaeota;NA;Cenarchaeales;NA;NA;NA;
/home/glbrc.org/echiang3/Inulin_MetaG/kaiju/all_shortreads/I-S29.kaiju.output	0.000003	2	589444	Eukaryota;Cercozoa;Thecofilosea;Cryomonadida;NA;NA;NA;
/home/glbrc.org/echiang3/Inulin_MetaG/kaiju/all_shortreads/I-S29.kaiju.output	0.000003	2	871006	Archaea;Crenarchaeota;Thermoprotei;Acidilobales;NA;NA;NA;
/home/glbrc.org/echiang3/Inulin_MetaG/kaiju/all_shortreads/I-S29.kaiju.output	0.000003	2	1643683	Bacteria;Actinobacteria;Actinobacteria;Acidothermales;NA;NA;NA;
/home/glbrc.org/echiang3/Inulin_MetaG/kaiju/all_shortreads/I-S29.kaiju.output	0.000003	2	1915414	Archaea;Candidatus Verstraetearchaeota;Candidatus Methanomethylia;Candidatus Methanomethyliales;NA;NA;NA;
/home/glbrc.org/echiang3/Inulin_MetaG/kaiju/all_shortreads/I-S29.kaiju.output	0.000003	2	2202723	Archaea;Euryarchaeota;Methanonatronarchaeia;Methanonatronarchaeales;NA;NA;NA;
/home/glbrc.org/echiang3/Inulin_MetaG/kaiju/all_shortreads/I-S29.kaiju.output	0.000003	2	2495578	Bacteria;Actinobacteria;Actinobacteria;Sporichthyales;NA;NA;NA;
/home/glbrc.org/echiang3/Inulin_MetaG/kaiju/all_shortreads/I-S29.kaiju.output	0.000002	1	3183	Eukaryota;Chlorophyta;Ulvophyceae;Cladophorales;NA;NA;NA;
/home/glbrc.org/echiang3/Inulin_MetaG/kaiju/all_shortreads/I-S29.kaiju.output	0.000002	1	31299	Eukaryota;Chlorophyta;Chlorophyceae;Chaetophorales;NA;NA;NA;
/home/glbrc.org/echiang3/Inulin_MetaG/kaiju/all_shortreads/I-S29.kaiju.output	0.000002	1	33828	Eukaryota;Ciliophora;Karyorelictea;Loxodida;NA;NA;NA;
/home/glbrc.org/echiang3/Inulin_MetaG/kaiju/all_shortreads/I-S29.kaiju.output	0.000002	1	33832	Eukaryota;Ciliophora;Spirotrichea;Stichotrichida;NA;NA;NA;
/home/glbrc.org/echiang3/Inulin_MetaG/kaiju/all_shortreads/I-S29.kaiju.output	0.000002	1	35490	Eukaryota;Chlorophyta;Chlorophyceae;Oedogoniales;NA;NA;NA;
/home/glbrc.org/echiang3/Inulin_MetaG/kaiju/all_shortreads/I-S29.kaiju.output	0.000002	1	37882	Eukaryota;Ascomycota;Dothideomycetes;Patellariales;NA;NA;NA;
/home/glbrc.org/echiang3/Inulin_MetaG/kaiju/all_shortreads/I-S29.kaiju.output	0.000002	1	62914	Eukaryota;Basidiomycota;Exobasidiomycetes;Entylomatales;NA;NA;NA;
/home/glbrc.org/echiang3/Inulin_MetaG/kaiju/all_shortreads/I-S29.kaiju.output	0.000002	1	163662	Eukaryota;Ciliophora;Phyllopharyngea;Endogenida;NA;NA;NA;
/home/glbrc.org/echiang3/Inulin_MetaG/kaiju/all_shortreads/I-S29.kaiju.output	0.000002	1	231076	Eukaryota;Chlorophyta;Ulvophyceae;Ignatiales;NA;NA;NA;
/home/glbrc.org/echiang3/Inulin_MetaG/kaiju/all_shortreads/I-S29.kaiju.output	0.000002	1	238897	Eukaryota;Ciliophora;Phyllopharyngea;Chlamydodontida;NA;NA;NA;
/home/glbrc.org/echiang3/Inulin_MetaG/kaiju/all_shortreads/I-S29.kaiju.output	0.000002	1	278980	Eukaryota;NA;Polycystinea;Nassellaria;NA;NA;NA;
/home/glbrc.org/echiang3/Inulin_MetaG/kaiju/all_shortreads/I-S29.kaiju.output	0.000002	1	285692	Eukaryota;Parabasalia;NA;Trichonymphida;NA;NA;NA;
/home/glbrc.org/echiang3/Inulin_MetaG/kaiju/all_shortreads/I-S29.kaiju.output	0.000002	1	447211	Eukaryota;NA;Dinophyceae;Dinophysiales;NA;NA;NA;
/home/glbrc.org/echiang3/Inulin_MetaG/kaiju/all_shortreads/I-S29.kaiju.output	0.000002	1	590977	Eukaryota;NA;Dictyochophyceae;Florenciellales;NA;NA;NA;
/home/glbrc.org/echiang3/Inulin_MetaG/kaiju/all_shortreads/I-S29.kaiju.output	0.000002	1	714581	Eukaryota;Ascomycota;Dothideomycetes;Trypetheliales;NA;NA;NA;
/home/glbrc.org/echiang3/Inulin_MetaG/kaiju/all_shortreads/I-S29.kaiju.output	0.000002	1	722750	Eukaryota;NA;Bolidophyceae;Parmales;NA;NA;NA;
/home/glbrc.org/echiang3/Inulin_MetaG/kaiju/all_shortreads/I-S29.kaiju.output	0.000002	1	740984	Eukaryota;Parabasalia;NA;Hypotrichomonadida;NA;NA;NA;
/home/glbrc.org/echiang3/Inulin_MetaG/kaiju/all_shortreads/I-S29.kaiju.output	0.000002	1	930024	Eukaryota;Rhodophyta;Compsopogonophyceae;Compsopogonales;NA;NA;NA;
/home/glbrc.org/echiang3/Inulin_MetaG/kaiju/all_shortreads/I-S29.kaiju.output	0.000002	1	1054998	Eukaryota;NA;NA;Sticholonchida;NA;NA;NA;
/home/glbrc.org/echiang3/Inulin_MetaG/kaiju/all_shortreads/I-S29.kaiju.output	0.000002	1	1075813	Eukaryota;Ascomycota;Archaeorhizomycetes;Archaeorhizomycetales;NA;NA;NA;
/home/glbrc.org/echiang3/Inulin_MetaG/kaiju/all_shortreads/I-S29.kaiju.output	0.000002	1	1485089	Eukaryota;Discosea;NA;Stygamoebida;NA;NA;NA;
/home/glbrc.org/echiang3/Inulin_MetaG/kaiju/all_shortreads/I-S29.kaiju.output	0.000002	1	1755823	Bacteria;Actinobacteria;Nitriliruptoria;Egicoccales;NA;NA;NA;
/home/glbrc.org/echiang3/Inulin_MetaG/kaiju/all_shortreads/I-S29.kaiju.output	0.000002	1	1890940	Archaea;Nanoarchaeota;NA;Nanoarchaeales;NA;NA;NA;
/home/glbrc.org/echiang3/Inulin_MetaG/kaiju/all_shortreads/I-S29.kaiju.output	0.000002	1	1921567	Bacteria;Proteobacteria;Alphaproteobacteria;Micropepsales;NA;NA;NA;
/home/glbrc.org/echiang3/Inulin_MetaG/kaiju/all_shortreads/I-S29.kaiju.output	0.000002	1	1968909	Archaea;Thaumarchaeota;Nitrososphaeria;Candidatus Nitrosocaldales;NA;NA;NA;
/home/glbrc.org/echiang3/Inulin_MetaG/kaiju/all_shortreads/I-S29.kaiju.output	0.000002	1	2497644	Bacteria;NA;Candidatus Babeliae;Candidatus Babeliales;NA;NA;NA;
/home/glbrc.org/echiang3/Inulin_MetaG/kaiju/all_shortreads/I-S29.kaiju.output	0.000002	1	2562241	Bacteria;Acidobacteria;Thermoanaerobaculia;Thermoanaerobaculales;NA;NA;NA;
/home/glbrc.org/echiang3/Inulin_MetaG/kaiju/all_shortreads/I-S29.kaiju.output	0.000002	1	2607628	Eukaryota;Haptista;Centroplasthelida;Pterocystida;NA;NA;NA;
/home/glbrc.org/echiang3/Inulin_MetaG/kaiju/all_shortreads/I-S29.kaiju.output	0.000002	1	2682475	Eukaryota;Evosea;NA;Pelobiontida;NA;NA;NA;
/home/glbrc.org/echiang3/Inulin_MetaG/kaiju/all_shortreads/I-S29.kaiju.output	0.000002	1	2692250	Eukaryota;Chlorophyta;Picocystophyceae;Picocystales;NA;NA;NA;
/home/glbrc.org/echiang3/Inulin_MetaG/kaiju/all_shortreads/I-S29.kaiju.output	0.000002	1	2714148	Eukaryota;Ascomycota;Dothideomycetes;Lineolatales;NA;NA;NA;
/home/glbrc.org/echiang3/Inulin_MetaG/kaiju/all_shortreads/I-S29.kaiju.output	0.003303	1951	10239	Viruses
/home/glbrc.org/echiang3/Inulin_MetaG/kaiju/all_shortreads/I-S29.kaiju.output	5.876079	3471307	NA	cannot be assigned to a (non-viral) order
/home/glbrc.org/echiang3/Inulin_MetaG/kaiju/all_shortreads/I-S29.kaiju.output	54.899275	32431871	NA	unclassified
