file	percent	reads	taxon_id	taxon_name
/home/glbrc.org/echiang3/Inulin_MetaG/kaiju/all_shortreads/I-W33.kaiju.output	20.831972	7308551	171549	Bacteria;Bacteroidetes;Bacteroidia;Bacteroidales;NA;NA;NA;
/home/glbrc.org/echiang3/Inulin_MetaG/kaiju/all_shortreads/I-W33.kaiju.output	16.486750	5784102	48461	Bacteria;Verrucomicrobia;Verrucomicrobiae;Verrucomicrobiales;NA;NA;NA;
/home/glbrc.org/echiang3/Inulin_MetaG/kaiju/all_shortreads/I-W33.kaiju.output	7.857557	2756693	186802	Bacteria;Firmicutes;Clostridia;Clostridiales;NA;NA;NA;
/home/glbrc.org/echiang3/Inulin_MetaG/kaiju/all_shortreads/I-W33.kaiju.output	0.709576	248943	213115	Bacteria;Proteobacteria;Deltaproteobacteria;Desulfovibrionales;NA;NA;NA;
/home/glbrc.org/echiang3/Inulin_MetaG/kaiju/all_shortreads/I-W33.kaiju.output	0.225147	78989	80840	Bacteria;Proteobacteria;Betaproteobacteria;Burkholderiales;NA;NA;NA;
/home/glbrc.org/echiang3/Inulin_MetaG/kaiju/all_shortreads/I-W33.kaiju.output	0.130586	45814	526525	Bacteria;Firmicutes;Erysipelotrichia;Erysipelotrichales;NA;NA;NA;
/home/glbrc.org/echiang3/Inulin_MetaG/kaiju/all_shortreads/I-W33.kaiju.output	0.118923	41722	1385	Bacteria;Firmicutes;Bacilli;Bacillales;NA;NA;NA;
/home/glbrc.org/echiang3/Inulin_MetaG/kaiju/all_shortreads/I-W33.kaiju.output	0.117418	41194	1906119	Bacteria;Candidatus Melainabacteria;NA;Candidatus Gastranaerophilales;NA;NA;NA;
/home/glbrc.org/echiang3/Inulin_MetaG/kaiju/all_shortreads/I-W33.kaiju.output	0.101433	35586	200644	Bacteria;Bacteroidetes;Flavobacteriia;Flavobacteriales;NA;NA;NA;
/home/glbrc.org/echiang3/Inulin_MetaG/kaiju/all_shortreads/I-W33.kaiju.output	0.069383	24342	186826	Bacteria;Firmicutes;Bacilli;Lactobacillales;NA;NA;NA;
/home/glbrc.org/echiang3/Inulin_MetaG/kaiju/all_shortreads/I-W33.kaiju.output	0.068474	24023	1970189	Bacteria;Bacteroidetes;Bacteroidia;Marinilabiliales;NA;NA;NA;
/home/glbrc.org/echiang3/Inulin_MetaG/kaiju/all_shortreads/I-W33.kaiju.output	0.065094	22837	1643822	Bacteria;Actinobacteria;Coriobacteriia;Eggerthellales;NA;NA;NA;
/home/glbrc.org/echiang3/Inulin_MetaG/kaiju/all_shortreads/I-W33.kaiju.output	0.058843	20644	768507	Bacteria;Bacteroidetes;Cytophagia;Cytophagales;NA;NA;NA;
/home/glbrc.org/echiang3/Inulin_MetaG/kaiju/all_shortreads/I-W33.kaiju.output	0.047695	16733	91347	Bacteria;Proteobacteria;Gammaproteobacteria;Enterobacterales;NA;NA;NA;
/home/glbrc.org/echiang3/Inulin_MetaG/kaiju/all_shortreads/I-W33.kaiju.output	0.043334	15203	84999	Bacteria;Actinobacteria;Coriobacteriia;Coriobacteriales;NA;NA;NA;
/home/glbrc.org/echiang3/Inulin_MetaG/kaiju/all_shortreads/I-W33.kaiju.output	0.041732	14641	200666	Bacteria;Bacteroidetes;Sphingobacteriia;Sphingobacteriales;NA;NA;NA;
/home/glbrc.org/echiang3/Inulin_MetaG/kaiju/all_shortreads/I-W33.kaiju.output	0.037069	13005	204441	Bacteria;Proteobacteria;Alphaproteobacteria;Rhodospirillales;NA;NA;NA;
/home/glbrc.org/echiang3/Inulin_MetaG/kaiju/all_shortreads/I-W33.kaiju.output	0.033591	11785	1643686	Bacteria;Spirochaetes;Spirochaetia;Brachyspirales;NA;NA;NA;
/home/glbrc.org/echiang3/Inulin_MetaG/kaiju/all_shortreads/I-W33.kaiju.output	0.031385	11011	203491	Bacteria;Fusobacteria;Fusobacteriia;Fusobacteriales;NA;NA;NA;
/home/glbrc.org/echiang3/Inulin_MetaG/kaiju/all_shortreads/I-W33.kaiju.output	0.030200	10595	909929	Bacteria;Firmicutes;Negativicutes;Selenomonadales;NA;NA;NA;
/home/glbrc.org/echiang3/Inulin_MetaG/kaiju/all_shortreads/I-W33.kaiju.output	0.026269	9216	136	Bacteria;Spirochaetes;Spirochaetia;Spirochaetales;NA;NA;NA;
/home/glbrc.org/echiang3/Inulin_MetaG/kaiju/all_shortreads/I-W33.kaiju.output	0.026118	9163	1853229	Bacteria;Bacteroidetes;Chitinophagia;Chitinophagales;NA;NA;NA;
/home/glbrc.org/echiang3/Inulin_MetaG/kaiju/all_shortreads/I-W33.kaiju.output	0.019556	6861	1737405	Bacteria;Firmicutes;Tissierellia;Tissierellales;NA;NA;NA;
/home/glbrc.org/echiang3/Inulin_MetaG/kaiju/all_shortreads/I-W33.kaiju.output	0.017994	6313	29	Bacteria;Proteobacteria;Deltaproteobacteria;Myxococcales;NA;NA;NA;
/home/glbrc.org/echiang3/Inulin_MetaG/kaiju/all_shortreads/I-W33.kaiju.output	0.017045	5980	135623	Bacteria;Proteobacteria;Gammaproteobacteria;Vibrionales;NA;NA;NA;
/home/glbrc.org/echiang3/Inulin_MetaG/kaiju/all_shortreads/I-W33.kaiju.output	0.016050	5631	1843489	Bacteria;Firmicutes;Negativicutes;Veillonellales;NA;NA;NA;
/home/glbrc.org/echiang3/Inulin_MetaG/kaiju/all_shortreads/I-W33.kaiju.output	0.015346	5384	85004	Bacteria;Actinobacteria;Actinobacteria;Bifidobacteriales;NA;NA;NA;
/home/glbrc.org/echiang3/Inulin_MetaG/kaiju/all_shortreads/I-W33.kaiju.output	0.014867	5216	641854	Bacteria;Elusimicrobia;Elusimicrobia;Elusimicrobiales;NA;NA;NA;
/home/glbrc.org/echiang3/Inulin_MetaG/kaiju/all_shortreads/I-W33.kaiju.output	0.014828	5202	356	Bacteria;Proteobacteria;Alphaproteobacteria;Rhizobiales;NA;NA;NA;
/home/glbrc.org/echiang3/Inulin_MetaG/kaiju/all_shortreads/I-W33.kaiju.output	0.014751	5175	1843488	Bacteria;Firmicutes;Negativicutes;Acidaminococcales;NA;NA;NA;
/home/glbrc.org/echiang3/Inulin_MetaG/kaiju/all_shortreads/I-W33.kaiju.output	0.014001	4912	213849	Bacteria;Proteobacteria;Epsilonproteobacteria;Campylobacterales;NA;NA;NA;
/home/glbrc.org/echiang3/Inulin_MetaG/kaiju/all_shortreads/I-W33.kaiju.output	0.012559	4406	68295	Bacteria;Firmicutes;Clostridia;Thermoanaerobacterales;NA;NA;NA;
/home/glbrc.org/echiang3/Inulin_MetaG/kaiju/all_shortreads/I-W33.kaiju.output	0.011846	4156	649776	Bacteria;Synergistetes;Synergistia;Synergistales;NA;NA;NA;
/home/glbrc.org/echiang3/Inulin_MetaG/kaiju/all_shortreads/I-W33.kaiju.output	0.010304	3615	135625	Bacteria;Proteobacteria;Gammaproteobacteria;Pasteurellales;NA;NA;NA;
/home/glbrc.org/echiang3/Inulin_MetaG/kaiju/all_shortreads/I-W33.kaiju.output	0.010244	3594	72274	Bacteria;Proteobacteria;Gammaproteobacteria;Pseudomonadales;NA;NA;NA;
/home/glbrc.org/echiang3/Inulin_MetaG/kaiju/all_shortreads/I-W33.kaiju.output	0.009959	3494	218872	Bacteria;Fibrobacteres;Fibrobacteria;Fibrobacterales;NA;NA;NA;
/home/glbrc.org/echiang3/Inulin_MetaG/kaiju/all_shortreads/I-W33.kaiju.output	0.009543	3348	213118	Bacteria;Proteobacteria;Deltaproteobacteria;Desulfobacterales;NA;NA;NA;
/home/glbrc.org/echiang3/Inulin_MetaG/kaiju/all_shortreads/I-W33.kaiju.output	0.008622	3025	204457	Bacteria;Proteobacteria;Alphaproteobacteria;Sphingomonadales;NA;NA;NA;
/home/glbrc.org/echiang3/Inulin_MetaG/kaiju/all_shortreads/I-W33.kaiju.output	0.008466	2970	204455	Bacteria;Proteobacteria;Alphaproteobacteria;Rhodobacterales;NA;NA;NA;
/home/glbrc.org/echiang3/Inulin_MetaG/kaiju/all_shortreads/I-W33.kaiju.output	0.008417	2953	135622	Bacteria;Proteobacteria;Gammaproteobacteria;Alteromonadales;NA;NA;NA;
/home/glbrc.org/echiang3/Inulin_MetaG/kaiju/all_shortreads/I-W33.kaiju.output	0.007876	2763	85006	Bacteria;Actinobacteria;Actinobacteria;Micrococcales;NA;NA;NA;
/home/glbrc.org/echiang3/Inulin_MetaG/kaiju/all_shortreads/I-W33.kaiju.output	0.007801	2737	206351	Bacteria;Proteobacteria;Betaproteobacteria;Neisseriales;NA;NA;NA;
/home/glbrc.org/echiang3/Inulin_MetaG/kaiju/all_shortreads/I-W33.kaiju.output	0.007191	2523	135619	Bacteria;Proteobacteria;Gammaproteobacteria;Oceanospirillales;NA;NA;NA;
/home/glbrc.org/echiang3/Inulin_MetaG/kaiju/all_shortreads/I-W33.kaiju.output	0.006744	2366	292629	Bacteria;Chloroflexi;Anaerolineae;Anaerolineales;NA;NA;NA;
/home/glbrc.org/echiang3/Inulin_MetaG/kaiju/all_shortreads/I-W33.kaiju.output	0.006676	2342	69541	Bacteria;Proteobacteria;Deltaproteobacteria;Desulfuromonadales;NA;NA;NA;
/home/glbrc.org/echiang3/Inulin_MetaG/kaiju/all_shortreads/I-W33.kaiju.output	0.006599	2315	135614	Bacteria;Proteobacteria;Gammaproteobacteria;Xanthomonadales;NA;NA;NA;
/home/glbrc.org/echiang3/Inulin_MetaG/kaiju/all_shortreads/I-W33.kaiju.output	0.006544	2296	135624	Bacteria;Proteobacteria;Gammaproteobacteria;Aeromonadales;NA;NA;NA;
/home/glbrc.org/echiang3/Inulin_MetaG/kaiju/all_shortreads/I-W33.kaiju.output	0.006373	2236	1936988	Bacteria;Bacteroidetes;Saprospiria;Saprospirales;NA;NA;NA;
/home/glbrc.org/echiang3/Inulin_MetaG/kaiju/all_shortreads/I-W33.kaiju.output	0.006362	2232	85011	Bacteria;Actinobacteria;Actinobacteria;Streptomycetales;NA;NA;NA;
/home/glbrc.org/echiang3/Inulin_MetaG/kaiju/all_shortreads/I-W33.kaiju.output	0.005649	1982	32003	Bacteria;Proteobacteria;Betaproteobacteria;Nitrosomonadales;NA;NA;NA;
/home/glbrc.org/echiang3/Inulin_MetaG/kaiju/all_shortreads/I-W33.kaiju.output	0.005196	1823	85007	Bacteria;Actinobacteria;Actinobacteria;Corynebacteriales;NA;NA;NA;
/home/glbrc.org/echiang3/Inulin_MetaG/kaiju/all_shortreads/I-W33.kaiju.output	0.005173	1815	66288	Eukaryota;Preaxostyla;NA;Oxymonadida;NA;NA;NA;
/home/glbrc.org/echiang3/Inulin_MetaG/kaiju/all_shortreads/I-W33.kaiju.output	0.005133	1801	1890424	Bacteria;Cyanobacteria;NA;Synechococcales;NA;NA;NA;
/home/glbrc.org/echiang3/Inulin_MetaG/kaiju/all_shortreads/I-W33.kaiju.output	0.004848	1701	1643688	Bacteria;Spirochaetes;Spirochaetia;Leptospirales;NA;NA;NA;
/home/glbrc.org/echiang3/Inulin_MetaG/kaiju/all_shortreads/I-W33.kaiju.output	0.004771	1674	2037	Bacteria;Actinobacteria;Actinobacteria;Actinomycetales;NA;NA;NA;
/home/glbrc.org/echiang3/Inulin_MetaG/kaiju/all_shortreads/I-W33.kaiju.output	0.004415	1549	135613	Bacteria;Proteobacteria;Gammaproteobacteria;Chromatiales;NA;NA;NA;
/home/glbrc.org/echiang3/Inulin_MetaG/kaiju/all_shortreads/I-W33.kaiju.output	0.004016	1409	206389	Bacteria;Proteobacteria;Betaproteobacteria;Rhodocyclales;NA;NA;NA;
/home/glbrc.org/echiang3/Inulin_MetaG/kaiju/all_shortreads/I-W33.kaiju.output	0.003876	1360	186332	Bacteria;Tenericutes;Mollicutes;Anaeroplasmatales;NA;NA;NA;
/home/glbrc.org/echiang3/Inulin_MetaG/kaiju/all_shortreads/I-W33.kaiju.output	0.003324	1166	53433	Bacteria;Firmicutes;Clostridia;Halanaerobiales;NA;NA;NA;
/home/glbrc.org/echiang3/Inulin_MetaG/kaiju/all_shortreads/I-W33.kaiju.output	0.003070	1077	2508939	Bacteria;Firmicutes;Clostridia;Candidatus Borkfalkiales;NA;NA;NA;
/home/glbrc.org/echiang3/Inulin_MetaG/kaiju/all_shortreads/I-W33.kaiju.output	0.002970	1042	51291	Bacteria;Chlamydiae;Chlamydiia;Chlamydiales;NA;NA;NA;
/home/glbrc.org/echiang3/Inulin_MetaG/kaiju/all_shortreads/I-W33.kaiju.output	0.002970	1042	85009	Bacteria;Actinobacteria;Actinobacteria;Propionibacteriales;NA;NA;NA;
/home/glbrc.org/echiang3/Inulin_MetaG/kaiju/all_shortreads/I-W33.kaiju.output	0.002907	1020	2085	Bacteria;Tenericutes;Mollicutes;Mycoplasmatales;NA;NA;NA;
/home/glbrc.org/echiang3/Inulin_MetaG/kaiju/all_shortreads/I-W33.kaiju.output	0.002773	973	85008	Bacteria;Actinobacteria;Actinobacteria;Micromonosporales;NA;NA;NA;
/home/glbrc.org/echiang3/Inulin_MetaG/kaiju/all_shortreads/I-W33.kaiju.output	0.002682	941	213462	Bacteria;Proteobacteria;Deltaproteobacteria;Syntrophobacterales;NA;NA;NA;
/home/glbrc.org/echiang3/Inulin_MetaG/kaiju/all_shortreads/I-W33.kaiju.output	0.002642	927	72273	Bacteria;Proteobacteria;Gammaproteobacteria;Thiotrichales;NA;NA;NA;
/home/glbrc.org/echiang3/Inulin_MetaG/kaiju/all_shortreads/I-W33.kaiju.output	0.002343	822	29006	Eukaryota;Chytridiomycota;Neocallimastigomycetes;Neocallimastigales;NA;NA;NA;
/home/glbrc.org/echiang3/Inulin_MetaG/kaiju/all_shortreads/I-W33.kaiju.output	0.002292	804	1706369	Bacteria;Proteobacteria;Gammaproteobacteria;Cellvibrionales;NA;NA;NA;
/home/glbrc.org/echiang3/Inulin_MetaG/kaiju/all_shortreads/I-W33.kaiju.output	0.002235	784	2158	Archaea;Euryarchaeota;Methanobacteria;Methanobacteriales;NA;NA;NA;
/home/glbrc.org/echiang3/Inulin_MetaG/kaiju/all_shortreads/I-W33.kaiju.output	0.002209	775	415000	Bacteria;Verrucomicrobia;Opitutae;Opitutales;NA;NA;NA;
/home/glbrc.org/echiang3/Inulin_MetaG/kaiju/all_shortreads/I-W33.kaiju.output	0.002175	763	1150	Bacteria;Cyanobacteria;NA;Oscillatoriales;NA;NA;NA;
/home/glbrc.org/echiang3/Inulin_MetaG/kaiju/all_shortreads/I-W33.kaiju.output	0.002124	745	191411	Bacteria;Chlorobi;Chlorobia;Chlorobiales;NA;NA;NA;
/home/glbrc.org/echiang3/Inulin_MetaG/kaiju/all_shortreads/I-W33.kaiju.output	0.001981	695	186329	Bacteria;Tenericutes;Mollicutes;Acholeplasmatales;NA;NA;NA;
/home/glbrc.org/echiang3/Inulin_MetaG/kaiju/all_shortreads/I-W33.kaiju.output	0.001975	693	2191	Archaea;Euryarchaeota;Methanomicrobia;Methanomicrobiales;NA;NA;NA;
/home/glbrc.org/echiang3/Inulin_MetaG/kaiju/all_shortreads/I-W33.kaiju.output	0.001964	689	118969	Bacteria;Proteobacteria;Gammaproteobacteria;Legionellales;NA;NA;NA;
/home/glbrc.org/echiang3/Inulin_MetaG/kaiju/all_shortreads/I-W33.kaiju.output	0.001836	644	94695	Archaea;Euryarchaeota;Methanomicrobia;Methanosarcinales;NA;NA;NA;
/home/glbrc.org/echiang3/Inulin_MetaG/kaiju/all_shortreads/I-W33.kaiju.output	0.001699	596	135618	Bacteria;Proteobacteria;Gammaproteobacteria;Methylococcales;NA;NA;NA;
/home/glbrc.org/echiang3/Inulin_MetaG/kaiju/all_shortreads/I-W33.kaiju.output	0.001411	495	118964	Bacteria;Deinococcus-Thermus;Deinococci;Deinococcales;NA;NA;NA;
/home/glbrc.org/echiang3/Inulin_MetaG/kaiju/all_shortreads/I-W33.kaiju.output	0.001380	484	204433	Bacteria;Acidobacteria;Acidobacteriia;Acidobacteriales;NA;NA;NA;
/home/glbrc.org/echiang3/Inulin_MetaG/kaiju/all_shortreads/I-W33.kaiju.output	0.001328	466	1853223	Bacteria;Balneolaeota;Balneolia;Balneolales;NA;NA;NA;
/home/glbrc.org/echiang3/Inulin_MetaG/kaiju/all_shortreads/I-W33.kaiju.output	0.001317	462	795748	Bacteria;Ignavibacteriae;Ignavibacteria;Ignavibacteriales;NA;NA;NA;
/home/glbrc.org/echiang3/Inulin_MetaG/kaiju/all_shortreads/I-W33.kaiju.output	0.001288	452	1118	Bacteria;Cyanobacteria;NA;Chroococcales;NA;NA;NA;
/home/glbrc.org/echiang3/Inulin_MetaG/kaiju/all_shortreads/I-W33.kaiju.output	0.001286	451	1921002	Bacteria;Proteobacteria;Alphaproteobacteria;Holosporales;NA;NA;NA;
/home/glbrc.org/echiang3/Inulin_MetaG/kaiju/all_shortreads/I-W33.kaiju.output	0.001260	442	204458	Bacteria;Proteobacteria;Alphaproteobacteria;Caulobacterales;NA;NA;NA;
/home/glbrc.org/echiang3/Inulin_MetaG/kaiju/all_shortreads/I-W33.kaiju.output	0.001229	431	191393	Bacteria;Deferribacteres;Deferribacteres;Deferribacterales;NA;NA;NA;
/home/glbrc.org/echiang3/Inulin_MetaG/kaiju/all_shortreads/I-W33.kaiju.output	0.001220	428	1643947	Bacteria;Thermotogae;Thermotogae;Petrotogales;NA;NA;NA;
/home/glbrc.org/echiang3/Inulin_MetaG/kaiju/all_shortreads/I-W33.kaiju.output	0.001174	412	189778	Bacteria;Nitrospirae;Nitrospira;Nitrospirales;NA;NA;NA;
/home/glbrc.org/echiang3/Inulin_MetaG/kaiju/all_shortreads/I-W33.kaiju.output	0.001166	409	85010	Bacteria;Actinobacteria;Actinobacteria;Pseudonocardiales;NA;NA;NA;
/home/glbrc.org/echiang3/Inulin_MetaG/kaiju/all_shortreads/I-W33.kaiju.output	0.001140	400	1161	Bacteria;Cyanobacteria;NA;Nostocales;NA;NA;NA;
/home/glbrc.org/echiang3/Inulin_MetaG/kaiju/all_shortreads/I-W33.kaiju.output	0.001129	396	415001	Bacteria;Verrucomicrobia;Opitutae;Puniceicoccales;NA;NA;NA;
/home/glbrc.org/echiang3/Inulin_MetaG/kaiju/all_shortreads/I-W33.kaiju.output	0.001097	385	213481	Bacteria;Proteobacteria;Oligoflexia;Bdellovibrionales;NA;NA;NA;
/home/glbrc.org/echiang3/Inulin_MetaG/kaiju/all_shortreads/I-W33.kaiju.output	0.001046	367	112	Bacteria;Planctomycetes;Planctomycetia;Planctomycetales;NA;NA;NA;
/home/glbrc.org/echiang3/Inulin_MetaG/kaiju/all_shortreads/I-W33.kaiju.output	0.001018	357	2419	Bacteria;Thermotogae;Thermotogae;Thermotogales;NA;NA;NA;
/home/glbrc.org/echiang3/Inulin_MetaG/kaiju/all_shortreads/I-W33.kaiju.output	0.000978	343	85012	Bacteria;Actinobacteria;Actinobacteria;Streptosporangiales;NA;NA;NA;
/home/glbrc.org/echiang3/Inulin_MetaG/kaiju/all_shortreads/I-W33.kaiju.output	0.000966	339	2691355	Bacteria;Planctomycetes;Planctomycetia;Gemmatales;NA;NA;NA;
/home/glbrc.org/echiang3/Inulin_MetaG/kaiju/all_shortreads/I-W33.kaiju.output	0.000932	327	766	Bacteria;Proteobacteria;Alphaproteobacteria;Rickettsiales;NA;NA;NA;
/home/glbrc.org/echiang3/Inulin_MetaG/kaiju/all_shortreads/I-W33.kaiju.output	0.000892	313	32069	Bacteria;Aquificae;Aquificae;Aquificales;NA;NA;NA;
/home/glbrc.org/echiang3/Inulin_MetaG/kaiju/all_shortreads/I-W33.kaiju.output	0.000858	301	1921782	Bacteria;Kiritimatiellaeota;Kiritimatiellae;Kiritimatiellales;NA;NA;NA;
/home/glbrc.org/echiang3/Inulin_MetaG/kaiju/all_shortreads/I-W33.kaiju.output	0.000841	295	84996	Bacteria;Actinobacteria;Rubrobacteria;Rubrobacterales;NA;NA;NA;
/home/glbrc.org/echiang3/Inulin_MetaG/kaiju/all_shortreads/I-W33.kaiju.output	0.000821	288	2507543	Bacteria;Candidatus Margulisbacteria;Candidatus Termititenacia;Candidatus Termititenacales;NA;NA;NA;
/home/glbrc.org/echiang3/Inulin_MetaG/kaiju/all_shortreads/I-W33.kaiju.output	0.000821	288	2691356	Bacteria;Planctomycetes;Planctomycetia;Isosphaerales;NA;NA;NA;
/home/glbrc.org/echiang3/Inulin_MetaG/kaiju/all_shortreads/I-W33.kaiju.output	0.000807	283	119069	Bacteria;Proteobacteria;Hydrogenophilalia;Hydrogenophilales;NA;NA;NA;
/home/glbrc.org/echiang3/Inulin_MetaG/kaiju/all_shortreads/I-W33.kaiju.output	0.000752	264	28997	Eukaryota;Basidiomycota;Dacrymycetes;Dacrymycetales;NA;NA;NA;
/home/glbrc.org/echiang3/Inulin_MetaG/kaiju/all_shortreads/I-W33.kaiju.output	0.000752	264	1235850	Archaea;Euryarchaeota;Thermoplasmata;Methanomassiliicoccales;NA;NA;NA;
/home/glbrc.org/echiang3/Inulin_MetaG/kaiju/all_shortreads/I-W33.kaiju.output	0.000747	262	32064	Bacteria;Chloroflexi;Chloroflexia;Chloroflexales;NA;NA;NA;
/home/glbrc.org/echiang3/Inulin_MetaG/kaiju/all_shortreads/I-W33.kaiju.output	0.000721	253	1775403	Bacteria;Proteobacteria;Gammaproteobacteria;Nevskiales;NA;NA;NA;
/home/glbrc.org/echiang3/Inulin_MetaG/kaiju/all_shortreads/I-W33.kaiju.output	0.000718	252	1202465	Bacteria;Chloroflexi;Dehalococcoidia;Dehalococcoidales;NA;NA;NA;
/home/glbrc.org/echiang3/Inulin_MetaG/kaiju/all_shortreads/I-W33.kaiju.output	0.000718	252	1240482	Bacteria;Proteobacteria;Gammaproteobacteria;Orbales;NA;NA;NA;
/home/glbrc.org/echiang3/Inulin_MetaG/kaiju/all_shortreads/I-W33.kaiju.output	0.000710	249	278082	Bacteria;Lentisphaerae;Lentisphaeria;Victivallales;NA;NA;NA;
/home/glbrc.org/echiang3/Inulin_MetaG/kaiju/all_shortreads/I-W33.kaiju.output	0.000678	238	666506	Bacteria;Planctomycetes;Phycisphaerae;Phycisphaerales;NA;NA;NA;
/home/glbrc.org/echiang3/Inulin_MetaG/kaiju/all_shortreads/I-W33.kaiju.output	0.000633	222	2682482	Eukaryota;Evosea;NA;Mastigamoebida;NA;NA;NA;
/home/glbrc.org/echiang3/Inulin_MetaG/kaiju/all_shortreads/I-W33.kaiju.output	0.000630	221	693072	Bacteria;Caldiserica;Caldisericia;Caldisericales;NA;NA;NA;
/home/glbrc.org/echiang3/Inulin_MetaG/kaiju/all_shortreads/I-W33.kaiju.output	0.000630	221	2691354	Bacteria;Planctomycetes;Planctomycetia;Pirellulales;NA;NA;NA;
/home/glbrc.org/echiang3/Inulin_MetaG/kaiju/all_shortreads/I-W33.kaiju.output	0.000599	210	68933	Bacteria;Deinococcus-Thermus;Deinococci;Thermales;NA;NA;NA;
/home/glbrc.org/echiang3/Inulin_MetaG/kaiju/all_shortreads/I-W33.kaiju.output	0.000587	206	1077263	Bacteria;Armatimonadetes;Chthonomonadetes;Chthonomonadales;NA;NA;NA;
/home/glbrc.org/echiang3/Inulin_MetaG/kaiju/all_shortreads/I-W33.kaiju.output	0.000570	200	219686	Bacteria;Gemmatimonadetes;Gemmatimonadetes;Gemmatimonadales;NA;NA;NA;
/home/glbrc.org/echiang3/Inulin_MetaG/kaiju/all_shortreads/I-W33.kaiju.output	0.000559	196	453227	Bacteria;Proteobacteria;Deltaproteobacteria;Desulfarculales;NA;NA;NA;
/home/glbrc.org/echiang3/Inulin_MetaG/kaiju/all_shortreads/I-W33.kaiju.output	0.000559	196	1127829	Bacteria;Planctomycetes;Candidatus Brocadiae;Candidatus Brocadiales;NA;NA;NA;
/home/glbrc.org/echiang3/Inulin_MetaG/kaiju/all_shortreads/I-W33.kaiju.output	0.000533	187	84993	Bacteria;Actinobacteria;Acidimicrobiia;Acidimicrobiales;NA;NA;NA;
/home/glbrc.org/echiang3/Inulin_MetaG/kaiju/all_shortreads/I-W33.kaiju.output	0.000530	186	135615	Bacteria;Proteobacteria;Gammaproteobacteria;Cardiobacteriales;NA;NA;NA;
/home/glbrc.org/echiang3/Inulin_MetaG/kaiju/all_shortreads/I-W33.kaiju.output	0.000499	175	188710	Bacteria;Thermodesulfobacteria;Thermodesulfobacteria;Thermodesulfobacteriales;NA;NA;NA;
/home/glbrc.org/echiang3/Inulin_MetaG/kaiju/all_shortreads/I-W33.kaiju.output	0.000462	162	1643946	Bacteria;Thermotogae;Thermotogae;Kosmotogales;NA;NA;NA;
/home/glbrc.org/echiang3/Inulin_MetaG/kaiju/all_shortreads/I-W33.kaiju.output	0.000459	161	588673	Bacteria;Actinobacteria;Thermoleophilia;Solirubrobacterales;NA;NA;NA;
/home/glbrc.org/echiang3/Inulin_MetaG/kaiju/all_shortreads/I-W33.kaiju.output	0.000456	160	35460	Eukaryota;Chlorophyta;Trebouxiophyceae;Chlorellales;NA;NA;NA;
/home/glbrc.org/echiang3/Inulin_MetaG/kaiju/all_shortreads/I-W33.kaiju.output	0.000456	160	388448	Bacteria;Chloroflexi;Ktedonobacteria;Ktedonobacterales;NA;NA;NA;
/home/glbrc.org/echiang3/Inulin_MetaG/kaiju/all_shortreads/I-W33.kaiju.output	0.000450	158	2498707	Bacteria;Candidatus Cryosericota;Candidatus Cryosericia;Candidatus Cryosericales;NA;NA;NA;
/home/glbrc.org/echiang3/Inulin_MetaG/kaiju/all_shortreads/I-W33.kaiju.output	0.000436	153	485256	Bacteria;Firmicutes;Clostridia;Natranaerobiales;NA;NA;NA;
/home/glbrc.org/echiang3/Inulin_MetaG/kaiju/all_shortreads/I-W33.kaiju.output	0.000428	150	1191478	Bacteria;Proteobacteria;Alphaproteobacteria;Magnetococcales;NA;NA;NA;
/home/glbrc.org/echiang3/Inulin_MetaG/kaiju/all_shortreads/I-W33.kaiju.output	0.000419	147	4827	Eukaryota;Mucoromycota;Mucoromycetes;Mucorales;NA;NA;NA;
/home/glbrc.org/echiang3/Inulin_MetaG/kaiju/all_shortreads/I-W33.kaiju.output	0.000385	135	1100069	Bacteria;Bacteroidetes;NA;Bacteroidetes Order II. Incertae sedis;NA;NA;NA;
/home/glbrc.org/echiang3/Inulin_MetaG/kaiju/all_shortreads/I-W33.kaiju.output	0.000382	134	1769716	Bacteria;Thermotogae;Thermotogae;Mesoaciditogales;NA;NA;NA;
/home/glbrc.org/echiang3/Inulin_MetaG/kaiju/all_shortreads/I-W33.kaiju.output	0.000373	131	1485951	Bacteria;Aquificae;Aquificae;Desulfurobacteriales;NA;NA;NA;
/home/glbrc.org/echiang3/Inulin_MetaG/kaiju/all_shortreads/I-W33.kaiju.output	0.000365	128	186328	Bacteria;Tenericutes;Mollicutes;Entomoplasmatales;NA;NA;NA;
/home/glbrc.org/echiang3/Inulin_MetaG/kaiju/all_shortreads/I-W33.kaiju.output	0.000359	126	54526	Bacteria;Proteobacteria;Alphaproteobacteria;Pelagibacterales;NA;NA;NA;
/home/glbrc.org/echiang3/Inulin_MetaG/kaiju/all_shortreads/I-W33.kaiju.output	0.000359	126	225057	Bacteria;Proteobacteria;Acidithiobacillia;Acidithiobacillales;NA;NA;NA;
/home/glbrc.org/echiang3/Inulin_MetaG/kaiju/all_shortreads/I-W33.kaiju.output	0.000342	120	2483366	Bacteria;Planctomycetes;Phycisphaerae;Sedimentisphaerales;NA;NA;NA;
/home/glbrc.org/echiang3/Inulin_MetaG/kaiju/all_shortreads/I-W33.kaiju.output	0.000339	119	5178	Eukaryota;Ascomycota;Leotiomycetes;Helotiales;NA;NA;NA;
/home/glbrc.org/echiang3/Inulin_MetaG/kaiju/all_shortreads/I-W33.kaiju.output	0.000339	119	740972	Eukaryota;Parabasalia;NA;Tritrichomonadida;NA;NA;NA;
/home/glbrc.org/echiang3/Inulin_MetaG/kaiju/all_shortreads/I-W33.kaiju.output	0.000328	115	5738	Eukaryota;Fornicata;NA;Diplomonadida;NA;NA;NA;
/home/glbrc.org/echiang3/Inulin_MetaG/kaiju/all_shortreads/I-W33.kaiju.output	0.000328	115	2024979	Bacteria;Proteobacteria;Oligoflexia;Bacteriovoracales;NA;NA;NA;
/home/glbrc.org/echiang3/Inulin_MetaG/kaiju/all_shortreads/I-W33.kaiju.output	0.000325	114	5042	Eukaryota;Ascomycota;Eurotiomycetes;Eurotiales;NA;NA;NA;
/home/glbrc.org/echiang3/Inulin_MetaG/kaiju/all_shortreads/I-W33.kaiju.output	0.000322	113	2235	Archaea;Euryarchaeota;Halobacteria;Halobacteriales;NA;NA;NA;
/home/glbrc.org/echiang3/Inulin_MetaG/kaiju/all_shortreads/I-W33.kaiju.output	0.000322	113	332160	Bacteria;Acidobacteria;Acidobacteriia;Bryobacterales;NA;NA;NA;
/home/glbrc.org/echiang3/Inulin_MetaG/kaiju/all_shortreads/I-W33.kaiju.output	0.000322	113	1963360	Bacteria;Chlamydiae;Chlamydiia;Parachlamydiales;NA;NA;NA;
/home/glbrc.org/echiang3/Inulin_MetaG/kaiju/all_shortreads/I-W33.kaiju.output	0.000314	110	1293499	Bacteria;Nitrospinae;Nitrospinia;Nitrospinales;NA;NA;NA;
/home/glbrc.org/echiang3/Inulin_MetaG/kaiju/all_shortreads/I-W33.kaiju.output	0.000302	106	189769	Bacteria;Chrysiogenetes;Chrysiogenetes;Chrysiogenales;NA;NA;NA;
/home/glbrc.org/echiang3/Inulin_MetaG/kaiju/all_shortreads/I-W33.kaiju.output	0.000302	106	742030	Bacteria;Proteobacteria;Gammaproteobacteria;Salinisphaerales;NA;NA;NA;
/home/glbrc.org/echiang3/Inulin_MetaG/kaiju/all_shortreads/I-W33.kaiju.output	0.000299	105	85013	Bacteria;Actinobacteria;Actinobacteria;Frankiales;NA;NA;NA;
/home/glbrc.org/echiang3/Inulin_MetaG/kaiju/all_shortreads/I-W33.kaiju.output	0.000288	101	213113	Bacteria;Proteobacteria;Deltaproteobacteria;Desulfurellales;NA;NA;NA;
/home/glbrc.org/echiang3/Inulin_MetaG/kaiju/all_shortreads/I-W33.kaiju.output	0.000288	101	2495577	Bacteria;Actinobacteria;Actinobacteria;Cryptosporangiales;NA;NA;NA;
/home/glbrc.org/echiang3/Inulin_MetaG/kaiju/all_shortreads/I-W33.kaiju.output	0.000282	99	203487	Bacteria;Dictyoglomi;Dictyoglomia;Dictyoglomales;NA;NA;NA;
/home/glbrc.org/echiang3/Inulin_MetaG/kaiju/all_shortreads/I-W33.kaiju.output	0.000262	92	471822	Bacteria;NA;NA;Haloplasmatales;NA;NA;NA;
/home/glbrc.org/echiang3/Inulin_MetaG/kaiju/all_shortreads/I-W33.kaiju.output	0.000262	92	1962852	Bacteria;Calditrichaeota;Calditrichae;Calditrichales;NA;NA;NA;
/home/glbrc.org/echiang3/Inulin_MetaG/kaiju/all_shortreads/I-W33.kaiju.output	0.000251	88	4892	Eukaryota;Ascomycota;Saccharomycetes;Saccharomycetales;NA;NA;NA;
/home/glbrc.org/echiang3/Inulin_MetaG/kaiju/all_shortreads/I-W33.kaiju.output	0.000237	83	37104	Eukaryota;Parabasalia;NA;Trichomonadida;NA;NA;NA;
/home/glbrc.org/echiang3/Inulin_MetaG/kaiju/all_shortreads/I-W33.kaiju.output	0.000237	83	1853224	Bacteria;Rhodothermaeota;Rhodothermia;Rhodothermales;NA;NA;NA;
/home/glbrc.org/echiang3/Inulin_MetaG/kaiju/all_shortreads/I-W33.kaiju.output	0.000234	82	2301	Archaea;Euryarchaeota;Thermoplasmata;Thermoplasmatales;NA;NA;NA;
/home/glbrc.org/echiang3/Inulin_MetaG/kaiju/all_shortreads/I-W33.kaiju.output	0.000225	79	1860137	Bacteria;Fibrobacteres;Chitinispirillia;Chitinispirillales;NA;NA;NA;
/home/glbrc.org/echiang3/Inulin_MetaG/kaiju/all_shortreads/I-W33.kaiju.output	0.000222	78	133814	Archaea;Euryarchaeota;Candidatus Poseidoniia;Candidatus Poseidoniales;NA;NA;NA;
/home/glbrc.org/echiang3/Inulin_MetaG/kaiju/all_shortreads/I-W33.kaiju.output	0.000219	77	1643682	Bacteria;Actinobacteria;Actinobacteria;Geodermatophilales;NA;NA;NA;
/home/glbrc.org/echiang3/Inulin_MetaG/kaiju/all_shortreads/I-W33.kaiju.output	0.000217	76	255473	Bacteria;Proteobacteria;Alphaproteobacteria;Parvularculales;NA;NA;NA;
/home/glbrc.org/echiang3/Inulin_MetaG/kaiju/all_shortreads/I-W33.kaiju.output	0.000208	73	1779134	Bacteria;Proteobacteria;Deltaproteobacteria;Bradymonadales;NA;NA;NA;
/home/glbrc.org/echiang3/Inulin_MetaG/kaiju/all_shortreads/I-W33.kaiju.output	0.000205	72	3042	Eukaryota;Chlorophyta;Chlorophyceae;Chlamydomonadales;NA;NA;NA;
/home/glbrc.org/echiang3/Inulin_MetaG/kaiju/all_shortreads/I-W33.kaiju.output	0.000197	69	717963	Bacteria;Verrucomicrobia;Methylacidiphilae;Methylacidiphilales;NA;NA;NA;
/home/glbrc.org/echiang3/Inulin_MetaG/kaiju/all_shortreads/I-W33.kaiju.output	0.000185	65	2138246	Bacteria;Coprothermobacterota;Coprothermobacteria;Coprothermobacterales;NA;NA;NA;
/home/glbrc.org/echiang3/Inulin_MetaG/kaiju/all_shortreads/I-W33.kaiju.output	0.000182	64	2704949	Eukaryota;Euglenozoa;Kinetoplastea;Trypanosomatida;NA;NA;NA;
/home/glbrc.org/echiang3/Inulin_MetaG/kaiju/all_shortreads/I-W33.kaiju.output	0.000180	63	85001	Bacteria;Chloroflexi;Thermomicrobia;Sphaerobacterales;NA;NA;NA;
/home/glbrc.org/echiang3/Inulin_MetaG/kaiju/all_shortreads/I-W33.kaiju.output	0.000180	63	278081	Bacteria;Lentisphaerae;Lentisphaeria;Lentisphaerales;NA;NA;NA;
/home/glbrc.org/echiang3/Inulin_MetaG/kaiju/all_shortreads/I-W33.kaiju.output	0.000180	63	1644055	Archaea;Euryarchaeota;Halobacteria;Haloferacales;NA;NA;NA;
/home/glbrc.org/echiang3/Inulin_MetaG/kaiju/all_shortreads/I-W33.kaiju.output	0.000171	60	33825	Eukaryota;Ciliophora;Oligohymenophorea;Peniculida;NA;NA;NA;
/home/glbrc.org/echiang3/Inulin_MetaG/kaiju/all_shortreads/I-W33.kaiju.output	0.000168	59	2494207	Bacteria;Armatimonadetes;Armatimonadia;Capsulimonadales;NA;NA;NA;
/home/glbrc.org/echiang3/Inulin_MetaG/kaiju/all_shortreads/I-W33.kaiju.output	0.000165	58	510684	Bacteria;Proteobacteria;Alphaproteobacteria;Sneathiellales;NA;NA;NA;
/home/glbrc.org/echiang3/Inulin_MetaG/kaiju/all_shortreads/I-W33.kaiju.output	0.000157	55	2058949	Eukaryota;Evosea;Eumycetozoa;Dictyosteliales;NA;NA;NA;
/home/glbrc.org/echiang3/Inulin_MetaG/kaiju/all_shortreads/I-W33.kaiju.output	0.000154	54	189772	Bacteria;Chloroflexi;Chloroflexia;Herpetosiphonales;NA;NA;NA;
/home/glbrc.org/echiang3/Inulin_MetaG/kaiju/all_shortreads/I-W33.kaiju.output	0.000143	50	1803511	Archaea;Candidatus Altiarchaeota;NA;Candidatus Altiarchaeales;NA;NA;NA;
/home/glbrc.org/echiang3/Inulin_MetaG/kaiju/all_shortreads/I-W33.kaiju.output	0.000137	48	4776	Eukaryota;NA;Oomycota;Peronosporales;NA;NA;NA;
/home/glbrc.org/echiang3/Inulin_MetaG/kaiju/all_shortreads/I-W33.kaiju.output	0.000137	48	52604	Bacteria;Cyanobacteria;NA;Pleurocapsales;NA;NA;NA;
/home/glbrc.org/echiang3/Inulin_MetaG/kaiju/all_shortreads/I-W33.kaiju.output	0.000134	47	235899	Bacteria;Proteobacteria;Epsilonproteobacteria;Nautiliales;NA;NA;NA;
/home/glbrc.org/echiang3/Inulin_MetaG/kaiju/all_shortreads/I-W33.kaiju.output	0.000134	47	362534	Bacteria;Proteobacteria;Alphaproteobacteria;Kordiimonadales;NA;NA;NA;
/home/glbrc.org/echiang3/Inulin_MetaG/kaiju/all_shortreads/I-W33.kaiju.output	0.000131	46	214509	Eukaryota;Mucoromycota;Glomeromycetes;Diversisporales;NA;NA;NA;
/home/glbrc.org/echiang3/Inulin_MetaG/kaiju/all_shortreads/I-W33.kaiju.output	0.000131	46	580371	Bacteria;Proteobacteria;Zetaproteobacteria;Mariprofundales;NA;NA;NA;
/home/glbrc.org/echiang3/Inulin_MetaG/kaiju/all_shortreads/I-W33.kaiju.output	0.000131	46	1676649	Bacteria;Firmicutes;Limnochordia;Limnochordales;NA;NA;NA;
/home/glbrc.org/echiang3/Inulin_MetaG/kaiju/all_shortreads/I-W33.kaiju.output	0.000128	45	574975	Bacteria;Acidobacteria;Holophagae;Holophagales;NA;NA;NA;
/home/glbrc.org/echiang3/Inulin_MetaG/kaiju/all_shortreads/I-W33.kaiju.output	0.000125	44	4763	Eukaryota;NA;Oomycota;Saprolegniales;NA;NA;NA;
/home/glbrc.org/echiang3/Inulin_MetaG/kaiju/all_shortreads/I-W33.kaiju.output	0.000125	44	85014	Bacteria;Actinobacteria;Actinobacteria;Glycomycetales;NA;NA;NA;
/home/glbrc.org/echiang3/Inulin_MetaG/kaiju/all_shortreads/I-W33.kaiju.output	0.000123	43	2024973	Bacteria;Proteobacteria;Oligoflexia;Silvanigrellales;NA;NA;NA;
/home/glbrc.org/echiang3/Inulin_MetaG/kaiju/all_shortreads/I-W33.kaiju.output	0.000120	42	1783344	Bacteria;Elusimicrobia;Endomicrobia;Endomicrobiales;NA;NA;NA;
/home/glbrc.org/echiang3/Inulin_MetaG/kaiju/all_shortreads/I-W33.kaiju.output	0.000120	42	2597219	Bacteria;Proteobacteria;Deltaproteobacteria;Candidatus Acidulodesulfobacterales;NA;NA;NA;
/home/glbrc.org/echiang3/Inulin_MetaG/kaiju/all_shortreads/I-W33.kaiju.output	0.000114	40	2182	Archaea;Euryarchaeota;Methanococci;Methanococcales;NA;NA;NA;
/home/glbrc.org/echiang3/Inulin_MetaG/kaiju/all_shortreads/I-W33.kaiju.output	0.000114	40	61421	Eukaryota;Zoopagomycota;Harpellomycetes;Harpellales;NA;NA;NA;
/home/glbrc.org/echiang3/Inulin_MetaG/kaiju/all_shortreads/I-W33.kaiju.output	0.000114	40	307595	Bacteria;Cyanobacteria;Gloeobacteria;Gloeobacterales;NA;NA;NA;
/home/glbrc.org/echiang3/Inulin_MetaG/kaiju/all_shortreads/I-W33.kaiju.output	0.000114	40	1934945	Bacteria;Proteobacteria;Gammaproteobacteria;Immundisolibacterales;NA;NA;NA;
/home/glbrc.org/echiang3/Inulin_MetaG/kaiju/all_shortreads/I-W33.kaiju.output	0.000111	39	134362	Eukaryota;Ascomycota;Dothideomycetes;Capnodiales;NA;NA;NA;
/home/glbrc.org/echiang3/Inulin_MetaG/kaiju/all_shortreads/I-W33.kaiju.output	0.000111	39	1890443	Bacteria;Cyanobacteria;NA;Spirulinales;NA;NA;NA;
/home/glbrc.org/echiang3/Inulin_MetaG/kaiju/all_shortreads/I-W33.kaiju.output	0.000105	37	5819	Eukaryota;Apicomplexa;Aconoidasida;Haemosporida;NA;NA;NA;
/home/glbrc.org/echiang3/Inulin_MetaG/kaiju/all_shortreads/I-W33.kaiju.output	0.000103	36	34395	Eukaryota;Ascomycota;Eurotiomycetes;Chaetothyriales;NA;NA;NA;
/home/glbrc.org/echiang3/Inulin_MetaG/kaiju/all_shortreads/I-W33.kaiju.output	0.000103	36	75739	Eukaryota;Apicomplexa;Conoidasida;Eucoccidiorida;NA;NA;NA;
/home/glbrc.org/echiang3/Inulin_MetaG/kaiju/all_shortreads/I-W33.kaiju.output	0.000103	36	1382929	Bacteria;Chloroflexi;Ardenticatenia;Ardenticatenales;NA;NA;NA;
/home/glbrc.org/echiang3/Inulin_MetaG/kaiju/all_shortreads/I-W33.kaiju.output	0.000100	35	35491	Eukaryota;Chlorophyta;Chlorophyceae;Sphaeropleales;NA;NA;NA;
/home/glbrc.org/echiang3/Inulin_MetaG/kaiju/all_shortreads/I-W33.kaiju.output	0.000100	35	475963	Bacteria;Chloroflexi;Caldilineae;Caldilineales;NA;NA;NA;
/home/glbrc.org/echiang3/Inulin_MetaG/kaiju/all_shortreads/I-W33.kaiju.output	0.000100	35	1442155	Bacteria;Proteobacteria;Betaproteobacteria;Ferrovales;NA;NA;NA;
/home/glbrc.org/echiang3/Inulin_MetaG/kaiju/all_shortreads/I-W33.kaiju.output	0.000094	33	5125	Eukaryota;Ascomycota;Sordariomycetes;Hypocreales;NA;NA;NA;
/home/glbrc.org/echiang3/Inulin_MetaG/kaiju/all_shortreads/I-W33.kaiju.output	0.000091	32	36750	Eukaryota;Mucoromycota;Glomeromycetes;Glomerales;NA;NA;NA;
/home/glbrc.org/echiang3/Inulin_MetaG/kaiju/all_shortreads/I-W33.kaiju.output	0.000086	30	92860	Eukaryota;Ascomycota;Dothideomycetes;Pleosporales;NA;NA;NA;
/home/glbrc.org/echiang3/Inulin_MetaG/kaiju/all_shortreads/I-W33.kaiju.output	0.000083	29	27998	Eukaryota;Perkinsozoa;NA;Perkinsida;NA;NA;NA;
/home/glbrc.org/echiang3/Inulin_MetaG/kaiju/all_shortreads/I-W33.kaiju.output	0.000083	29	768667	Bacteria;Chloroflexi;Ktedonobacteria;Thermogemmatisporales;NA;NA;NA;
/home/glbrc.org/echiang3/Inulin_MetaG/kaiju/all_shortreads/I-W33.kaiju.output	0.000083	29	1553901	Bacteria;Proteobacteria;Oligoflexia;Oligoflexales;NA;NA;NA;
/home/glbrc.org/echiang3/Inulin_MetaG/kaiju/all_shortreads/I-W33.kaiju.output	0.000083	29	1692040	Bacteria;Proteobacteria;Gammaproteobacteria;Acidiferrobacterales;NA;NA;NA;
/home/glbrc.org/echiang3/Inulin_MetaG/kaiju/all_shortreads/I-W33.kaiju.output	0.000083	29	2302912	Eukaryota;Chlorophyta;Chloropicophyceae;Chloropicales;NA;NA;NA;
/home/glbrc.org/echiang3/Inulin_MetaG/kaiju/all_shortreads/I-W33.kaiju.output	0.000080	28	570264	Archaea;Euryarchaeota;Methanomicrobia;Methanocellales;NA;NA;NA;
/home/glbrc.org/echiang3/Inulin_MetaG/kaiju/all_shortreads/I-W33.kaiju.output	0.000077	27	2258	Archaea;Euryarchaeota;Thermococci;Thermococcales;NA;NA;NA;
/home/glbrc.org/echiang3/Inulin_MetaG/kaiju/all_shortreads/I-W33.kaiju.output	0.000077	27	13792	Eukaryota;Chlorophyta;Mamiellophyceae;Mamiellales;NA;NA;NA;
/home/glbrc.org/echiang3/Inulin_MetaG/kaiju/all_shortreads/I-W33.kaiju.output	0.000077	27	42740	Eukaryota;NA;Bigyra;Opalinata;NA;NA;NA;
/home/glbrc.org/echiang3/Inulin_MetaG/kaiju/all_shortreads/I-W33.kaiju.output	0.000077	27	214503	Eukaryota;Mucoromycota;Mortierellomycetes;Mortierellales;NA;NA;NA;
/home/glbrc.org/echiang3/Inulin_MetaG/kaiju/all_shortreads/I-W33.kaiju.output	0.000077	27	2039638	Bacteria;Actinobacteria;Actinobacteria;Candidatus Nanopelagicales;NA;NA;NA;
/home/glbrc.org/echiang3/Inulin_MetaG/kaiju/all_shortreads/I-W33.kaiju.output	0.000074	26	596497	Bacteria;Actinobacteria;Nitriliruptoria;Nitriliruptorales;NA;NA;NA;
/home/glbrc.org/echiang3/Inulin_MetaG/kaiju/all_shortreads/I-W33.kaiju.output	0.000074	26	597358	Bacteria;Proteobacteria;Alphaproteobacteria;Kiloniellales;NA;NA;NA;
/home/glbrc.org/echiang3/Inulin_MetaG/kaiju/all_shortreads/I-W33.kaiju.output	0.000071	25	1644060	Archaea;Euryarchaeota;Halobacteria;Natrialbales;NA;NA;NA;
/home/glbrc.org/echiang3/Inulin_MetaG/kaiju/all_shortreads/I-W33.kaiju.output	0.000066	23	693921	Eukaryota;Ciliophora;Spirotrichea;Sporadotrichida;NA;NA;NA;
/home/glbrc.org/echiang3/Inulin_MetaG/kaiju/all_shortreads/I-W33.kaiju.output	0.000066	23	1544799	Bacteria;Proteobacteria;Alphaproteobacteria;Rhodothalassiales;NA;NA;NA;
/home/glbrc.org/echiang3/Inulin_MetaG/kaiju/all_shortreads/I-W33.kaiju.output	0.000063	22	1217098	Bacteria;Actinobacteria;Actinobacteria;Jiangellales;NA;NA;NA;
/home/glbrc.org/echiang3/Inulin_MetaG/kaiju/all_shortreads/I-W33.kaiju.output	0.000063	22	1508535	Bacteria;Chloroflexi;Chloroflexia;Kallotenuales;NA;NA;NA;
/home/glbrc.org/echiang3/Inulin_MetaG/kaiju/all_shortreads/I-W33.kaiju.output	0.000060	21	114380	Archaea;Crenarchaeota;Thermoprotei;Desulfurococcales;NA;NA;NA;
/home/glbrc.org/echiang3/Inulin_MetaG/kaiju/all_shortreads/I-W33.kaiju.output	0.000060	21	871006	Archaea;Crenarchaeota;Thermoprotei;Acidilobales;NA;NA;NA;
/home/glbrc.org/echiang3/Inulin_MetaG/kaiju/all_shortreads/I-W33.kaiju.output	0.000060	21	1748771	Bacteria;Acidobacteria;Blastocatellia;Blastocatellales;NA;NA;NA;
/home/glbrc.org/echiang3/Inulin_MetaG/kaiju/all_shortreads/I-W33.kaiju.output	0.000060	21	1924738	Eukaryota;NA;Choanoflagellata;Craspedida;NA;NA;NA;
/home/glbrc.org/echiang3/Inulin_MetaG/kaiju/all_shortreads/I-W33.kaiju.output	0.000057	20	4810	Eukaryota;Chytridiomycota;Chytridiomycetes;Chytridiales;NA;NA;NA;
/home/glbrc.org/echiang3/Inulin_MetaG/kaiju/all_shortreads/I-W33.kaiju.output	0.000057	20	5185	Eukaryota;Ascomycota;Pezizomycetes;Pezizales;NA;NA;NA;
/home/glbrc.org/echiang3/Inulin_MetaG/kaiju/all_shortreads/I-W33.kaiju.output	0.000057	20	68889	Eukaryota;Basidiomycota;Agaricomycetes;Boletales;NA;NA;NA;
/home/glbrc.org/echiang3/Inulin_MetaG/kaiju/all_shortreads/I-W33.kaiju.output	0.000057	20	1643687	Bacteria;Spirochaetes;Spirochaetia;Brevinematales;NA;NA;NA;
/home/glbrc.org/echiang3/Inulin_MetaG/kaiju/all_shortreads/I-W33.kaiju.output	0.000054	19	33847	Eukaryota;Bacillariophyta;Coscinodiscophyceae;Thalassiosirales;NA;NA;NA;
/home/glbrc.org/echiang3/Inulin_MetaG/kaiju/all_shortreads/I-W33.kaiju.output	0.000051	18	33651	Eukaryota;NA;Bigyra;Bicosoecida;NA;NA;NA;
/home/glbrc.org/echiang3/Inulin_MetaG/kaiju/all_shortreads/I-W33.kaiju.output	0.000051	18	54409	Eukaryota;NA;Pelagophyceae;Pelagomonadales;NA;NA;NA;
/home/glbrc.org/echiang3/Inulin_MetaG/kaiju/all_shortreads/I-W33.kaiju.output	0.000051	18	414714	Bacteria;Actinobacteria;Actinobacteria;Catenulisporales;NA;NA;NA;
/home/glbrc.org/echiang3/Inulin_MetaG/kaiju/all_shortreads/I-W33.kaiju.output	0.000051	18	1389450	Bacteria;Actinobacteria;Actinobacteria;Candidatus Actinomarinales;NA;NA;NA;
/home/glbrc.org/echiang3/Inulin_MetaG/kaiju/all_shortreads/I-W33.kaiju.output	0.000051	18	1505233	Bacteria;Fibrobacteres;Chitinivibrionia;Chitinivibrionales;NA;NA;NA;
/home/glbrc.org/echiang3/Inulin_MetaG/kaiju/all_shortreads/I-W33.kaiju.output	0.000051	18	1836787	Bacteria;Verrucomicrobia;Spartobacteria;Chthoniobacterales;NA;NA;NA;
/home/glbrc.org/echiang3/Inulin_MetaG/kaiju/all_shortreads/I-W33.kaiju.output	0.000048	17	73020	Eukaryota;Haptista;Haptophyta;Isochrysidales;NA;NA;NA;
/home/glbrc.org/echiang3/Inulin_MetaG/kaiju/all_shortreads/I-W33.kaiju.output	0.000048	17	589342	Eukaryota;NA;Cryptophyceae;Pyrenomonadales;NA;NA;NA;
/home/glbrc.org/echiang3/Inulin_MetaG/kaiju/all_shortreads/I-W33.kaiju.output	0.000048	17	1643684	Bacteria;Actinobacteria;Actinobacteria;Nakamurellales;NA;NA;NA;
/home/glbrc.org/echiang3/Inulin_MetaG/kaiju/all_shortreads/I-W33.kaiju.output	0.000046	16	4869	Eukaryota;Mucoromycota;Endogonomycetes;Endogonales;NA;NA;NA;
/home/glbrc.org/echiang3/Inulin_MetaG/kaiju/all_shortreads/I-W33.kaiju.output	0.000046	16	5338	Eukaryota;Basidiomycota;Agaricomycetes;Agaricales;NA;NA;NA;
/home/glbrc.org/echiang3/Inulin_MetaG/kaiju/all_shortreads/I-W33.kaiju.output	0.000046	16	45676	Eukaryota;Ascomycota;Dothideomycetes;Myriangiales;NA;NA;NA;
/home/glbrc.org/echiang3/Inulin_MetaG/kaiju/all_shortreads/I-W33.kaiju.output	0.000046	16	589350	Eukaryota;NA;Cryptophyceae;Cryptomonadales;NA;NA;NA;
/home/glbrc.org/echiang3/Inulin_MetaG/kaiju/all_shortreads/I-W33.kaiju.output	0.000046	16	1955042	Bacteria;Cyanobacteria;NA;Gloeoemargaritales;NA;NA;NA;
/home/glbrc.org/echiang3/Inulin_MetaG/kaiju/all_shortreads/I-W33.kaiju.output	0.000043	15	40984	Eukaryota;NA;Dinophyceae;Gonyaulacales;NA;NA;NA;
/home/glbrc.org/echiang3/Inulin_MetaG/kaiju/all_shortreads/I-W33.kaiju.output	0.000043	15	2109260	Bacteria;Abditibacteriota;Abditibacteria;Abditibacteriales;NA;NA;NA;
/home/glbrc.org/echiang3/Inulin_MetaG/kaiju/all_shortreads/I-W33.kaiju.output	0.000043	15	2152897	Bacteria;Candidatus Fermentibacteria;Candidatus Fermentibacteria (class);Candidatus Fermentibacterales;NA;NA;NA;
/home/glbrc.org/echiang3/Inulin_MetaG/kaiju/all_shortreads/I-W33.kaiju.output	0.000040	14	2231	Archaea;Euryarchaeota;Archaeoglobi;Archaeoglobales;NA;NA;NA;
/home/glbrc.org/echiang3/Inulin_MetaG/kaiju/all_shortreads/I-W33.kaiju.output	0.000040	14	5226	Eukaryota;Basidiomycota;Agaricomycetes;Auriculariales;NA;NA;NA;
/home/glbrc.org/echiang3/Inulin_MetaG/kaiju/all_shortreads/I-W33.kaiju.output	0.000040	14	34478	Eukaryota;Chytridiomycota;Chytridiomycetes;Spizellomycetales;NA;NA;NA;
/home/glbrc.org/echiang3/Inulin_MetaG/kaiju/all_shortreads/I-W33.kaiju.output	0.000040	14	89954	Eukaryota;NA;Dinophyceae;Suessiales;NA;NA;NA;
/home/glbrc.org/echiang3/Inulin_MetaG/kaiju/all_shortreads/I-W33.kaiju.output	0.000040	14	231212	Eukaryota;Basidiomycota;Microbotryomycetes;Leucosporidiales;NA;NA;NA;
/home/glbrc.org/echiang3/Inulin_MetaG/kaiju/all_shortreads/I-W33.kaiju.output	0.000040	14	622452	Bacteria;Actinobacteria;Actinobacteria;Kineosporiales;NA;NA;NA;
/home/glbrc.org/echiang3/Inulin_MetaG/kaiju/all_shortreads/I-W33.kaiju.output	0.000040	14	2231171	Eukaryota;Chytridiomycota;Chytridiomycetes;Synchytriales;NA;NA;NA;
/home/glbrc.org/echiang3/Inulin_MetaG/kaiju/all_shortreads/I-W33.kaiju.output	0.000037	13	2266	Archaea;Crenarchaeota;Thermoprotei;Thermoproteales;NA;NA;NA;
/home/glbrc.org/echiang3/Inulin_MetaG/kaiju/all_shortreads/I-W33.kaiju.output	0.000037	13	4805	Eukaryota;Blastocladiomycota;Blastocladiomycetes;Blastocladiales;NA;NA;NA;
/home/glbrc.org/echiang3/Inulin_MetaG/kaiju/all_shortreads/I-W33.kaiju.output	0.000037	13	5863	Eukaryota;Apicomplexa;Aconoidasida;Piroplasmida;NA;NA;NA;
/home/glbrc.org/echiang3/Inulin_MetaG/kaiju/all_shortreads/I-W33.kaiju.output	0.000037	13	189776	Bacteria;Chloroflexi;Thermomicrobia;Thermomicrobiales;NA;NA;NA;
/home/glbrc.org/echiang3/Inulin_MetaG/kaiju/all_shortreads/I-W33.kaiju.output	0.000037	13	452342	Eukaryota;Basidiomycota;Agaricomycetes;Russulales;NA;NA;NA;
/home/glbrc.org/echiang3/Inulin_MetaG/kaiju/all_shortreads/I-W33.kaiju.output	0.000034	12	5139	Eukaryota;Ascomycota;Sordariomycetes;Sordariales;NA;NA;NA;
/home/glbrc.org/echiang3/Inulin_MetaG/kaiju/all_shortreads/I-W33.kaiju.output	0.000034	12	265318	Eukaryota;Rhodophyta;Bangiophyceae;Cyanidiales;NA;NA;NA;
/home/glbrc.org/echiang3/Inulin_MetaG/kaiju/all_shortreads/I-W33.kaiju.output	0.000034	12	908621	Bacteria;Actinobacteria;Nitriliruptoria;Euzebyales;NA;NA;NA;
/home/glbrc.org/echiang3/Inulin_MetaG/kaiju/all_shortreads/I-W33.kaiju.output	0.000034	12	2058181	Eukaryota;Evosea;Eumycetozoa;Acytosteliales;NA;NA;NA;
/home/glbrc.org/echiang3/Inulin_MetaG/kaiju/all_shortreads/I-W33.kaiju.output	0.000034	12	2315420	Bacteria;Candidatus Sumerlaeota;Candidatus Sumerlaeia;Candidatus Sumerlaeales;NA;NA;NA;
/home/glbrc.org/echiang3/Inulin_MetaG/kaiju/all_shortreads/I-W33.kaiju.output	0.000031	11	40634	Eukaryota;Ciliophora;Litostomatea;Entodiniomorphida;NA;NA;NA;
/home/glbrc.org/echiang3/Inulin_MetaG/kaiju/all_shortreads/I-W33.kaiju.output	0.000031	11	639021	Eukaryota;Ascomycota;Sordariomycetes;Magnaporthales;NA;NA;NA;
/home/glbrc.org/echiang3/Inulin_MetaG/kaiju/all_shortreads/I-W33.kaiju.output	0.000031	11	1485168	Eukaryota;Discosea;NA;Longamoebia;NA;NA;NA;
/home/glbrc.org/echiang3/Inulin_MetaG/kaiju/all_shortreads/I-W33.kaiju.output	0.000031	11	1663425	Bacteria;Armatimonadetes;Fimbriimonadia;Fimbriimonadales;NA;NA;NA;
/home/glbrc.org/echiang3/Inulin_MetaG/kaiju/all_shortreads/I-W33.kaiju.output	0.000031	11	2066490	Bacteria;Proteobacteria;Alphaproteobacteria;Emcibacterales;NA;NA;NA;
/home/glbrc.org/echiang3/Inulin_MetaG/kaiju/all_shortreads/I-W33.kaiju.output	0.000031	11	2681888	Eukaryota;Evosea;Variosea;Cavosteliida;NA;NA;NA;
/home/glbrc.org/echiang3/Inulin_MetaG/kaiju/all_shortreads/I-W33.kaiju.output	0.000029	10	2877	Eukaryota;NA;Phaeophyceae;Ectocarpales;NA;NA;NA;
/home/glbrc.org/echiang3/Inulin_MetaG/kaiju/all_shortreads/I-W33.kaiju.output	0.000029	10	5258	Eukaryota;Basidiomycota;Pucciniomycetes;Pucciniales;NA;NA;NA;
/home/glbrc.org/echiang3/Inulin_MetaG/kaiju/all_shortreads/I-W33.kaiju.output	0.000029	10	5957	Eukaryota;Ciliophora;Heterotrichea;Heterotrichida;NA;NA;NA;
/home/glbrc.org/echiang3/Inulin_MetaG/kaiju/all_shortreads/I-W33.kaiju.output	0.000029	10	73028	Eukaryota;Haptista;Haptophyta;Prymnesiales;NA;NA;NA;
/home/glbrc.org/echiang3/Inulin_MetaG/kaiju/all_shortreads/I-W33.kaiju.output	0.000029	10	78899	Eukaryota;Zoopagomycota;Zoopagomycetes;Zoopagales;NA;NA;NA;
/home/glbrc.org/echiang3/Inulin_MetaG/kaiju/all_shortreads/I-W33.kaiju.output	0.000029	10	370421	Eukaryota;NA;Oomycota;Albuginales;NA;NA;NA;
/home/glbrc.org/echiang3/Inulin_MetaG/kaiju/all_shortreads/I-W33.kaiju.output	0.000029	10	451869	Eukaryota;Ascomycota;Dothideomycetes;Botryosphaeriales;NA;NA;NA;
/home/glbrc.org/echiang3/Inulin_MetaG/kaiju/all_shortreads/I-W33.kaiju.output	0.000029	10	1851469	Eukaryota;Basidiomycota;Tremellomycetes;Trichosporonales;NA;NA;NA;
/home/glbrc.org/echiang3/Inulin_MetaG/kaiju/all_shortreads/I-W33.kaiju.output	0.000026	9	2798	Eukaryota;Rhodophyta;Bangiophyceae;Porphyridiales;NA;NA;NA;
/home/glbrc.org/echiang3/Inulin_MetaG/kaiju/all_shortreads/I-W33.kaiju.output	0.000026	9	33183	Eukaryota;Ascomycota;Eurotiomycetes;Onygenales;NA;NA;NA;
/home/glbrc.org/echiang3/Inulin_MetaG/kaiju/all_shortreads/I-W33.kaiju.output	0.000026	9	33851	Eukaryota;Bacillariophyta;Bacillariophyceae;Bacillariales;NA;NA;NA;
/home/glbrc.org/echiang3/Inulin_MetaG/kaiju/all_shortreads/I-W33.kaiju.output	0.000026	9	231213	Eukaryota;Basidiomycota;Microbotryomycetes;Sporidiobolales;NA;NA;NA;
/home/glbrc.org/echiang3/Inulin_MetaG/kaiju/all_shortreads/I-W33.kaiju.output	0.000023	8	4857	Eukaryota;Zoopagomycota;Entomophthoromycetes;Entomophthorales;NA;NA;NA;
/home/glbrc.org/echiang3/Inulin_MetaG/kaiju/all_shortreads/I-W33.kaiju.output	0.000023	8	5303	Eukaryota;Basidiomycota;Agaricomycetes;Polyporales;NA;NA;NA;
/home/glbrc.org/echiang3/Inulin_MetaG/kaiju/all_shortreads/I-W33.kaiju.output	0.000023	8	31277	Eukaryota;Ciliophora;Oligohymenophorea;Hymenostomatida;NA;NA;NA;
/home/glbrc.org/echiang3/Inulin_MetaG/kaiju/all_shortreads/I-W33.kaiju.output	0.000023	8	35087	Eukaryota;Apicomplexa;Conoidasida;Eugregarinorida;NA;NA;NA;
/home/glbrc.org/echiang3/Inulin_MetaG/kaiju/all_shortreads/I-W33.kaiju.output	0.000023	8	1495647	Bacteria;Chloroflexi;Thermoflexia;Thermoflexales;NA;NA;NA;
/home/glbrc.org/echiang3/Inulin_MetaG/kaiju/all_shortreads/I-W33.kaiju.output	0.000020	7	5114	Eukaryota;Ascomycota;Sordariomycetes;Diaporthales;NA;NA;NA;
/home/glbrc.org/echiang3/Inulin_MetaG/kaiju/all_shortreads/I-W33.kaiju.output	0.000020	7	31468	Eukaryota;Rhodophyta;Florideophyceae;Gracilariales;NA;NA;NA;
/home/glbrc.org/echiang3/Inulin_MetaG/kaiju/all_shortreads/I-W33.kaiju.output	0.000020	7	31932	Archaea;Thaumarchaeota;NA;Nitrosopumilales;NA;NA;NA;
/home/glbrc.org/echiang3/Inulin_MetaG/kaiju/all_shortreads/I-W33.kaiju.output	0.000020	7	37989	Eukaryota;Ascomycota;Sordariomycetes;Xylariales;NA;NA;NA;
/home/glbrc.org/echiang3/Inulin_MetaG/kaiju/all_shortreads/I-W33.kaiju.output	0.000020	7	86650	Eukaryota;Euglenozoa;Euglenida;Euglenales;NA;NA;NA;
/home/glbrc.org/echiang3/Inulin_MetaG/kaiju/all_shortreads/I-W33.kaiju.output	0.000020	7	178369	Eukaryota;Imbricatea;NA;Euglyphida;NA;NA;NA;
/home/glbrc.org/echiang3/Inulin_MetaG/kaiju/all_shortreads/I-W33.kaiju.output	0.000020	7	198613	Eukaryota;Ciliophora;Oligohymenophorea;Philasterida;NA;NA;NA;
/home/glbrc.org/echiang3/Inulin_MetaG/kaiju/all_shortreads/I-W33.kaiju.output	0.000020	7	425074	Eukaryota;NA;Eustigmatophyceae;Eustigmatales;NA;NA;NA;
/home/glbrc.org/echiang3/Inulin_MetaG/kaiju/all_shortreads/I-W33.kaiju.output	0.000020	7	556282	Eukaryota;NA;NA;Jakobida;NA;NA;NA;
/home/glbrc.org/echiang3/Inulin_MetaG/kaiju/all_shortreads/I-W33.kaiju.output	0.000020	7	588814	Archaea;Euryarchaeota;Methanomicrobia;Methanophagales;NA;NA;NA;
/home/glbrc.org/echiang3/Inulin_MetaG/kaiju/all_shortreads/I-W33.kaiju.output	0.000020	7	1154584	Bacteria;Actinobacteria;Rubrobacteria;Gaiellales;NA;NA;NA;
/home/glbrc.org/echiang3/Inulin_MetaG/kaiju/all_shortreads/I-W33.kaiju.output	0.000020	7	2545689	Archaea;Euryarchaeota;Candidatus Methanoliparia;Candidatus Methanoliparales;NA;NA;NA;
/home/glbrc.org/echiang3/Inulin_MetaG/kaiju/all_shortreads/I-W33.kaiju.output	0.000020	7	2562241	Bacteria;Acidobacteria;Thermoanaerobaculia;Thermoanaerobaculales;NA;NA;NA;
/home/glbrc.org/echiang3/Inulin_MetaG/kaiju/all_shortreads/I-W33.kaiju.output	0.000017	6	5234	Eukaryota;Basidiomycota;Tremellomycetes;Tremellales;NA;NA;NA;
/home/glbrc.org/echiang3/Inulin_MetaG/kaiju/all_shortreads/I-W33.kaiju.output	0.000017	6	28017	Eukaryota;Rhodophyta;Florideophyceae;Gigartinales;NA;NA;NA;
/home/glbrc.org/echiang3/Inulin_MetaG/kaiju/all_shortreads/I-W33.kaiju.output	0.000017	6	36064	Eukaryota;Basidiomycota;Agaricomycetes;Cantharellales;NA;NA;NA;
/home/glbrc.org/echiang3/Inulin_MetaG/kaiju/all_shortreads/I-W33.kaiju.output	0.000017	6	121069	Eukaryota;NA;Oomycota;Pythiales;NA;NA;NA;
/home/glbrc.org/echiang3/Inulin_MetaG/kaiju/all_shortreads/I-W33.kaiju.output	0.000017	6	216785	Eukaryota;Bacillariophyta;Coscinodiscophyceae;Coscinodiscales;NA;NA;NA;
/home/glbrc.org/echiang3/Inulin_MetaG/kaiju/all_shortreads/I-W33.kaiju.output	0.000017	6	1028384	Eukaryota;Ascomycota;Sordariomycetes;Glomerellales;NA;NA;NA;
/home/glbrc.org/echiang3/Inulin_MetaG/kaiju/all_shortreads/I-W33.kaiju.output	0.000017	6	1617890	Bacteria;Proteobacteria;Gammaproteobacteria;Arenicellales;NA;NA;NA;
/home/glbrc.org/echiang3/Inulin_MetaG/kaiju/all_shortreads/I-W33.kaiju.output	0.000017	6	1921567	Bacteria;Proteobacteria;Alphaproteobacteria;Micropepsales;NA;NA;NA;
/home/glbrc.org/echiang3/Inulin_MetaG/kaiju/all_shortreads/I-W33.kaiju.output	0.000017	6	2699528	Eukaryota;NA;Bigyra;Thraustochytrida;NA;NA;NA;
/home/glbrc.org/echiang3/Inulin_MetaG/kaiju/all_shortreads/I-W33.kaiju.output	0.000014	5	5267	Eukaryota;Basidiomycota;Ustilaginomycetes;Ustilaginales;NA;NA;NA;
/home/glbrc.org/echiang3/Inulin_MetaG/kaiju/all_shortreads/I-W33.kaiju.output	0.000014	5	5404	Eukaryota;Basidiomycota;Exobasidiomycetes;Exobasidiales;NA;NA;NA;
/home/glbrc.org/echiang3/Inulin_MetaG/kaiju/all_shortreads/I-W33.kaiju.output	0.000014	5	37357	Eukaryota;Endomyxa;NA;Plasmodiophorida;NA;NA;NA;
/home/glbrc.org/echiang3/Inulin_MetaG/kaiju/all_shortreads/I-W33.kaiju.output	0.000014	5	38748	Eukaryota;Bacillariophyta;Bacillariophyceae;Naviculales;NA;NA;NA;
/home/glbrc.org/echiang3/Inulin_MetaG/kaiju/all_shortreads/I-W33.kaiju.output	0.000014	5	78918	Eukaryota;Zoopagomycota;Dimargaritomycetes;Dimargaritales;NA;NA;NA;
/home/glbrc.org/echiang3/Inulin_MetaG/kaiju/all_shortreads/I-W33.kaiju.output	0.000014	5	139380	Eukaryota;Basidiomycota;Agaricomycetes;Hymenochaetales;NA;NA;NA;
/home/glbrc.org/echiang3/Inulin_MetaG/kaiju/all_shortreads/I-W33.kaiju.output	0.000014	5	590978	Eukaryota;NA;Dictyochophyceae;Rhizochromulinales;NA;NA;NA;
/home/glbrc.org/echiang3/Inulin_MetaG/kaiju/all_shortreads/I-W33.kaiju.output	0.000014	5	1033996	Archaea;Thaumarchaeota;Nitrososphaeria;Nitrososphaerales;NA;NA;NA;
/home/glbrc.org/echiang3/Inulin_MetaG/kaiju/all_shortreads/I-W33.kaiju.output	0.000014	5	1111111	Eukaryota;Ascomycota;Dothideomycetes;Venturiales;NA;NA;NA;
/home/glbrc.org/echiang3/Inulin_MetaG/kaiju/all_shortreads/I-W33.kaiju.output	0.000014	5	1747768	Bacteria;Actinobacteria;Nitriliruptoria;Egibacterales;NA;NA;NA;
/home/glbrc.org/echiang3/Inulin_MetaG/kaiju/all_shortreads/I-W33.kaiju.output	0.000014	5	2231168	Eukaryota;Chytridiomycota;Chytridiomycetes;Caulochytriales;NA;NA;NA;
/home/glbrc.org/echiang3/Inulin_MetaG/kaiju/all_shortreads/I-W33.kaiju.output	0.000011	4	2281	Archaea;Crenarchaeota;Thermoprotei;Sulfolobales;NA;NA;NA;
/home/glbrc.org/echiang3/Inulin_MetaG/kaiju/all_shortreads/I-W33.kaiju.output	0.000011	4	2802	Eukaryota;Rhodophyta;Florideophyceae;Ceramiales;NA;NA;NA;
/home/glbrc.org/echiang3/Inulin_MetaG/kaiju/all_shortreads/I-W33.kaiju.output	0.000011	4	431958	Eukaryota;Basidiomycota;Wallemiomycetes;Wallemiales;NA;NA;NA;
/home/glbrc.org/echiang3/Inulin_MetaG/kaiju/all_shortreads/I-W33.kaiju.output	0.000011	4	721947	Eukaryota;Basidiomycota;Agaricomycetes;Amylocorticiales;NA;NA;NA;
/home/glbrc.org/echiang3/Inulin_MetaG/kaiju/all_shortreads/I-W33.kaiju.output	0.000011	4	1264872	Eukaryota;Zoopagomycota;Basidiobolomycetes;Basidiobolales;NA;NA;NA;
/home/glbrc.org/echiang3/Inulin_MetaG/kaiju/all_shortreads/I-W33.kaiju.output	0.000011	4	1643683	Bacteria;Actinobacteria;Actinobacteria;Acidothermales;NA;NA;NA;
/home/glbrc.org/echiang3/Inulin_MetaG/kaiju/all_shortreads/I-W33.kaiju.output	0.000011	4	2599631	Bacteria;Candidatus Eremiobacteraeota;NA;Candidatus Eremiobacterales;NA;NA;NA;
/home/glbrc.org/echiang3/Inulin_MetaG/kaiju/all_shortreads/I-W33.kaiju.output	0.000011	4	2703812	Bacteria;Candidatus Mcinerneyibacteriota;Candidatus Mcinerneyibacteria;Candidatus Mcinerneyibacteriales;NA;NA;NA;
/home/glbrc.org/echiang3/Inulin_MetaG/kaiju/all_shortreads/I-W33.kaiju.output	0.000009	3	35426	Eukaryota;Chlorophyta;Chlorodendrophyceae;Chlorodendrales;NA;NA;NA;
/home/glbrc.org/echiang3/Inulin_MetaG/kaiju/all_shortreads/I-W33.kaiju.output	0.000009	3	55070	Eukaryota;Basidiomycota;Microbotryomycetes;Microbotryales;NA;NA;NA;
/home/glbrc.org/echiang3/Inulin_MetaG/kaiju/all_shortreads/I-W33.kaiju.output	0.000009	3	79272	Eukaryota;Chytridiomycota;Monoblepharidomycetes;Monoblepharidales;NA;NA;NA;
/home/glbrc.org/echiang3/Inulin_MetaG/kaiju/all_shortreads/I-W33.kaiju.output	0.000009	3	162474	Eukaryota;Basidiomycota;Malasseziomycetes;Malasseziales;NA;NA;NA;
/home/glbrc.org/echiang3/Inulin_MetaG/kaiju/all_shortreads/I-W33.kaiju.output	0.000009	3	189479	Eukaryota;Ascomycota;Orbiliomycetes;Orbiliales;NA;NA;NA;
/home/glbrc.org/echiang3/Inulin_MetaG/kaiju/all_shortreads/I-W33.kaiju.output	0.000009	3	282338	Eukaryota;Rhodophyta;Stylonematophyceae;Stylonematales;NA;NA;NA;
/home/glbrc.org/echiang3/Inulin_MetaG/kaiju/all_shortreads/I-W33.kaiju.output	0.000009	3	297313	Eukaryota;Basidiomycota;Agaricomycetes;Sebacinales;NA;NA;NA;
/home/glbrc.org/echiang3/Inulin_MetaG/kaiju/all_shortreads/I-W33.kaiju.output	0.000009	3	622450	Bacteria;Actinobacteria;Actinobacteria;Actinopolysporales;NA;NA;NA;
/home/glbrc.org/echiang3/Inulin_MetaG/kaiju/all_shortreads/I-W33.kaiju.output	0.000009	3	2507901	Eukaryota;Chlorophyta;Trebouxiophyceae;Trebouxiales;NA;NA;NA;
/home/glbrc.org/echiang3/Inulin_MetaG/kaiju/all_shortreads/I-W33.kaiju.output	0.000009	3	2706121	Eukaryota;Ascomycota;Dothideomycetes;Aulographales;NA;NA;NA;
/home/glbrc.org/echiang3/Inulin_MetaG/kaiju/all_shortreads/I-W33.kaiju.output	0.000006	2	5151	Eukaryota;Ascomycota;Sordariomycetes;Ophiostomatales;NA;NA;NA;
/home/glbrc.org/echiang3/Inulin_MetaG/kaiju/all_shortreads/I-W33.kaiju.output	0.000006	2	5197	Eukaryota;Ascomycota;Lecanoromycetes;Lecanorales;NA;NA;NA;
/home/glbrc.org/echiang3/Inulin_MetaG/kaiju/all_shortreads/I-W33.kaiju.output	0.000006	2	29216	Eukaryota;Rhodophyta;Bangiophyceae;Bangiales;NA;NA;NA;
/home/glbrc.org/echiang3/Inulin_MetaG/kaiju/all_shortreads/I-W33.kaiju.output	0.000006	2	29823	Eukaryota;Ascomycota;Neolectomycetes;Neolectales;NA;NA;NA;
/home/glbrc.org/echiang3/Inulin_MetaG/kaiju/all_shortreads/I-W33.kaiju.output	0.000006	2	35490	Eukaryota;Chlorophyta;Chlorophyceae;Oedogoniales;NA;NA;NA;
/home/glbrc.org/echiang3/Inulin_MetaG/kaiju/all_shortreads/I-W33.kaiju.output	0.000006	2	138177	Eukaryota;Chlorophyta;Chlorophyceae;Chlorosarcinales;NA;NA;NA;
/home/glbrc.org/echiang3/Inulin_MetaG/kaiju/all_shortreads/I-W33.kaiju.output	0.000006	2	157608	Eukaryota;Basidiomycota;Agaricomycetes;Geastrales;NA;NA;NA;
/home/glbrc.org/echiang3/Inulin_MetaG/kaiju/all_shortreads/I-W33.kaiju.output	0.000006	2	278980	Eukaryota;NA;Polycystinea;Nassellaria;NA;NA;NA;
/home/glbrc.org/echiang3/Inulin_MetaG/kaiju/all_shortreads/I-W33.kaiju.output	0.000006	2	452334	Eukaryota;Basidiomycota;Agaricomycetes;Atheliales;NA;NA;NA;
/home/glbrc.org/echiang3/Inulin_MetaG/kaiju/all_shortreads/I-W33.kaiju.output	0.000006	2	588674	Bacteria;Actinobacteria;Thermoleophilia;Thermoleophilales;NA;NA;NA;
/home/glbrc.org/echiang3/Inulin_MetaG/kaiju/all_shortreads/I-W33.kaiju.output	0.000006	2	603422	Eukaryota;Ascomycota;Dothideomycetes;Mytilinidiales;NA;NA;NA;
/home/glbrc.org/echiang3/Inulin_MetaG/kaiju/all_shortreads/I-W33.kaiju.output	0.000006	2	685948	Archaea;Crenarchaeota;Thermoprotei;Fervidicoccales;NA;NA;NA;
/home/glbrc.org/echiang3/Inulin_MetaG/kaiju/all_shortreads/I-W33.kaiju.output	0.000006	2	1618100	Eukaryota;Ascomycota;Eurotiomycetes;Phaeomoniellales;NA;NA;NA;
/home/glbrc.org/echiang3/Inulin_MetaG/kaiju/all_shortreads/I-W33.kaiju.output	0.000006	2	1755823	Bacteria;Actinobacteria;Nitriliruptoria;Egicoccales;NA;NA;NA;
/home/glbrc.org/echiang3/Inulin_MetaG/kaiju/all_shortreads/I-W33.kaiju.output	0.000006	2	1890505	Bacteria;Cyanobacteria;NA;Chroococcidiopsidales;NA;NA;NA;
/home/glbrc.org/echiang3/Inulin_MetaG/kaiju/all_shortreads/I-W33.kaiju.output	0.000006	2	2704649	Eukaryota;Euglenozoa;Kinetoplastea;Parabodonida;NA;NA;NA;
/home/glbrc.org/echiang3/Inulin_MetaG/kaiju/all_shortreads/I-W33.kaiju.output	0.000006	2	2714148	Eukaryota;Ascomycota;Dothideomycetes;Lineolatales;NA;NA;NA;
/home/glbrc.org/echiang3/Inulin_MetaG/kaiju/all_shortreads/I-W33.kaiju.output	0.000003	1	2942	Eukaryota;NA;Dinophyceae;Prorocentrales;NA;NA;NA;
/home/glbrc.org/echiang3/Inulin_MetaG/kaiju/all_shortreads/I-W33.kaiju.output	0.000003	1	2953	Eukaryota;NA;Dinophyceae;Gymnodiniales;NA;NA;NA;
/home/glbrc.org/echiang3/Inulin_MetaG/kaiju/all_shortreads/I-W33.kaiju.output	0.000003	1	5120	Eukaryota;Ascomycota;Leotiomycetes;Erysiphales;NA;NA;NA;
/home/glbrc.org/echiang3/Inulin_MetaG/kaiju/all_shortreads/I-W33.kaiju.output	0.000003	1	5789	Eukaryota;Evosea;Eumycetozoa;Physariida;NA;NA;NA;
/home/glbrc.org/echiang3/Inulin_MetaG/kaiju/all_shortreads/I-W33.kaiju.output	0.000003	1	29185	Eukaryota;Foraminifera;NA;Rotaliida;NA;NA;NA;
/home/glbrc.org/echiang3/Inulin_MetaG/kaiju/all_shortreads/I-W33.kaiju.output	0.000003	1	31355	Eukaryota;Rhodophyta;Florideophyceae;Acrochaetiales;NA;NA;NA;
/home/glbrc.org/echiang3/Inulin_MetaG/kaiju/all_shortreads/I-W33.kaiju.output	0.000003	1	31395	Eukaryota;Rhodophyta;Florideophyceae;Corallinales;NA;NA;NA;
/home/glbrc.org/echiang3/Inulin_MetaG/kaiju/all_shortreads/I-W33.kaiju.output	0.000003	1	33831	Eukaryota;Ciliophora;Spirotrichea;Euplotida;NA;NA;NA;
/home/glbrc.org/echiang3/Inulin_MetaG/kaiju/all_shortreads/I-W33.kaiju.output	0.000003	1	34346	Eukaryota;Ascomycota;Schizosaccharomycetes;Schizosaccharomycetales;NA;NA;NA;
/home/glbrc.org/echiang3/Inulin_MetaG/kaiju/all_shortreads/I-W33.kaiju.output	0.000003	1	37987	Eukaryota;Ascomycota;Pneumocystidomycetes;Pneumocystidales;NA;NA;NA;
/home/glbrc.org/echiang3/Inulin_MetaG/kaiju/all_shortreads/I-W33.kaiju.output	0.000003	1	38834	Eukaryota;Chlorophyta;Pyramimonadophyceae;Pyramimonadales;NA;NA;NA;
/home/glbrc.org/echiang3/Inulin_MetaG/kaiju/all_shortreads/I-W33.kaiju.output	0.000003	1	42111	Eukaryota;Chlorophyta;Trebouxiophyceae;Microthamniales;NA;NA;NA;
/home/glbrc.org/echiang3/Inulin_MetaG/kaiju/all_shortreads/I-W33.kaiju.output	0.000003	1	62914	Eukaryota;Basidiomycota;Exobasidiomycetes;Entylomatales;NA;NA;NA;
/home/glbrc.org/echiang3/Inulin_MetaG/kaiju/all_shortreads/I-W33.kaiju.output	0.000003	1	62916	Eukaryota;Basidiomycota;Exobasidiomycetes;Tilletiales;NA;NA;NA;
/home/glbrc.org/echiang3/Inulin_MetaG/kaiju/all_shortreads/I-W33.kaiju.output	0.000003	1	90883	Eukaryota;Basidiomycota;Tremellomycetes;Cystofilobasidiales;NA;NA;NA;
/home/glbrc.org/echiang3/Inulin_MetaG/kaiju/all_shortreads/I-W33.kaiju.output	0.000003	1	199699	Eukaryota;Rhodophyta;Florideophyceae;Nemastomatales;NA;NA;NA;
/home/glbrc.org/echiang3/Inulin_MetaG/kaiju/all_shortreads/I-W33.kaiju.output	0.000003	1	205948	Archaea;Thaumarchaeota;NA;Cenarchaeales;NA;NA;NA;
/home/glbrc.org/echiang3/Inulin_MetaG/kaiju/all_shortreads/I-W33.kaiju.output	0.000003	1	432026	Eukaryota;Basidiomycota;Mixiomycetes;Mixiales;NA;NA;NA;
/home/glbrc.org/echiang3/Inulin_MetaG/kaiju/all_shortreads/I-W33.kaiju.output	0.000003	1	451442	Eukaryota;Chytridiomycota;Chytridiomycetes;Rhizophydiales;NA;NA;NA;
/home/glbrc.org/echiang3/Inulin_MetaG/kaiju/all_shortreads/I-W33.kaiju.output	0.000003	1	452338	Eukaryota;Basidiomycota;Agaricomycetes;Corticiales;NA;NA;NA;
/home/glbrc.org/echiang3/Inulin_MetaG/kaiju/all_shortreads/I-W33.kaiju.output	0.000003	1	714581	Eukaryota;Ascomycota;Dothideomycetes;Trypetheliales;NA;NA;NA;
/home/glbrc.org/echiang3/Inulin_MetaG/kaiju/all_shortreads/I-W33.kaiju.output	0.000003	1	721927	Eukaryota;Basidiomycota;Agaricomycetes;Jaapiales;NA;NA;NA;
/home/glbrc.org/echiang3/Inulin_MetaG/kaiju/all_shortreads/I-W33.kaiju.output	0.000003	1	742846	Eukaryota;Basidiomycota;Exobasidiomycetes;Ceraceosorales;NA;NA;NA;
/home/glbrc.org/echiang3/Inulin_MetaG/kaiju/all_shortreads/I-W33.kaiju.output	0.000003	1	1524963	Eukaryota;Chlorophyta;Palmophyllophyceae;Palmophyllales;NA;NA;NA;
/home/glbrc.org/echiang3/Inulin_MetaG/kaiju/all_shortreads/I-W33.kaiju.output	0.000003	1	1775898	Eukaryota;Ascomycota;Sordariomycetes;Togniniales;NA;NA;NA;
/home/glbrc.org/echiang3/Inulin_MetaG/kaiju/all_shortreads/I-W33.kaiju.output	0.000003	1	2493627	Bacteria;Proteobacteria;Alphaproteobacteria;Minwuiales;NA;NA;NA;
/home/glbrc.org/echiang3/Inulin_MetaG/kaiju/all_shortreads/I-W33.kaiju.output	0.000003	1	2607628	Eukaryota;Haptista;Centroplasthelida;Pterocystida;NA;NA;NA;
/home/glbrc.org/echiang3/Inulin_MetaG/kaiju/all_shortreads/I-W33.kaiju.output	0.000003	1	2682475	Eukaryota;Evosea;NA;Pelobiontida;NA;NA;NA;
/home/glbrc.org/echiang3/Inulin_MetaG/kaiju/all_shortreads/I-W33.kaiju.output	0.000003	1	2704648	Eukaryota;Euglenozoa;Kinetoplastea;Neobodonida;NA;NA;NA;
/home/glbrc.org/echiang3/Inulin_MetaG/kaiju/all_shortreads/I-W33.kaiju.output	0.000003	1	2704650	Eukaryota;Euglenozoa;Kinetoplastea;Eubodonida;NA;NA;NA;
/home/glbrc.org/echiang3/Inulin_MetaG/kaiju/all_shortreads/I-W33.kaiju.output	0.002192	769	10239	Viruses
/home/glbrc.org/echiang3/Inulin_MetaG/kaiju/all_shortreads/I-W33.kaiju.output	7.143936	2506331	NA	cannot be assigned to a (non-viral) order
/home/glbrc.org/echiang3/Inulin_MetaG/kaiju/all_shortreads/I-W33.kaiju.output	45.246091	15873838	NA	unclassified
