file	percent	reads	taxon_id	taxon_name
/home/glbrc.org/echiang3/Inulin_MetaG/kaiju/all_shortreads/I-W31.kaiju.output	30.267330	8232732	200643	Bacteria;Bacteroidetes;Bacteroidia;NA;NA;NA;NA;
/home/glbrc.org/echiang3/Inulin_MetaG/kaiju/all_shortreads/I-W31.kaiju.output	13.159084	3579279	203494	Bacteria;Verrucomicrobia;Verrucomicrobiae;NA;NA;NA;NA;
/home/glbrc.org/echiang3/Inulin_MetaG/kaiju/all_shortreads/I-W31.kaiju.output	9.315362	2533784	186801	Bacteria;Firmicutes;Clostridia;NA;NA;NA;NA;
/home/glbrc.org/echiang3/Inulin_MetaG/kaiju/all_shortreads/I-W31.kaiju.output	0.260672	70903	28216	Bacteria;Proteobacteria;Betaproteobacteria;NA;NA;NA;NA;
/home/glbrc.org/echiang3/Inulin_MetaG/kaiju/all_shortreads/I-W31.kaiju.output	0.250621	68169	28221	Bacteria;Proteobacteria;Deltaproteobacteria;NA;NA;NA;NA;
/home/glbrc.org/echiang3/Inulin_MetaG/kaiju/all_shortreads/I-W31.kaiju.output	0.196547	53461	84998	Bacteria;Actinobacteria;Coriobacteriia;NA;NA;NA;NA;
/home/glbrc.org/echiang3/Inulin_MetaG/kaiju/all_shortreads/I-W31.kaiju.output	0.175702	47791	91061	Bacteria;Firmicutes;Bacilli;NA;NA;NA;NA;
/home/glbrc.org/echiang3/Inulin_MetaG/kaiju/all_shortreads/I-W31.kaiju.output	0.112062	30481	203692	Bacteria;Spirochaetes;Spirochaetia;NA;NA;NA;NA;
/home/glbrc.org/echiang3/Inulin_MetaG/kaiju/all_shortreads/I-W31.kaiju.output	0.106581	28990	1236	Bacteria;Proteobacteria;Gammaproteobacteria;NA;NA;NA;NA;
/home/glbrc.org/echiang3/Inulin_MetaG/kaiju/all_shortreads/I-W31.kaiju.output	0.099353	27024	526524	Bacteria;Firmicutes;Erysipelotrichia;NA;NA;NA;NA;
/home/glbrc.org/echiang3/Inulin_MetaG/kaiju/all_shortreads/I-W31.kaiju.output	0.063040	17147	909932	Bacteria;Firmicutes;Negativicutes;NA;NA;NA;NA;
/home/glbrc.org/echiang3/Inulin_MetaG/kaiju/all_shortreads/I-W31.kaiju.output	0.059224	16109	117743	Bacteria;Bacteroidetes;Flavobacteriia;NA;NA;NA;NA;
/home/glbrc.org/echiang3/Inulin_MetaG/kaiju/all_shortreads/I-W31.kaiju.output	0.055908	15207	1760	Bacteria;Actinobacteria;Actinobacteria;NA;NA;NA;NA;
/home/glbrc.org/echiang3/Inulin_MetaG/kaiju/all_shortreads/I-W31.kaiju.output	0.049452	13451	29547	Bacteria;Proteobacteria;Epsilonproteobacteria;NA;NA;NA;NA;
/home/glbrc.org/echiang3/Inulin_MetaG/kaiju/all_shortreads/I-W31.kaiju.output	0.046776	12723	203490	Bacteria;Fusobacteria;Fusobacteriia;NA;NA;NA;NA;
/home/glbrc.org/echiang3/Inulin_MetaG/kaiju/all_shortreads/I-W31.kaiju.output	0.038327	10425	28211	Bacteria;Proteobacteria;Alphaproteobacteria;NA;NA;NA;NA;
/home/glbrc.org/echiang3/Inulin_MetaG/kaiju/all_shortreads/I-W31.kaiju.output	0.033728	9174	768503	Bacteria;Bacteroidetes;Cytophagia;NA;NA;NA;NA;
/home/glbrc.org/echiang3/Inulin_MetaG/kaiju/all_shortreads/I-W31.kaiju.output	0.024456	6652	117747	Bacteria;Bacteroidetes;Sphingobacteriia;NA;NA;NA;NA;
/home/glbrc.org/echiang3/Inulin_MetaG/kaiju/all_shortreads/I-W31.kaiju.output	0.023511	6395	1737404	Bacteria;Firmicutes;Tissierellia;NA;NA;NA;NA;
/home/glbrc.org/echiang3/Inulin_MetaG/kaiju/all_shortreads/I-W31.kaiju.output	0.015779	4292	1853228	Bacteria;Bacteroidetes;Chitinophagia;NA;NA;NA;NA;
/home/glbrc.org/echiang3/Inulin_MetaG/kaiju/all_shortreads/I-W31.kaiju.output	0.013901	3781	649775	Bacteria;Synergistetes;Synergistia;NA;NA;NA;NA;
/home/glbrc.org/echiang3/Inulin_MetaG/kaiju/all_shortreads/I-W31.kaiju.output	0.010213	2778	31969	Bacteria;Tenericutes;Mollicutes;NA;NA;NA;NA;
/home/glbrc.org/echiang3/Inulin_MetaG/kaiju/all_shortreads/I-W31.kaiju.output	0.010210	2777	204430	Bacteria;Fibrobacteres;Fibrobacteria;NA;NA;NA;NA;
/home/glbrc.org/echiang3/Inulin_MetaG/kaiju/all_shortreads/I-W31.kaiju.output	0.004831	1314	292625	Bacteria;Chloroflexi;Anaerolineae;NA;NA;NA;NA;
/home/glbrc.org/echiang3/Inulin_MetaG/kaiju/all_shortreads/I-W31.kaiju.output	0.003724	1013	204429	Bacteria;Chlamydiae;Chlamydiia;NA;NA;NA;NA;
/home/glbrc.org/echiang3/Inulin_MetaG/kaiju/all_shortreads/I-W31.kaiju.output	0.002783	757	224756	Archaea;Euryarchaeota;Methanomicrobia;NA;NA;NA;NA;
/home/glbrc.org/echiang3/Inulin_MetaG/kaiju/all_shortreads/I-W31.kaiju.output	0.002500	680	1937959	Bacteria;Bacteroidetes;Saprospiria;NA;NA;NA;NA;
/home/glbrc.org/echiang3/Inulin_MetaG/kaiju/all_shortreads/I-W31.kaiju.output	0.002430	661	188708	Bacteria;Thermotogae;Thermotogae;NA;NA;NA;NA;
/home/glbrc.org/echiang3/Inulin_MetaG/kaiju/all_shortreads/I-W31.kaiju.output	0.002423	659	414999	Bacteria;Verrucomicrobia;Opitutae;NA;NA;NA;NA;
/home/glbrc.org/echiang3/Inulin_MetaG/kaiju/all_shortreads/I-W31.kaiju.output	0.002199	598	301297	Bacteria;Chloroflexi;Dehalococcoidia;NA;NA;NA;NA;
/home/glbrc.org/echiang3/Inulin_MetaG/kaiju/all_shortreads/I-W31.kaiju.output	0.002132	580	795747	Bacteria;Ignavibacteriae;Ignavibacteria;NA;NA;NA;NA;
/home/glbrc.org/echiang3/Inulin_MetaG/kaiju/all_shortreads/I-W31.kaiju.output	0.002026	551	183967	Archaea;Euryarchaeota;Thermoplasmata;NA;NA;NA;NA;
/home/glbrc.org/echiang3/Inulin_MetaG/kaiju/all_shortreads/I-W31.kaiju.output	0.001971	536	203683	Bacteria;Planctomycetes;Planctomycetia;NA;NA;NA;NA;
/home/glbrc.org/echiang3/Inulin_MetaG/kaiju/all_shortreads/I-W31.kaiju.output	0.001636	445	68337	Bacteria;Deferribacteres;Deferribacteres;NA;NA;NA;NA;
/home/glbrc.org/echiang3/Inulin_MetaG/kaiju/all_shortreads/I-W31.kaiju.output	0.001426	388	188787	Bacteria;Deinococcus-Thermus;Deinococci;NA;NA;NA;NA;
/home/glbrc.org/echiang3/Inulin_MetaG/kaiju/all_shortreads/I-W31.kaiju.output	0.001415	385	183925	Archaea;Euryarchaeota;Methanobacteria;NA;NA;NA;NA;
/home/glbrc.org/echiang3/Inulin_MetaG/kaiju/all_shortreads/I-W31.kaiju.output	0.001335	363	1313211	Bacteria;Lentisphaerae;Lentisphaeria;NA;NA;NA;NA;
/home/glbrc.org/echiang3/Inulin_MetaG/kaiju/all_shortreads/I-W31.kaiju.output	0.001062	289	1853221	Bacteria;Balneolaeota;Balneolia;NA;NA;NA;NA;
/home/glbrc.org/echiang3/Inulin_MetaG/kaiju/all_shortreads/I-W31.kaiju.output	0.001037	282	147545	Eukaryota;Ascomycota;Eurotiomycetes;NA;NA;NA;NA;
/home/glbrc.org/echiang3/Inulin_MetaG/kaiju/all_shortreads/I-W31.kaiju.output	0.001000	272	4891	Eukaryota;Ascomycota;Saccharomycetes;NA;NA;NA;NA;
/home/glbrc.org/echiang3/Inulin_MetaG/kaiju/all_shortreads/I-W31.kaiju.output	0.000985	268	191410	Bacteria;Chlorobi;Chlorobia;NA;NA;NA;NA;
/home/glbrc.org/echiang3/Inulin_MetaG/kaiju/all_shortreads/I-W31.kaiju.output	0.000963	262	204432	Bacteria;Acidobacteria;Acidobacteriia;NA;NA;NA;NA;
/home/glbrc.org/echiang3/Inulin_MetaG/kaiju/all_shortreads/I-W31.kaiju.output	0.000941	256	147548	Eukaryota;Ascomycota;Leotiomycetes;NA;NA;NA;NA;
/home/glbrc.org/echiang3/Inulin_MetaG/kaiju/all_shortreads/I-W31.kaiju.output	0.000908	247	203693	Bacteria;Nitrospirae;Nitrospira;NA;NA;NA;NA;
/home/glbrc.org/echiang3/Inulin_MetaG/kaiju/all_shortreads/I-W31.kaiju.output	0.000882	240	1553900	Bacteria;Proteobacteria;Oligoflexia;NA;NA;NA;NA;
/home/glbrc.org/echiang3/Inulin_MetaG/kaiju/all_shortreads/I-W31.kaiju.output	0.000831	226	32061	Bacteria;Chloroflexi;Chloroflexia;NA;NA;NA;NA;
/home/glbrc.org/echiang3/Inulin_MetaG/kaiju/all_shortreads/I-W31.kaiju.output	0.000801	218	451455	Eukaryota;Chytridiomycota;Neocallimastigomycetes;NA;NA;NA;NA;
/home/glbrc.org/echiang3/Inulin_MetaG/kaiju/all_shortreads/I-W31.kaiju.output	0.000754	205	118001	Bacteria;Chrysiogenetes;Chrysiogenetes;NA;NA;NA;NA;
/home/glbrc.org/echiang3/Inulin_MetaG/kaiju/all_shortreads/I-W31.kaiju.output	0.000743	202	2008785	Bacteria;Proteobacteria;Hydrogenophilalia;NA;NA;NA;NA;
/home/glbrc.org/echiang3/Inulin_MetaG/kaiju/all_shortreads/I-W31.kaiju.output	0.000735	200	4762	Eukaryota;NA;Oomycota;NA;NA;NA;NA;
/home/glbrc.org/echiang3/Inulin_MetaG/kaiju/all_shortreads/I-W31.kaiju.output	0.000717	195	2212703	Eukaryota;Mucoromycota;Mucoromycetes;NA;NA;NA;NA;
/home/glbrc.org/echiang3/Inulin_MetaG/kaiju/all_shortreads/I-W31.kaiju.output	0.000695	189	214506	Eukaryota;Mucoromycota;Glomeromycetes;NA;NA;NA;NA;
/home/glbrc.org/echiang3/Inulin_MetaG/kaiju/all_shortreads/I-W31.kaiju.output	0.000676	184	75966	Eukaryota;Chlorophyta;Trebouxiophyceae;NA;NA;NA;NA;
/home/glbrc.org/echiang3/Inulin_MetaG/kaiju/all_shortreads/I-W31.kaiju.output	0.000665	181	580370	Bacteria;Proteobacteria;Zetaproteobacteria;NA;NA;NA;NA;
/home/glbrc.org/echiang3/Inulin_MetaG/kaiju/all_shortreads/I-W31.kaiju.output	0.000647	176	422676	Eukaryota;Apicomplexa;Aconoidasida;NA;NA;NA;NA;
/home/glbrc.org/echiang3/Inulin_MetaG/kaiju/all_shortreads/I-W31.kaiju.output	0.000640	174	388447	Bacteria;Chloroflexi;Ktedonobacteria;NA;NA;NA;NA;
/home/glbrc.org/echiang3/Inulin_MetaG/kaiju/all_shortreads/I-W31.kaiju.output	0.000610	166	147541	Eukaryota;Ascomycota;Dothideomycetes;NA;NA;NA;NA;
/home/glbrc.org/echiang3/Inulin_MetaG/kaiju/all_shortreads/I-W31.kaiju.output	0.000610	166	155619	Eukaryota;Basidiomycota;Agaricomycetes;NA;NA;NA;NA;
/home/glbrc.org/echiang3/Inulin_MetaG/kaiju/all_shortreads/I-W31.kaiju.output	0.000592	161	187857	Bacteria;Aquificae;Aquificae;NA;NA;NA;NA;
/home/glbrc.org/echiang3/Inulin_MetaG/kaiju/all_shortreads/I-W31.kaiju.output	0.000577	157	666505	Bacteria;Planctomycetes;Phycisphaerae;NA;NA;NA;NA;
/home/glbrc.org/echiang3/Inulin_MetaG/kaiju/all_shortreads/I-W31.kaiju.output	0.000574	156	219685	Bacteria;Gemmatimonadetes;Gemmatimonadetes;NA;NA;NA;NA;
/home/glbrc.org/echiang3/Inulin_MetaG/kaiju/all_shortreads/I-W31.kaiju.output	0.000570	155	452332	Eukaryota;Basidiomycota;Dacrymycetes;NA;NA;NA;NA;
/home/glbrc.org/echiang3/Inulin_MetaG/kaiju/all_shortreads/I-W31.kaiju.output	0.000504	137	84995	Bacteria;Actinobacteria;Rubrobacteria;NA;NA;NA;NA;
/home/glbrc.org/echiang3/Inulin_MetaG/kaiju/all_shortreads/I-W31.kaiju.output	0.000474	129	1921781	Bacteria;Kiritimatiellaeota;Kiritimatiellae;NA;NA;NA;NA;
/home/glbrc.org/echiang3/Inulin_MetaG/kaiju/all_shortreads/I-W31.kaiju.output	0.000467	127	1807140	Bacteria;Proteobacteria;Acidithiobacillia;NA;NA;NA;NA;
/home/glbrc.org/echiang3/Inulin_MetaG/kaiju/all_shortreads/I-W31.kaiju.output	0.000460	125	183963	Archaea;Euryarchaeota;Halobacteria;NA;NA;NA;NA;
/home/glbrc.org/echiang3/Inulin_MetaG/kaiju/all_shortreads/I-W31.kaiju.output	0.000430	117	1562566	Bacteria;Acidobacteria;Blastocatellia;NA;NA;NA;NA;
/home/glbrc.org/echiang3/Inulin_MetaG/kaiju/all_shortreads/I-W31.kaiju.output	0.000423	115	33829	Eukaryota;Ciliophora;Spirotrichea;NA;NA;NA;NA;
/home/glbrc.org/echiang3/Inulin_MetaG/kaiju/all_shortreads/I-W31.kaiju.output	0.000419	114	451435	Eukaryota;Chytridiomycota;Chytridiomycetes;NA;NA;NA;NA;
/home/glbrc.org/echiang3/Inulin_MetaG/kaiju/all_shortreads/I-W31.kaiju.output	0.000419	114	641853	Bacteria;Elusimicrobia;Elusimicrobia;NA;NA;NA;NA;
/home/glbrc.org/echiang3/Inulin_MetaG/kaiju/all_shortreads/I-W31.kaiju.output	0.000415	113	2683628	Eukaryota;NA;Bigyra;NA;NA;NA;NA;
/home/glbrc.org/echiang3/Inulin_MetaG/kaiju/all_shortreads/I-W31.kaiju.output	0.000408	111	1962850	Bacteria;Calditrichaeota;Calditrichae;NA;NA;NA;NA;
/home/glbrc.org/echiang3/Inulin_MetaG/kaiju/all_shortreads/I-W31.kaiju.output	0.000404	110	6020	Eukaryota;Ciliophora;Oligohymenophorea;NA;NA;NA;NA;
/home/glbrc.org/echiang3/Inulin_MetaG/kaiju/all_shortreads/I-W31.kaiju.output	0.000393	107	5653	Eukaryota;Euglenozoa;Kinetoplastea;NA;NA;NA;NA;
/home/glbrc.org/echiang3/Inulin_MetaG/kaiju/all_shortreads/I-W31.kaiju.output	0.000360	98	475962	Bacteria;Chloroflexi;Caldilineae;NA;NA;NA;NA;
/home/glbrc.org/echiang3/Inulin_MetaG/kaiju/all_shortreads/I-W31.kaiju.output	0.000357	97	142796	Eukaryota;Evosea;Eumycetozoa;NA;NA;NA;NA;
/home/glbrc.org/echiang3/Inulin_MetaG/kaiju/all_shortreads/I-W31.kaiju.output	0.000353	96	1497346	Bacteria;Actinobacteria;Thermoleophilia;NA;NA;NA;NA;
/home/glbrc.org/echiang3/Inulin_MetaG/kaiju/all_shortreads/I-W31.kaiju.output	0.000346	94	3166	Eukaryota;Chlorophyta;Chlorophyceae;NA;NA;NA;NA;
/home/glbrc.org/echiang3/Inulin_MetaG/kaiju/all_shortreads/I-W31.kaiju.output	0.000342	93	1280412	Eukaryota;Apicomplexa;Conoidasida;NA;NA;NA;NA;
/home/glbrc.org/echiang3/Inulin_MetaG/kaiju/all_shortreads/I-W31.kaiju.output	0.000338	92	147550	Eukaryota;Ascomycota;Sordariomycetes;NA;NA;NA;NA;
/home/glbrc.org/echiang3/Inulin_MetaG/kaiju/all_shortreads/I-W31.kaiju.output	0.000327	89	2830	Eukaryota;Haptista;Haptophyta;NA;NA;NA;NA;
/home/glbrc.org/echiang3/Inulin_MetaG/kaiju/all_shortreads/I-W31.kaiju.output	0.000320	87	2797	Eukaryota;Rhodophyta;Bangiophyceae;NA;NA;NA;NA;
/home/glbrc.org/echiang3/Inulin_MetaG/kaiju/all_shortreads/I-W31.kaiju.output	0.000320	87	134549	Bacteria;Verrucomicrobia;Spartobacteria;NA;NA;NA;NA;
/home/glbrc.org/echiang3/Inulin_MetaG/kaiju/all_shortreads/I-W31.kaiju.output	0.000320	87	203486	Bacteria;Dictyoglomi;Dictyoglomia;NA;NA;NA;NA;
/home/glbrc.org/echiang3/Inulin_MetaG/kaiju/all_shortreads/I-W31.kaiju.output	0.000320	87	1077257	Bacteria;Armatimonadetes;Chthonomonadetes;NA;NA;NA;NA;
/home/glbrc.org/echiang3/Inulin_MetaG/kaiju/all_shortreads/I-W31.kaiju.output	0.000301	82	67799	Bacteria;Thermodesulfobacteria;Thermodesulfobacteria;NA;NA;NA;NA;
/home/glbrc.org/echiang3/Inulin_MetaG/kaiju/all_shortreads/I-W31.kaiju.output	0.000298	81	2517206	Bacteria;Planctomycetes;Candidatus Brocadiae;NA;NA;NA;NA;
/home/glbrc.org/echiang3/Inulin_MetaG/kaiju/all_shortreads/I-W31.kaiju.output	0.000294	80	84992	Bacteria;Actinobacteria;Acidimicrobiia;NA;NA;NA;NA;
/home/glbrc.org/echiang3/Inulin_MetaG/kaiju/all_shortreads/I-W31.kaiju.output	0.000268	73	1035538	Eukaryota;Chlorophyta;Mamiellophyceae;NA;NA;NA;NA;
/home/glbrc.org/echiang3/Inulin_MetaG/kaiju/all_shortreads/I-W31.kaiju.output	0.000261	71	2605334	Eukaryota;Evosea;Variosea;NA;NA;NA;NA;
/home/glbrc.org/echiang3/Inulin_MetaG/kaiju/all_shortreads/I-W31.kaiju.output	0.000239	65	2806	Eukaryota;Rhodophyta;Florideophyceae;NA;NA;NA;NA;
/home/glbrc.org/echiang3/Inulin_MetaG/kaiju/all_shortreads/I-W31.kaiju.output	0.000235	64	2864	Eukaryota;NA;Dinophyceae;NA;NA;NA;NA;
/home/glbrc.org/echiang3/Inulin_MetaG/kaiju/all_shortreads/I-W31.kaiju.output	0.000228	62	3027	Eukaryota;NA;Cryptophyceae;NA;NA;NA;NA;
/home/glbrc.org/echiang3/Inulin_MetaG/kaiju/all_shortreads/I-W31.kaiju.output	0.000217	59	2498706	Bacteria;Candidatus Cryosericota;Candidatus Cryosericia;NA;NA;NA;NA;
/home/glbrc.org/echiang3/Inulin_MetaG/kaiju/all_shortreads/I-W31.kaiju.output	0.000213	58	183924	Archaea;Crenarchaeota;Thermoprotei;NA;NA;NA;NA;
/home/glbrc.org/echiang3/Inulin_MetaG/kaiju/all_shortreads/I-W31.kaiju.output	0.000206	56	28009	Eukaryota;NA;Choanoflagellata;NA;NA;NA;NA;
/home/glbrc.org/echiang3/Inulin_MetaG/kaiju/all_shortreads/I-W31.kaiju.output	0.000202	55	33849	Eukaryota;Bacillariophyta;Bacillariophyceae;NA;NA;NA;NA;
/home/glbrc.org/echiang3/Inulin_MetaG/kaiju/all_shortreads/I-W31.kaiju.output	0.000176	48	2507542	Bacteria;Candidatus Margulisbacteria;Candidatus Termititenacia;NA;NA;NA;NA;
/home/glbrc.org/echiang3/Inulin_MetaG/kaiju/all_shortreads/I-W31.kaiju.output	0.000173	47	183939	Archaea;Euryarchaeota;Methanococci;NA;NA;NA;NA;
/home/glbrc.org/echiang3/Inulin_MetaG/kaiju/all_shortreads/I-W31.kaiju.output	0.000173	47	908620	Bacteria;Actinobacteria;Nitriliruptoria;NA;NA;NA;NA;
/home/glbrc.org/echiang3/Inulin_MetaG/kaiju/all_shortreads/I-W31.kaiju.output	0.000173	47	1955630	Bacteria;Verrucomicrobia;Methylacidiphilae;NA;NA;NA;NA;
/home/glbrc.org/echiang3/Inulin_MetaG/kaiju/all_shortreads/I-W31.kaiju.output	0.000165	45	2138243	Bacteria;Coprothermobacterota;Coprothermobacteria;NA;NA;NA;NA;
/home/glbrc.org/echiang3/Inulin_MetaG/kaiju/all_shortreads/I-W31.kaiju.output	0.000154	42	183968	Archaea;Euryarchaeota;Thermococci;NA;NA;NA;NA;
/home/glbrc.org/echiang3/Inulin_MetaG/kaiju/all_shortreads/I-W31.kaiju.output	0.000151	41	33836	Eukaryota;Bacillariophyta;Coscinodiscophyceae;NA;NA;NA;NA;
/home/glbrc.org/echiang3/Inulin_MetaG/kaiju/all_shortreads/I-W31.kaiju.output	0.000151	41	2211268	Bacteria;Candidatus Margulisbacteria;Candidatus Riflemargulisbacteria;NA;NA;NA;NA;
/home/glbrc.org/echiang3/Inulin_MetaG/kaiju/all_shortreads/I-W31.kaiju.output	0.000151	41	2219693	Eukaryota;Zoopagomycota;Harpellomycetes;NA;NA;NA;NA;
/home/glbrc.org/echiang3/Inulin_MetaG/kaiju/all_shortreads/I-W31.kaiju.output	0.000147	40	155616	Eukaryota;Basidiomycota;Tremellomycetes;NA;NA;NA;NA;
/home/glbrc.org/echiang3/Inulin_MetaG/kaiju/all_shortreads/I-W31.kaiju.output	0.000118	32	452283	Eukaryota;Basidiomycota;Exobasidiomycetes;NA;NA;NA;NA;
/home/glbrc.org/echiang3/Inulin_MetaG/kaiju/all_shortreads/I-W31.kaiju.output	0.000110	30	1382928	Bacteria;Chloroflexi;Ardenticatenia;NA;NA;NA;NA;
/home/glbrc.org/echiang3/Inulin_MetaG/kaiju/all_shortreads/I-W31.kaiju.output	0.000107	29	194287	Eukaryota;Ciliophora;Heterotrichea;NA;NA;NA;NA;
/home/glbrc.org/echiang3/Inulin_MetaG/kaiju/all_shortreads/I-W31.kaiju.output	0.000103	28	5747	Eukaryota;NA;Eustigmatophyceae;NA;NA;NA;NA;
/home/glbrc.org/echiang3/Inulin_MetaG/kaiju/all_shortreads/I-W31.kaiju.output	0.000103	28	451454	Eukaryota;Chytridiomycota;Monoblepharidomycetes;NA;NA;NA;NA;
/home/glbrc.org/echiang3/Inulin_MetaG/kaiju/all_shortreads/I-W31.kaiju.output	0.000103	28	2302911	Eukaryota;Chlorophyta;Chloropicophyceae;NA;NA;NA;NA;
/home/glbrc.org/echiang3/Inulin_MetaG/kaiju/all_shortreads/I-W31.kaiju.output	0.000099	27	2870	Eukaryota;NA;Phaeophyceae;NA;NA;NA;NA;
/home/glbrc.org/echiang3/Inulin_MetaG/kaiju/all_shortreads/I-W31.kaiju.output	0.000099	27	1801911	Bacteria;Candidatus Peregrinibacteria;Candidatus Peribacteria;NA;NA;NA;NA;
/home/glbrc.org/echiang3/Inulin_MetaG/kaiju/all_shortreads/I-W31.kaiju.output	0.000096	26	162481	Eukaryota;Basidiomycota;Microbotryomycetes;NA;NA;NA;NA;
/home/glbrc.org/echiang3/Inulin_MetaG/kaiju/all_shortreads/I-W31.kaiju.output	0.000092	25	1853222	Bacteria;Rhodothermaeota;Rhodothermia;NA;NA;NA;NA;
/home/glbrc.org/echiang3/Inulin_MetaG/kaiju/all_shortreads/I-W31.kaiju.output	0.000092	25	2599185	Archaea;Euryarchaeota;Candidatus Poseidoniia;NA;NA;NA;NA;
/home/glbrc.org/echiang3/Inulin_MetaG/kaiju/all_shortreads/I-W31.kaiju.output	0.000088	24	189775	Bacteria;Chloroflexi;Thermomicrobia;NA;NA;NA;NA;
/home/glbrc.org/echiang3/Inulin_MetaG/kaiju/all_shortreads/I-W31.kaiju.output	0.000088	24	2233521	Eukaryota;Zoopagomycota;Zoopagomycetes;NA;NA;NA;NA;
/home/glbrc.org/echiang3/Inulin_MetaG/kaiju/all_shortreads/I-W31.kaiju.output	0.000085	23	35675	Eukaryota;NA;Pelagophyceae;NA;NA;NA;NA;
/home/glbrc.org/echiang3/Inulin_MetaG/kaiju/all_shortreads/I-W31.kaiju.output	0.000085	23	447830	Bacteria;Elusimicrobia;Endomicrobia;NA;NA;NA;NA;
/home/glbrc.org/echiang3/Inulin_MetaG/kaiju/all_shortreads/I-W31.kaiju.output	0.000085	23	451460	Eukaryota;Blastocladiomycota;Blastocladiomycetes;NA;NA;NA;NA;
/home/glbrc.org/echiang3/Inulin_MetaG/kaiju/all_shortreads/I-W31.kaiju.output	0.000085	23	533205	Bacteria;Acidobacteria;Holophagae;NA;NA;NA;NA;
/home/glbrc.org/echiang3/Inulin_MetaG/kaiju/all_shortreads/I-W31.kaiju.output	0.000081	22	447827	Bacteria;Candidatus Margulisbacteria;Candidatus Marinamargulisbacteria;NA;NA;NA;NA;
/home/glbrc.org/echiang3/Inulin_MetaG/kaiju/all_shortreads/I-W31.kaiju.output	0.000081	22	1817794	Bacteria;Proteobacteria;Candidatus Lambdaproteobacteria;NA;NA;NA;NA;
/home/glbrc.org/echiang3/Inulin_MetaG/kaiju/all_shortreads/I-W31.kaiju.output	0.000077	21	307596	Bacteria;Cyanobacteria;Gloeobacteria;NA;NA;NA;NA;
/home/glbrc.org/echiang3/Inulin_MetaG/kaiju/all_shortreads/I-W31.kaiju.output	0.000077	21	1495646	Bacteria;Chloroflexi;Thermoflexia;NA;NA;NA;NA;
/home/glbrc.org/echiang3/Inulin_MetaG/kaiju/all_shortreads/I-W31.kaiju.output	0.000074	20	1676648	Bacteria;Firmicutes;Limnochordia;NA;NA;NA;NA;
/home/glbrc.org/echiang3/Inulin_MetaG/kaiju/all_shortreads/I-W31.kaiju.output	0.000074	20	2212732	Eukaryota;Mucoromycota;Mortierellomycetes;NA;NA;NA;NA;
/home/glbrc.org/echiang3/Inulin_MetaG/kaiju/all_shortreads/I-W31.kaiju.output	0.000070	19	5257	Eukaryota;Basidiomycota;Ustilaginomycetes;NA;NA;NA;NA;
/home/glbrc.org/echiang3/Inulin_MetaG/kaiju/all_shortreads/I-W31.kaiju.output	0.000070	19	147549	Eukaryota;Ascomycota;Pezizomycetes;NA;NA;NA;NA;
/home/glbrc.org/echiang3/Inulin_MetaG/kaiju/all_shortreads/I-W31.kaiju.output	0.000062	17	1860136	Bacteria;Fibrobacteres;Chitinispirillia;NA;NA;NA;NA;
/home/glbrc.org/echiang3/Inulin_MetaG/kaiju/all_shortreads/I-W31.kaiju.output	0.000055	15	147554	Eukaryota;Ascomycota;Schizosaccharomycetes;NA;NA;NA;NA;
/home/glbrc.org/echiang3/Inulin_MetaG/kaiju/all_shortreads/I-W31.kaiju.output	0.000055	15	1399768	Eukaryota;Zoopagomycota;Basidiobolomycetes;NA;NA;NA;NA;
/home/glbrc.org/echiang3/Inulin_MetaG/kaiju/all_shortreads/I-W31.kaiju.output	0.000055	15	2315419	Bacteria;Candidatus Sumerlaeota;Candidatus Sumerlaeia;NA;NA;NA;NA;
/home/glbrc.org/echiang3/Inulin_MetaG/kaiju/all_shortreads/I-W31.kaiju.output	0.000055	15	2364196	Bacteria;Chloroflexi;Candidatus Thermofonsia;NA;NA;NA;NA;
/home/glbrc.org/echiang3/Inulin_MetaG/kaiju/all_shortreads/I-W31.kaiju.output	0.000051	14	183980	Archaea;Euryarchaeota;Archaeoglobi;NA;NA;NA;NA;
/home/glbrc.org/echiang3/Inulin_MetaG/kaiju/all_shortreads/I-W31.kaiju.output	0.000051	14	1562571	Bacteria;Acidobacteria;Thermoanaerobaculia;NA;NA;NA;NA;
/home/glbrc.org/echiang3/Inulin_MetaG/kaiju/all_shortreads/I-W31.kaiju.output	0.000051	14	1813735	Bacteria;Acidobacteria;Vicinamibacteria;NA;NA;NA;NA;
/home/glbrc.org/echiang3/Inulin_MetaG/kaiju/all_shortreads/I-W31.kaiju.output	0.000048	13	1538075	Eukaryota;Basidiomycota;Malasseziomycetes;NA;NA;NA;NA;
/home/glbrc.org/echiang3/Inulin_MetaG/kaiju/all_shortreads/I-W31.kaiju.output	0.000044	12	589449	Eukaryota;Bacillariophyta;Mediophyceae;NA;NA;NA;NA;
/home/glbrc.org/echiang3/Inulin_MetaG/kaiju/all_shortreads/I-W31.kaiju.output	0.000044	12	1817795	Bacteria;Proteobacteria;Candidatus Muproteobacteria;NA;NA;NA;NA;
/home/glbrc.org/echiang3/Inulin_MetaG/kaiju/all_shortreads/I-W31.kaiju.output	0.000040	11	147553	Eukaryota;Ascomycota;Pneumocystidomycetes;NA;NA;NA;NA;
/home/glbrc.org/echiang3/Inulin_MetaG/kaiju/all_shortreads/I-W31.kaiju.output	0.000040	11	2219692	Eukaryota;Zoopagomycota;Dimargaritomycetes;NA;NA;NA;NA;
/home/glbrc.org/echiang3/Inulin_MetaG/kaiju/all_shortreads/I-W31.kaiju.output	0.000037	10	693071	Bacteria;Caldiserica;Caldisericia;NA;NA;NA;NA;
/home/glbrc.org/echiang3/Inulin_MetaG/kaiju/all_shortreads/I-W31.kaiju.output	0.000037	10	2419830	Bacteria;Candidatus Riflebacteria;Candidatus Ozemobacteria;NA;NA;NA;NA;
/home/glbrc.org/echiang3/Inulin_MetaG/kaiju/all_shortreads/I-W31.kaiju.output	0.000033	9	1293498	Bacteria;Nitrospinae;Nitrospinia;NA;NA;NA;NA;
/home/glbrc.org/echiang3/Inulin_MetaG/kaiju/all_shortreads/I-W31.kaiju.output	0.000029	8	2152896	Bacteria;Candidatus Fermentibacteria;Candidatus Fermentibacteria (class);NA;NA;NA;NA;
/home/glbrc.org/echiang3/Inulin_MetaG/kaiju/all_shortreads/I-W31.kaiju.output	0.000029	8	2212702	Eukaryota;Mucoromycota;Endogonomycetes;NA;NA;NA;NA;
/home/glbrc.org/echiang3/Inulin_MetaG/kaiju/all_shortreads/I-W31.kaiju.output	0.000026	7	296141	Bacteria;Fibrobacteres;Chitinivibrionia;NA;NA;NA;NA;
/home/glbrc.org/echiang3/Inulin_MetaG/kaiju/all_shortreads/I-W31.kaiju.output	0.000022	6	65582	Eukaryota;NA;Polycystinea;NA;NA;NA;NA;
/home/glbrc.org/echiang3/Inulin_MetaG/kaiju/all_shortreads/I-W31.kaiju.output	0.000022	6	1042312	Bacteria;Armatimonadetes;Armatimonadia;NA;NA;NA;NA;
/home/glbrc.org/echiang3/Inulin_MetaG/kaiju/all_shortreads/I-W31.kaiju.output	0.000022	6	1663419	Bacteria;Armatimonadetes;Fimbriimonadia;NA;NA;NA;NA;
/home/glbrc.org/echiang3/Inulin_MetaG/kaiju/all_shortreads/I-W31.kaiju.output	0.000022	6	1980645	Archaea;Euryarchaeota;Theionarchaea;NA;NA;NA;NA;
/home/glbrc.org/echiang3/Inulin_MetaG/kaiju/all_shortreads/I-W31.kaiju.output	0.000022	6	2109259	Bacteria;Abditibacteriota;Abditibacteria;NA;NA;NA;NA;
/home/glbrc.org/echiang3/Inulin_MetaG/kaiju/all_shortreads/I-W31.kaiju.output	0.000022	6	2219690	Eukaryota;Zoopagomycota;Kickxellomycetes;NA;NA;NA;NA;
/home/glbrc.org/echiang3/Inulin_MetaG/kaiju/all_shortreads/I-W31.kaiju.output	0.000018	5	1643678	Archaea;Thaumarchaeota;Nitrososphaeria;NA;NA;NA;NA;
/home/glbrc.org/echiang3/Inulin_MetaG/kaiju/all_shortreads/I-W31.kaiju.output	0.000015	4	5988	Eukaryota;Ciliophora;Litostomatea;NA;NA;NA;NA;
/home/glbrc.org/echiang3/Inulin_MetaG/kaiju/all_shortreads/I-W31.kaiju.output	0.000015	4	33103	Eukaryota;Chlorophyta;Ulvophyceae;NA;NA;NA;NA;
/home/glbrc.org/echiang3/Inulin_MetaG/kaiju/all_shortreads/I-W31.kaiju.output	0.000015	4	38254	Eukaryota;NA;Glaucocystophyceae;NA;NA;NA;NA;
/home/glbrc.org/echiang3/Inulin_MetaG/kaiju/all_shortreads/I-W31.kaiju.output	0.000015	4	162484	Eukaryota;Basidiomycota;Pucciniomycetes;NA;NA;NA;NA;
/home/glbrc.org/echiang3/Inulin_MetaG/kaiju/all_shortreads/I-W31.kaiju.output	0.000015	4	1399770	Eukaryota;Zoopagomycota;Entomophthoromycetes;NA;NA;NA;NA;
/home/glbrc.org/echiang3/Inulin_MetaG/kaiju/all_shortreads/I-W31.kaiju.output	0.000011	3	147556	Eukaryota;Ascomycota;Neolectomycetes;NA;NA;NA;NA;
/home/glbrc.org/echiang3/Inulin_MetaG/kaiju/all_shortreads/I-W31.kaiju.output	0.000011	3	189478	Eukaryota;Ascomycota;Orbiliomycetes;NA;NA;NA;NA;
/home/glbrc.org/echiang3/Inulin_MetaG/kaiju/all_shortreads/I-W31.kaiju.output	0.000011	3	431957	Eukaryota;Basidiomycota;Wallemiomycetes;NA;NA;NA;NA;
/home/glbrc.org/echiang3/Inulin_MetaG/kaiju/all_shortreads/I-W31.kaiju.output	0.000011	3	1705400	Archaea;Euryarchaeota;Candidatus Methanofastidiosa;NA;NA;NA;NA;
/home/glbrc.org/echiang3/Inulin_MetaG/kaiju/all_shortreads/I-W31.kaiju.output	0.000011	3	2703811	Bacteria;Candidatus Mcinerneyibacteriota;Candidatus Mcinerneyibacteria;NA;NA;NA;NA;
/home/glbrc.org/echiang3/Inulin_MetaG/kaiju/all_shortreads/I-W31.kaiju.output	0.000007	2	5977	Eukaryota;Ciliophora;Colpodea;NA;NA;NA;NA;
/home/glbrc.org/echiang3/Inulin_MetaG/kaiju/all_shortreads/I-W31.kaiju.output	0.000007	2	29197	Eukaryota;Cercozoa;Chlorarachniophyceae;NA;NA;NA;NA;
/home/glbrc.org/echiang3/Inulin_MetaG/kaiju/all_shortreads/I-W31.kaiju.output	0.000007	2	39119	Eukaryota;NA;Dictyochophyceae;NA;NA;NA;NA;
/home/glbrc.org/echiang3/Inulin_MetaG/kaiju/all_shortreads/I-W31.kaiju.output	0.000007	2	147555	Eukaryota;Ascomycota;Taphrinomycetes;NA;NA;NA;NA;
/home/glbrc.org/echiang3/Inulin_MetaG/kaiju/all_shortreads/I-W31.kaiju.output	0.000007	2	432025	Eukaryota;Basidiomycota;Mixiomycetes;NA;NA;NA;NA;
/home/glbrc.org/echiang3/Inulin_MetaG/kaiju/all_shortreads/I-W31.kaiju.output	0.000007	2	446134	Eukaryota;Rhodophyta;Stylonematophyceae;NA;NA;NA;NA;
/home/glbrc.org/echiang3/Inulin_MetaG/kaiju/all_shortreads/I-W31.kaiju.output	0.000007	2	2704063	Eukaryota;Chlorophyta;Pyramimonadophyceae;NA;NA;NA;NA;
/home/glbrc.org/echiang3/Inulin_MetaG/kaiju/all_shortreads/I-W31.kaiju.output	0.000004	1	3035	Eukaryota;Euglenozoa;Euglenida;NA;NA;NA;NA;
/home/glbrc.org/echiang3/Inulin_MetaG/kaiju/all_shortreads/I-W31.kaiju.output	0.000004	1	33827	Eukaryota;Ciliophora;Karyorelictea;NA;NA;NA;NA;
/home/glbrc.org/echiang3/Inulin_MetaG/kaiju/all_shortreads/I-W31.kaiju.output	0.000004	1	147547	Eukaryota;Ascomycota;Lecanoromycetes;NA;NA;NA;NA;
/home/glbrc.org/echiang3/Inulin_MetaG/kaiju/all_shortreads/I-W31.kaiju.output	0.000004	1	171536	Archaea;Euryarchaeota;Methanonatronarchaeia;NA;NA;NA;NA;
/home/glbrc.org/echiang3/Inulin_MetaG/kaiju/all_shortreads/I-W31.kaiju.output	0.000004	1	183988	Archaea;Euryarchaeota;Methanopyri;NA;NA;NA;NA;
/home/glbrc.org/echiang3/Inulin_MetaG/kaiju/all_shortreads/I-W31.kaiju.output	0.000004	1	661027	Eukaryota;Rhodophyta;Rhodellophyceae;NA;NA;NA;NA;
/home/glbrc.org/echiang3/Inulin_MetaG/kaiju/all_shortreads/I-W31.kaiju.output	0.000004	1	1051663	Archaea;Euryarchaeota;Nanohaloarchaea;NA;NA;NA;NA;
/home/glbrc.org/echiang3/Inulin_MetaG/kaiju/all_shortreads/I-W31.kaiju.output	0.000004	1	1217819	Eukaryota;Ascomycota;Xylonomycetes;NA;NA;NA;NA;
/home/glbrc.org/echiang3/Inulin_MetaG/kaiju/all_shortreads/I-W31.kaiju.output	0.000004	1	1401294	Eukaryota;NA;Breviatea;NA;NA;NA;NA;
/home/glbrc.org/echiang3/Inulin_MetaG/kaiju/all_shortreads/I-W31.kaiju.output	0.000004	1	1485085	Eukaryota;Discosea;Flabellinia;NA;NA;NA;NA;
/home/glbrc.org/echiang3/Inulin_MetaG/kaiju/all_shortreads/I-W31.kaiju.output	0.000004	1	2201463	Eukaryota;Chlorophyta;Palmophyllophyceae;NA;NA;NA;NA;
/home/glbrc.org/echiang3/Inulin_MetaG/kaiju/all_shortreads/I-W31.kaiju.output	0.000004	1	2545688	Archaea;Euryarchaeota;Candidatus Methanoliparia;NA;NA;NA;NA;
/home/glbrc.org/echiang3/Inulin_MetaG/kaiju/all_shortreads/I-W31.kaiju.output	0.000004	1	2681631	Eukaryota;Tubulinea;Echinamoebida;NA;NA;NA;NA;
/home/glbrc.org/echiang3/Inulin_MetaG/kaiju/all_shortreads/I-W31.kaiju.output	0.000004	1	2682225	Bacteria;Chloroflexi;Tepidiformia;NA;NA;NA;NA;
/home/glbrc.org/echiang3/Inulin_MetaG/kaiju/all_shortreads/I-W31.kaiju.output	0.004974	1353	10239	Viruses
/home/glbrc.org/echiang3/Inulin_MetaG/kaiju/all_shortreads/I-W31.kaiju.output	6.738250	1832808	NA	cannot be assigned to a (non-viral) class
/home/glbrc.org/echiang3/Inulin_MetaG/kaiju/all_shortreads/I-W31.kaiju.output	38.799930	10553604	NA	unclassified
