file	percent	reads	taxon_id	taxon_name
/home/glbrc.org/echiang3/Saline_MetaG/kaiju/all_shortreads/S-P03.kaiju.output	21.932896	9612751	976	Bacteria;Bacteroidetes;NA;NA;NA;NA;NA;
/home/glbrc.org/echiang3/Saline_MetaG/kaiju/all_shortreads/S-P03.kaiju.output	19.911455	8726794	1239	Bacteria;Firmicutes;NA;NA;NA;NA;NA;
/home/glbrc.org/echiang3/Saline_MetaG/kaiju/all_shortreads/S-P03.kaiju.output	0.731512	320607	1224	Bacteria;Proteobacteria;NA;NA;NA;NA;NA;
/home/glbrc.org/echiang3/Saline_MetaG/kaiju/all_shortreads/S-P03.kaiju.output	0.141788	62143	201174	Bacteria;Actinobacteria;NA;NA;NA;NA;NA;
/home/glbrc.org/echiang3/Saline_MetaG/kaiju/all_shortreads/S-P03.kaiju.output	0.040285	17656	203691	Bacteria;Spirochaetes;NA;NA;NA;NA;NA;
/home/glbrc.org/echiang3/Saline_MetaG/kaiju/all_shortreads/S-P03.kaiju.output	0.032189	14108	74152	Bacteria;Elusimicrobia;NA;NA;NA;NA;NA;
/home/glbrc.org/echiang3/Saline_MetaG/kaiju/all_shortreads/S-P03.kaiju.output	0.028007	12275	74201	Bacteria;Verrucomicrobia;NA;NA;NA;NA;NA;
/home/glbrc.org/echiang3/Saline_MetaG/kaiju/all_shortreads/S-P03.kaiju.output	0.027503	12054	200795	Bacteria;Chloroflexi;NA;NA;NA;NA;NA;
/home/glbrc.org/echiang3/Saline_MetaG/kaiju/all_shortreads/S-P03.kaiju.output	0.018281	8012	256845	Bacteria;Lentisphaerae;NA;NA;NA;NA;NA;
/home/glbrc.org/echiang3/Saline_MetaG/kaiju/all_shortreads/S-P03.kaiju.output	0.016549	7253	32066	Bacteria;Fusobacteria;NA;NA;NA;NA;NA;
/home/glbrc.org/echiang3/Saline_MetaG/kaiju/all_shortreads/S-P03.kaiju.output	0.016106	7059	65842	Bacteria;Fibrobacteres;NA;NA;NA;NA;NA;
/home/glbrc.org/echiang3/Saline_MetaG/kaiju/all_shortreads/S-P03.kaiju.output	0.012086	5297	544448	Bacteria;Tenericutes;NA;NA;NA;NA;NA;
/home/glbrc.org/echiang3/Saline_MetaG/kaiju/all_shortreads/S-P03.kaiju.output	0.011684	5121	508458	Bacteria;Synergistetes;NA;NA;NA;NA;NA;
/home/glbrc.org/echiang3/Saline_MetaG/kaiju/all_shortreads/S-P03.kaiju.output	0.009585	4201	203682	Bacteria;Planctomycetes;NA;NA;NA;NA;NA;
/home/glbrc.org/echiang3/Saline_MetaG/kaiju/all_shortreads/S-P03.kaiju.output	0.008825	3868	28890	Archaea;Euryarchaeota;NA;NA;NA;NA;NA;
/home/glbrc.org/echiang3/Saline_MetaG/kaiju/all_shortreads/S-P03.kaiju.output	0.007602	3332	57723	Bacteria;Acidobacteria;NA;NA;NA;NA;NA;
/home/glbrc.org/echiang3/Saline_MetaG/kaiju/all_shortreads/S-P03.kaiju.output	0.006585	2886	1798710	Bacteria;Candidatus Melainabacteria;NA;NA;NA;NA;NA;
/home/glbrc.org/echiang3/Saline_MetaG/kaiju/all_shortreads/S-P03.kaiju.output	0.006471	2836	1117	Bacteria;Cyanobacteria;NA;NA;NA;NA;NA;
/home/glbrc.org/echiang3/Saline_MetaG/kaiju/all_shortreads/S-P03.kaiju.output	0.005738	2515	5719	Eukaryota;Parabasalia;NA;NA;NA;NA;NA;
/home/glbrc.org/echiang3/Saline_MetaG/kaiju/all_shortreads/S-P03.kaiju.output	0.004454	1952	204428	Bacteria;Chlamydiae;NA;NA;NA;NA;NA;
/home/glbrc.org/echiang3/Saline_MetaG/kaiju/all_shortreads/S-P03.kaiju.output	0.003254	1426	4890	Eukaryota;Ascomycota;NA;NA;NA;NA;NA;
/home/glbrc.org/echiang3/Saline_MetaG/kaiju/all_shortreads/S-P03.kaiju.output	0.002998	1314	4761	Eukaryota;Chytridiomycota;NA;NA;NA;NA;NA;
/home/glbrc.org/echiang3/Saline_MetaG/kaiju/all_shortreads/S-P03.kaiju.output	0.002697	1182	1134404	Bacteria;Ignavibacteriae;NA;NA;NA;NA;NA;
/home/glbrc.org/echiang3/Saline_MetaG/kaiju/all_shortreads/S-P03.kaiju.output	0.002642	1158	134625	Bacteria;Kiritimatiellaeota;NA;NA;NA;NA;NA;
/home/glbrc.org/echiang3/Saline_MetaG/kaiju/all_shortreads/S-P03.kaiju.output	0.002533	1110	67812	Bacteria;Candidatus Omnitrophica;NA;NA;NA;NA;NA;
/home/glbrc.org/echiang3/Saline_MetaG/kaiju/all_shortreads/S-P03.kaiju.output	0.002430	1065	40117	Bacteria;Nitrospirae;NA;NA;NA;NA;NA;
/home/glbrc.org/echiang3/Saline_MetaG/kaiju/all_shortreads/S-P03.kaiju.output	0.002400	1052	200918	Bacteria;Thermotogae;NA;NA;NA;NA;NA;
/home/glbrc.org/echiang3/Saline_MetaG/kaiju/all_shortreads/S-P03.kaiju.output	0.002238	981	1936987	Bacteria;Balneolaeota;NA;NA;NA;NA;NA;
/home/glbrc.org/echiang3/Saline_MetaG/kaiju/all_shortreads/S-P03.kaiju.output	0.002154	944	1090	Bacteria;Chlorobi;NA;NA;NA;NA;NA;
/home/glbrc.org/echiang3/Saline_MetaG/kaiju/all_shortreads/S-P03.kaiju.output	0.001850	811	207245	Eukaryota;Fornicata;NA;NA;NA;NA;NA;
/home/glbrc.org/echiang3/Saline_MetaG/kaiju/all_shortreads/S-P03.kaiju.output	0.001745	765	1297	Bacteria;Deinococcus-Thermus;NA;NA;NA;NA;NA;
/home/glbrc.org/echiang3/Saline_MetaG/kaiju/all_shortreads/S-P03.kaiju.output	0.001371	601	2662611	Eukaryota;Preaxostyla;NA;NA;NA;NA;NA;
/home/glbrc.org/echiang3/Saline_MetaG/kaiju/all_shortreads/S-P03.kaiju.output	0.001255	550	142182	Bacteria;Gemmatimonadetes;NA;NA;NA;NA;NA;
/home/glbrc.org/echiang3/Saline_MetaG/kaiju/all_shortreads/S-P03.kaiju.output	0.001207	529	67819	Bacteria;Armatimonadetes;NA;NA;NA;NA;NA;
/home/glbrc.org/echiang3/Saline_MetaG/kaiju/all_shortreads/S-P03.kaiju.output	0.001186	520	1752708	Bacteria;Candidatus Rokubacteria;NA;NA;NA;NA;NA;
/home/glbrc.org/echiang3/Saline_MetaG/kaiju/all_shortreads/S-P03.kaiju.output	0.001113	488	62680	Bacteria;Candidatus Marinimicrobia;NA;NA;NA;NA;NA;
/home/glbrc.org/echiang3/Saline_MetaG/kaiju/all_shortreads/S-P03.kaiju.output	0.001113	488	1913637	Eukaryota;Mucoromycota;NA;NA;NA;NA;NA;
/home/glbrc.org/echiang3/Saline_MetaG/kaiju/all_shortreads/S-P03.kaiju.output	0.001088	477	1930617	Bacteria;Calditrichaeota;NA;NA;NA;NA;NA;
/home/glbrc.org/echiang3/Saline_MetaG/kaiju/all_shortreads/S-P03.kaiju.output	0.000856	375	200783	Bacteria;Aquificae;NA;NA;NA;NA;NA;
/home/glbrc.org/echiang3/Saline_MetaG/kaiju/all_shortreads/S-P03.kaiju.output	0.000815	357	95818	Bacteria;Candidatus Saccharibacteria;NA;NA;NA;NA;NA;
/home/glbrc.org/echiang3/Saline_MetaG/kaiju/all_shortreads/S-P03.kaiju.output	0.000810	355	2763	Eukaryota;Rhodophyta;NA;NA;NA;NA;NA;
/home/glbrc.org/echiang3/Saline_MetaG/kaiju/all_shortreads/S-P03.kaiju.output	0.000780	342	200930	Bacteria;Deferribacteres;NA;NA;NA;NA;NA;
/home/glbrc.org/echiang3/Saline_MetaG/kaiju/all_shortreads/S-P03.kaiju.output	0.000773	339	1379697	Bacteria;candidate division Zixibacteria;NA;NA;NA;NA;NA;
/home/glbrc.org/echiang3/Saline_MetaG/kaiju/all_shortreads/S-P03.kaiju.output	0.000614	269	1817808	Bacteria;Candidatus Margulisbacteria;NA;NA;NA;NA;NA;
/home/glbrc.org/echiang3/Saline_MetaG/kaiju/all_shortreads/S-P03.kaiju.output	0.000568	249	3041	Eukaryota;Chlorophyta;NA;NA;NA;NA;NA;
/home/glbrc.org/echiang3/Saline_MetaG/kaiju/all_shortreads/S-P03.kaiju.output	0.000561	246	1619053	Bacteria;Candidatus Peregrinibacteria;NA;NA;NA;NA;NA;
/home/glbrc.org/echiang3/Saline_MetaG/kaiju/all_shortreads/S-P03.kaiju.output	0.000559	245	5794	Eukaryota;Apicomplexa;NA;NA;NA;NA;NA;
/home/glbrc.org/echiang3/Saline_MetaG/kaiju/all_shortreads/S-P03.kaiju.output	0.000557	244	456828	Bacteria;Candidatus Cloacimonetes;NA;NA;NA;NA;NA;
/home/glbrc.org/echiang3/Saline_MetaG/kaiju/all_shortreads/S-P03.kaiju.output	0.000554	243	67817	Bacteria;Candidatus Aminicenantes;NA;NA;NA;NA;NA;
/home/glbrc.org/echiang3/Saline_MetaG/kaiju/all_shortreads/S-P03.kaiju.output	0.000550	241	67814	Bacteria;Caldiserica;NA;NA;NA;NA;NA;
/home/glbrc.org/echiang3/Saline_MetaG/kaiju/all_shortreads/S-P03.kaiju.output	0.000543	238	1293497	Bacteria;Nitrospinae;NA;NA;NA;NA;NA;
/home/glbrc.org/echiang3/Saline_MetaG/kaiju/all_shortreads/S-P03.kaiju.output	0.000541	237	5204	Eukaryota;Basidiomycota;NA;NA;NA;NA;NA;
/home/glbrc.org/echiang3/Saline_MetaG/kaiju/all_shortreads/S-P03.kaiju.output	0.000507	222	67818	Bacteria;Candidatus Atribacteria;NA;NA;NA;NA;NA;
/home/glbrc.org/echiang3/Saline_MetaG/kaiju/all_shortreads/S-P03.kaiju.output	0.000465	204	1752737	Bacteria;Candidatus Moranbacteria;NA;NA;NA;NA;NA;
/home/glbrc.org/echiang3/Saline_MetaG/kaiju/all_shortreads/S-P03.kaiju.output	0.000434	190	28889	Archaea;Crenarchaeota;NA;NA;NA;NA;NA;
/home/glbrc.org/echiang3/Saline_MetaG/kaiju/all_shortreads/S-P03.kaiju.output	0.000383	168	74015	Bacteria;Candidatus Latescibacteria;NA;NA;NA;NA;NA;
/home/glbrc.org/echiang3/Saline_MetaG/kaiju/all_shortreads/S-P03.kaiju.output	0.000358	157	1752731	Bacteria;Candidatus Magasanikbacteria;NA;NA;NA;NA;NA;
/home/glbrc.org/echiang3/Saline_MetaG/kaiju/all_shortreads/S-P03.kaiju.output	0.000351	154	221216	Bacteria;Candidatus Parcubacteria;NA;NA;NA;NA;NA;
/home/glbrc.org/echiang3/Saline_MetaG/kaiju/all_shortreads/S-P03.kaiju.output	0.000347	152	928852	Archaea;Candidatus Bathyarchaeota;NA;NA;NA;NA;NA;
/home/glbrc.org/echiang3/Saline_MetaG/kaiju/all_shortreads/S-P03.kaiju.output	0.000322	141	200940	Bacteria;Thermodesulfobacteria;NA;NA;NA;NA;NA;
/home/glbrc.org/echiang3/Saline_MetaG/kaiju/all_shortreads/S-P03.kaiju.output	0.000313	137	142187	Bacteria;Candidatus Hydrogenedentes;NA;NA;NA;NA;NA;
/home/glbrc.org/echiang3/Saline_MetaG/kaiju/all_shortreads/S-P03.kaiju.output	0.000308	135	68297	Bacteria;Dictyoglomi;NA;NA;NA;NA;NA;
/home/glbrc.org/echiang3/Saline_MetaG/kaiju/all_shortreads/S-P03.kaiju.output	0.000303	133	1752716	Bacteria;Candidatus Dadabacteria;NA;NA;NA;NA;NA;
/home/glbrc.org/echiang3/Saline_MetaG/kaiju/all_shortreads/S-P03.kaiju.output	0.000294	129	1853220	Bacteria;Rhodothermaeota;NA;NA;NA;NA;NA;
/home/glbrc.org/echiang3/Saline_MetaG/kaiju/all_shortreads/S-P03.kaiju.output	0.000292	128	1729712	Bacteria;Candidatus Fermentibacteria;NA;NA;NA;NA;NA;
/home/glbrc.org/echiang3/Saline_MetaG/kaiju/all_shortreads/S-P03.kaiju.output	0.000278	122	1752728	Bacteria;Candidatus Falkowbacteria;NA;NA;NA;NA;NA;
/home/glbrc.org/echiang3/Saline_MetaG/kaiju/all_shortreads/S-P03.kaiju.output	0.000274	120	1752729	Bacteria;Candidatus Nomurabacteria;NA;NA;NA;NA;NA;
/home/glbrc.org/echiang3/Saline_MetaG/kaiju/all_shortreads/S-P03.kaiju.output	0.000272	119	422282	Bacteria;candidate division WWE3;NA;NA;NA;NA;NA;
/home/glbrc.org/echiang3/Saline_MetaG/kaiju/all_shortreads/S-P03.kaiju.output	0.000267	117	33682	Eukaryota;Euglenozoa;NA;NA;NA;NA;NA;
/home/glbrc.org/echiang3/Saline_MetaG/kaiju/all_shortreads/S-P03.kaiju.output	0.000265	116	1662329	Bacteria;Candidatus Kapabacteria;NA;NA;NA;NA;NA;
/home/glbrc.org/echiang3/Saline_MetaG/kaiju/all_shortreads/S-P03.kaiju.output	0.000262	115	2605435	Eukaryota;Evosea;NA;NA;NA;NA;NA;
/home/glbrc.org/echiang3/Saline_MetaG/kaiju/all_shortreads/S-P03.kaiju.output	0.000256	112	640293	Bacteria;candidate division NC10;NA;NA;NA;NA;NA;
/home/glbrc.org/echiang3/Saline_MetaG/kaiju/all_shortreads/S-P03.kaiju.output	0.000249	109	1817810	Bacteria;Candidatus Riflebacteria;NA;NA;NA;NA;NA;
/home/glbrc.org/echiang3/Saline_MetaG/kaiju/all_shortreads/S-P03.kaiju.output	0.000244	107	1703755	Bacteria;candidate division WOR-3;NA;NA;NA;NA;NA;
/home/glbrc.org/echiang3/Saline_MetaG/kaiju/all_shortreads/S-P03.kaiju.output	0.000240	105	1752732	Bacteria;Candidatus Uhrbacteria;NA;NA;NA;NA;NA;
/home/glbrc.org/echiang3/Saline_MetaG/kaiju/all_shortreads/S-P03.kaiju.output	0.000217	95	200938	Bacteria;Chrysiogenetes;NA;NA;NA;NA;NA;
/home/glbrc.org/echiang3/Saline_MetaG/kaiju/all_shortreads/S-P03.kaiju.output	0.000199	87	1817812	Bacteria;Candidatus Wallbacteria;NA;NA;NA;NA;NA;
/home/glbrc.org/echiang3/Saline_MetaG/kaiju/all_shortreads/S-P03.kaiju.output	0.000185	81	1802339	Bacteria;Candidatus Tectomicrobia;NA;NA;NA;NA;NA;
/home/glbrc.org/echiang3/Saline_MetaG/kaiju/all_shortreads/S-P03.kaiju.output	0.000183	80	1817908	Bacteria;Candidatus Komeilibacteria;NA;NA;NA;NA;NA;
/home/glbrc.org/echiang3/Saline_MetaG/kaiju/all_shortreads/S-P03.kaiju.output	0.000180	79	1801616	Archaea;Candidatus Woesearchaeota;NA;NA;NA;NA;NA;
/home/glbrc.org/echiang3/Saline_MetaG/kaiju/all_shortreads/S-P03.kaiju.output	0.000167	73	1752722	Bacteria;Candidatus Woesebacteria;NA;NA;NA;NA;NA;
/home/glbrc.org/echiang3/Saline_MetaG/kaiju/all_shortreads/S-P03.kaiju.output	0.000162	71	1052815	Bacteria;Candidatus Aerophobetes;NA;NA;NA;NA;NA;
/home/glbrc.org/echiang3/Saline_MetaG/kaiju/all_shortreads/S-P03.kaiju.output	0.000153	67	5878	Eukaryota;Ciliophora;NA;NA;NA;NA;NA;
/home/glbrc.org/echiang3/Saline_MetaG/kaiju/all_shortreads/S-P03.kaiju.output	0.000153	67	67810	Bacteria;Candidatus Bipolaricaulota;NA;NA;NA;NA;NA;
/home/glbrc.org/echiang3/Saline_MetaG/kaiju/all_shortreads/S-P03.kaiju.output	0.000144	63	2498705	Bacteria;Candidatus Cryosericota;NA;NA;NA;NA;NA;
/home/glbrc.org/echiang3/Saline_MetaG/kaiju/all_shortreads/S-P03.kaiju.output	0.000135	59	1655434	Archaea;Candidatus Lokiarchaeota;NA;NA;NA;NA;NA;
/home/glbrc.org/echiang3/Saline_MetaG/kaiju/all_shortreads/S-P03.kaiju.output	0.000135	59	1752723	Bacteria;Candidatus Roizmanbacteria;NA;NA;NA;NA;NA;
/home/glbrc.org/echiang3/Saline_MetaG/kaiju/all_shortreads/S-P03.kaiju.output	0.000130	57	363464	Bacteria;Candidatus Gracilibacteria;NA;NA;NA;NA;NA;
/home/glbrc.org/echiang3/Saline_MetaG/kaiju/all_shortreads/S-P03.kaiju.output	0.000128	56	1752734	Bacteria;Candidatus Kaiserbacteria;NA;NA;NA;NA;NA;
/home/glbrc.org/echiang3/Saline_MetaG/kaiju/all_shortreads/S-P03.kaiju.output	0.000121	53	1817811	Bacteria;Candidatus Schekmanbacteria;NA;NA;NA;NA;NA;
/home/glbrc.org/echiang3/Saline_MetaG/kaiju/all_shortreads/S-P03.kaiju.output	0.000119	52	1752719	Bacteria;Candidatus Levybacteria;NA;NA;NA;NA;NA;
/home/glbrc.org/echiang3/Saline_MetaG/kaiju/all_shortreads/S-P03.kaiju.output	0.000114	50	1154676	Bacteria;Candidatus Eremiobacteraeota;NA;NA;NA;NA;NA;
/home/glbrc.org/echiang3/Saline_MetaG/kaiju/all_shortreads/S-P03.kaiju.output	0.000114	50	1817806	Bacteria;Candidatus Handelsmanbacteria;NA;NA;NA;NA;NA;
/home/glbrc.org/echiang3/Saline_MetaG/kaiju/all_shortreads/S-P03.kaiju.output	0.000112	49	1618330	Bacteria;Candidatus Berkelbacteria;NA;NA;NA;NA;NA;
/home/glbrc.org/echiang3/Saline_MetaG/kaiju/all_shortreads/S-P03.kaiju.output	0.000103	45	2836	Eukaryota;Bacillariophyta;NA;NA;NA;NA;NA;
/home/glbrc.org/echiang3/Saline_MetaG/kaiju/all_shortreads/S-P03.kaiju.output	0.000103	45	1752740	Bacteria;Candidatus Kuenenbacteria;NA;NA;NA;NA;NA;
/home/glbrc.org/echiang3/Saline_MetaG/kaiju/all_shortreads/S-P03.kaiju.output	0.000103	45	1817801	Bacteria;Candidatus Eisenbacteria;NA;NA;NA;NA;NA;
/home/glbrc.org/echiang3/Saline_MetaG/kaiju/all_shortreads/S-P03.kaiju.output	0.000098	43	265317	Bacteria;Candidatus Poribacteria;NA;NA;NA;NA;NA;
/home/glbrc.org/echiang3/Saline_MetaG/kaiju/all_shortreads/S-P03.kaiju.output	0.000098	43	1817917	Bacteria;Candidatus Sungbacteria;NA;NA;NA;NA;NA;
/home/glbrc.org/echiang3/Saline_MetaG/kaiju/all_shortreads/S-P03.kaiju.output	0.000096	42	1706441	Archaea;Candidatus Thorarchaeota;NA;NA;NA;NA;NA;
/home/glbrc.org/echiang3/Saline_MetaG/kaiju/all_shortreads/S-P03.kaiju.output	0.000096	42	1817911	Bacteria;Candidatus Nealsonbacteria;NA;NA;NA;NA;NA;
/home/glbrc.org/echiang3/Saline_MetaG/kaiju/all_shortreads/S-P03.kaiju.output	0.000091	40	1817903	Bacteria;Candidatus Buchananbacteria;NA;NA;NA;NA;NA;
/home/glbrc.org/echiang3/Saline_MetaG/kaiju/all_shortreads/S-P03.kaiju.output	0.000091	40	1819803	Bacteria;Candidatus Desantisbacteria;NA;NA;NA;NA;NA;
/home/glbrc.org/echiang3/Saline_MetaG/kaiju/all_shortreads/S-P03.kaiju.output	0.000091	40	2093364	Bacteria;Candidatus Aureabacteria;NA;NA;NA;NA;NA;
/home/glbrc.org/echiang3/Saline_MetaG/kaiju/all_shortreads/S-P03.kaiju.output	0.000084	37	1817916	Bacteria;Candidatus Staskawiczbacteria;NA;NA;NA;NA;NA;
/home/glbrc.org/echiang3/Saline_MetaG/kaiju/all_shortreads/S-P03.kaiju.output	0.000082	36	1752720	Bacteria;Candidatus Gottesmanbacteria;NA;NA;NA;NA;NA;
/home/glbrc.org/echiang3/Saline_MetaG/kaiju/all_shortreads/S-P03.kaiju.output	0.000082	36	1855361	Bacteria;Candidatus Kryptonia;NA;NA;NA;NA;NA;
/home/glbrc.org/echiang3/Saline_MetaG/kaiju/all_shortreads/S-P03.kaiju.output	0.000082	36	1913638	Eukaryota;Zoopagomycota;NA;NA;NA;NA;NA;
/home/glbrc.org/echiang3/Saline_MetaG/kaiju/all_shortreads/S-P03.kaiju.output	0.000080	35	1817799	Bacteria;Candidatus Doudnabacteria;NA;NA;NA;NA;NA;
/home/glbrc.org/echiang3/Saline_MetaG/kaiju/all_shortreads/S-P03.kaiju.output	0.000080	35	1817905	Bacteria;Candidatus Harrisonbacteria;NA;NA;NA;NA;NA;
/home/glbrc.org/echiang3/Saline_MetaG/kaiju/all_shortreads/S-P03.kaiju.output	0.000078	34	1752718	Bacteria;Candidatus Daviesbacteria;NA;NA;NA;NA;NA;
/home/glbrc.org/echiang3/Saline_MetaG/kaiju/all_shortreads/S-P03.kaiju.output	0.000078	34	1817798	Bacteria;Candidatus Delongbacteria;NA;NA;NA;NA;NA;
/home/glbrc.org/echiang3/Saline_MetaG/kaiju/all_shortreads/S-P03.kaiju.output	0.000075	33	1752733	Bacteria;Candidatus Yanofskybacteria;NA;NA;NA;NA;NA;
/home/glbrc.org/echiang3/Saline_MetaG/kaiju/all_shortreads/S-P03.kaiju.output	0.000073	32	2093358	Bacteria;Candidatus Abyssubacteria;NA;NA;NA;NA;NA;
/home/glbrc.org/echiang3/Saline_MetaG/kaiju/all_shortreads/S-P03.kaiju.output	0.000071	31	200295	Bacteria;Candidatus Sumerlaeota;NA;NA;NA;NA;NA;
/home/glbrc.org/echiang3/Saline_MetaG/kaiju/all_shortreads/S-P03.kaiju.output	0.000071	31	743724	Archaea;Candidatus Aenigmarchaeota;NA;NA;NA;NA;NA;
/home/glbrc.org/echiang3/Saline_MetaG/kaiju/all_shortreads/S-P03.kaiju.output	0.000068	30	651137	Archaea;Thaumarchaeota;NA;NA;NA;NA;NA;
/home/glbrc.org/echiang3/Saline_MetaG/kaiju/all_shortreads/S-P03.kaiju.output	0.000066	29	6029	Eukaryota;Microsporidia;NA;NA;NA;NA;NA;
/home/glbrc.org/echiang3/Saline_MetaG/kaiju/all_shortreads/S-P03.kaiju.output	0.000062	27	1817797	Bacteria;Candidatus Coatesbacteria;NA;NA;NA;NA;NA;
/home/glbrc.org/echiang3/Saline_MetaG/kaiju/all_shortreads/S-P03.kaiju.output	0.000059	26	51967	Archaea;Candidatus Korarchaeota;NA;NA;NA;NA;NA;
/home/glbrc.org/echiang3/Saline_MetaG/kaiju/all_shortreads/S-P03.kaiju.output	0.000059	26	1817809	Bacteria;Candidatus Raymondbacteria;NA;NA;NA;NA;NA;
/home/glbrc.org/echiang3/Saline_MetaG/kaiju/all_shortreads/S-P03.kaiju.output	0.000059	26	2497438	Eukaryota;Perkinsozoa;NA;NA;NA;NA;NA;
/home/glbrc.org/echiang3/Saline_MetaG/kaiju/all_shortreads/S-P03.kaiju.output	0.000059	26	2582935	Archaea;Candidatus Altiarchaeota;NA;NA;NA;NA;NA;
/home/glbrc.org/echiang3/Saline_MetaG/kaiju/all_shortreads/S-P03.kaiju.output	0.000057	25	1130266	Bacteria;Candidatus Hydrothermae;NA;NA;NA;NA;NA;
/home/glbrc.org/echiang3/Saline_MetaG/kaiju/all_shortreads/S-P03.kaiju.output	0.000055	24	2608109	Eukaryota;Haptista;NA;NA;NA;NA;NA;
/home/glbrc.org/echiang3/Saline_MetaG/kaiju/all_shortreads/S-P03.kaiju.output	0.000050	22	1801631	Archaea;Candidatus Micrarchaeota;NA;NA;NA;NA;NA;
/home/glbrc.org/echiang3/Saline_MetaG/kaiju/all_shortreads/S-P03.kaiju.output	0.000048	21	1752724	Bacteria;Candidatus Pacebacteria;NA;NA;NA;NA;NA;
/home/glbrc.org/echiang3/Saline_MetaG/kaiju/all_shortreads/S-P03.kaiju.output	0.000048	21	2052312	Bacteria;Candidatus Dormibacteraeota;NA;NA;NA;NA;NA;
/home/glbrc.org/echiang3/Saline_MetaG/kaiju/all_shortreads/S-P03.kaiju.output	0.000048	21	2138240	Bacteria;Coprothermobacterota;NA;NA;NA;NA;NA;
/home/glbrc.org/echiang3/Saline_MetaG/kaiju/all_shortreads/S-P03.kaiju.output	0.000046	20	1817800	Bacteria;Candidatus Edwardsbacteria;NA;NA;NA;NA;NA;
/home/glbrc.org/echiang3/Saline_MetaG/kaiju/all_shortreads/S-P03.kaiju.output	0.000043	19	1618339	Bacteria;candidate division CPR2;NA;NA;NA;NA;NA;
/home/glbrc.org/echiang3/Saline_MetaG/kaiju/all_shortreads/S-P03.kaiju.output	0.000043	19	1752725	Bacteria;Candidatus Collierbacteria;NA;NA;NA;NA;NA;
/home/glbrc.org/echiang3/Saline_MetaG/kaiju/all_shortreads/S-P03.kaiju.output	0.000041	18	5752	Eukaryota;Heterolobosea;NA;NA;NA;NA;NA;
/home/glbrc.org/echiang3/Saline_MetaG/kaiju/all_shortreads/S-P03.kaiju.output	0.000041	18	1817907	Bacteria;Candidatus Kerfeldbacteria;NA;NA;NA;NA;NA;
/home/glbrc.org/echiang3/Saline_MetaG/kaiju/all_shortreads/S-P03.kaiju.output	0.000037	16	1752735	Bacteria;Candidatus Wolfebacteria;NA;NA;NA;NA;NA;
/home/glbrc.org/echiang3/Saline_MetaG/kaiju/all_shortreads/S-P03.kaiju.output	0.000034	15	1817899	Bacteria;Candidatus Woykebacteria;NA;NA;NA;NA;NA;
/home/glbrc.org/echiang3/Saline_MetaG/kaiju/all_shortreads/S-P03.kaiju.output	0.000034	15	1817925	Bacteria;Candidatus Zambryskibacteria;NA;NA;NA;NA;NA;
/home/glbrc.org/echiang3/Saline_MetaG/kaiju/all_shortreads/S-P03.kaiju.output	0.000032	14	1752721	Bacteria;Candidatus Shapirobacteria;NA;NA;NA;NA;NA;
/home/glbrc.org/echiang3/Saline_MetaG/kaiju/all_shortreads/S-P03.kaiju.output	0.000032	14	1752730	Bacteria;Candidatus Amesbacteria;NA;NA;NA;NA;NA;
/home/glbrc.org/echiang3/Saline_MetaG/kaiju/all_shortreads/S-P03.kaiju.output	0.000032	14	1817805	Bacteria;Candidatus Glassbacteria;NA;NA;NA;NA;NA;
/home/glbrc.org/echiang3/Saline_MetaG/kaiju/all_shortreads/S-P03.kaiju.output	0.000030	13	1752727	Bacteria;Candidatus Campbellbacteria;NA;NA;NA;NA;NA;
/home/glbrc.org/echiang3/Saline_MetaG/kaiju/all_shortreads/S-P03.kaiju.output	0.000030	13	1817807	Bacteria;Candidatus Lindowbacteria;NA;NA;NA;NA;NA;
/home/glbrc.org/echiang3/Saline_MetaG/kaiju/all_shortreads/S-P03.kaiju.output	0.000030	13	1817919	Bacteria;Candidatus Taylorbacteria;NA;NA;NA;NA;NA;
/home/glbrc.org/echiang3/Saline_MetaG/kaiju/all_shortreads/S-P03.kaiju.output	0.000027	12	1752726	Bacteria;Candidatus Beckwithbacteria;NA;NA;NA;NA;NA;
/home/glbrc.org/echiang3/Saline_MetaG/kaiju/all_shortreads/S-P03.kaiju.output	0.000027	12	1817913	Bacteria;Candidatus Portnoybacteria;NA;NA;NA;NA;NA;
/home/glbrc.org/echiang3/Saline_MetaG/kaiju/all_shortreads/S-P03.kaiju.output	0.000027	12	1817926	Bacteria;Candidatus Wirthbacteria;NA;NA;NA;NA;NA;
/home/glbrc.org/echiang3/Saline_MetaG/kaiju/all_shortreads/S-P03.kaiju.output	0.000025	11	1752738	Bacteria;Candidatus Giovannonibacteria;NA;NA;NA;NA;NA;
/home/glbrc.org/echiang3/Saline_MetaG/kaiju/all_shortreads/S-P03.kaiju.output	0.000023	10	1031332	Eukaryota;Cryptomycota;NA;NA;NA;NA;NA;
/home/glbrc.org/echiang3/Saline_MetaG/kaiju/all_shortreads/S-P03.kaiju.output	0.000023	10	1936272	Archaea;Candidatus Heimdallarchaeota;NA;NA;NA;NA;NA;
/home/glbrc.org/echiang3/Saline_MetaG/kaiju/all_shortreads/S-P03.kaiju.output	0.000023	10	2013583	Bacteria;Candidatus Goldbacteria;NA;NA;NA;NA;NA;
/home/glbrc.org/echiang3/Saline_MetaG/kaiju/all_shortreads/S-P03.kaiju.output	0.000021	9	451459	Eukaryota;Blastocladiomycota;NA;NA;NA;NA;NA;
/home/glbrc.org/echiang3/Saline_MetaG/kaiju/all_shortreads/S-P03.kaiju.output	0.000021	9	1704031	Bacteria;candidate division KD3-62;NA;NA;NA;NA;NA;
/home/glbrc.org/echiang3/Saline_MetaG/kaiju/all_shortreads/S-P03.kaiju.output	0.000021	9	1752741	Bacteria;Candidatus Azambacteria;NA;NA;NA;NA;NA;
/home/glbrc.org/echiang3/Saline_MetaG/kaiju/all_shortreads/S-P03.kaiju.output	0.000018	8	1817802	Bacteria;Candidatus Firestonebacteria;NA;NA;NA;NA;NA;
/home/glbrc.org/echiang3/Saline_MetaG/kaiju/all_shortreads/S-P03.kaiju.output	0.000018	8	2703810	Bacteria;Candidatus Mcinerneyibacteriota;NA;NA;NA;NA;NA;
/home/glbrc.org/echiang3/Saline_MetaG/kaiju/all_shortreads/S-P03.kaiju.output	0.000016	7	1618340	Bacteria;candidate division CPR3;NA;NA;NA;NA;NA;
/home/glbrc.org/echiang3/Saline_MetaG/kaiju/all_shortreads/S-P03.kaiju.output	0.000016	7	1752717	Bacteria;Candidatus Curtissbacteria;NA;NA;NA;NA;NA;
/home/glbrc.org/echiang3/Saline_MetaG/kaiju/all_shortreads/S-P03.kaiju.output	0.000016	7	2109258	Bacteria;Abditibacteriota;NA;NA;NA;NA;NA;
/home/glbrc.org/echiang3/Saline_MetaG/kaiju/all_shortreads/S-P03.kaiju.output	0.000016	7	2301208	Bacteria;Candidatus Cerribacteria;NA;NA;NA;NA;NA;
/home/glbrc.org/echiang3/Saline_MetaG/kaiju/all_shortreads/S-P03.kaiju.output	0.000016	7	2604748	Eukaryota;Endomyxa;NA;NA;NA;NA;NA;
/home/glbrc.org/echiang3/Saline_MetaG/kaiju/all_shortreads/S-P03.kaiju.output	0.000014	6	555280	Eukaryota;Discosea;NA;NA;NA;NA;NA;
/home/glbrc.org/echiang3/Saline_MetaG/kaiju/all_shortreads/S-P03.kaiju.output	0.000014	6	1817898	Bacteria;Candidatus Blackburnbacteria;NA;NA;NA;NA;NA;
/home/glbrc.org/echiang3/Saline_MetaG/kaiju/all_shortreads/S-P03.kaiju.output	0.000014	6	1817922	Bacteria;Candidatus Vogelbacteria;NA;NA;NA;NA;NA;
/home/glbrc.org/echiang3/Saline_MetaG/kaiju/all_shortreads/S-P03.kaiju.output	0.000014	6	2576005	Bacteria;candidate division LCP-89;NA;NA;NA;NA;NA;
/home/glbrc.org/echiang3/Saline_MetaG/kaiju/all_shortreads/S-P03.kaiju.output	0.000011	5	29178	Eukaryota;Foraminifera;NA;NA;NA;NA;NA;
/home/glbrc.org/echiang3/Saline_MetaG/kaiju/all_shortreads/S-P03.kaiju.output	0.000011	5	1817803	Bacteria;Candidatus Fischerbacteria;NA;NA;NA;NA;NA;
/home/glbrc.org/echiang3/Saline_MetaG/kaiju/all_shortreads/S-P03.kaiju.output	0.000011	5	1817910	Bacteria;Candidatus Lloydbacteria;NA;NA;NA;NA;NA;
/home/glbrc.org/echiang3/Saline_MetaG/kaiju/all_shortreads/S-P03.kaiju.output	0.000011	5	1915410	Archaea;Candidatus Verstraetearchaeota;NA;NA;NA;NA;NA;
/home/glbrc.org/echiang3/Saline_MetaG/kaiju/all_shortreads/S-P03.kaiju.output	0.000009	4	67820	Bacteria;Candidatus Microgenomates;NA;NA;NA;NA;NA;
/home/glbrc.org/echiang3/Saline_MetaG/kaiju/all_shortreads/S-P03.kaiju.output	0.000009	4	1817900	Bacteria;Candidatus Chisholmbacteria;NA;NA;NA;NA;NA;
/home/glbrc.org/echiang3/Saline_MetaG/kaiju/all_shortreads/S-P03.kaiju.output	0.000009	4	1817904	Bacteria;Candidatus Colwellbacteria;NA;NA;NA;NA;NA;
/home/glbrc.org/echiang3/Saline_MetaG/kaiju/all_shortreads/S-P03.kaiju.output	0.000009	4	1817906	Bacteria;Candidatus Jacksonbacteria;NA;NA;NA;NA;NA;
/home/glbrc.org/echiang3/Saline_MetaG/kaiju/all_shortreads/S-P03.kaiju.output	0.000009	4	1817912	Bacteria;Candidatus Niyogibacteria;NA;NA;NA;NA;NA;
/home/glbrc.org/echiang3/Saline_MetaG/kaiju/all_shortreads/S-P03.kaiju.output	0.000009	4	1817915	Bacteria;Candidatus Spechtbacteria;NA;NA;NA;NA;NA;
/home/glbrc.org/echiang3/Saline_MetaG/kaiju/all_shortreads/S-P03.kaiju.output	0.000007	3	1736114	Eukaryota;Imbricatea;NA;NA;NA;NA;NA;
/home/glbrc.org/echiang3/Saline_MetaG/kaiju/all_shortreads/S-P03.kaiju.output	0.000007	3	1817918	Bacteria;Candidatus Tagabacteria;NA;NA;NA;NA;NA;
/home/glbrc.org/echiang3/Saline_MetaG/kaiju/all_shortreads/S-P03.kaiju.output	0.000007	3	1817923	Bacteria;Candidatus Wildermuthbacteria;NA;NA;NA;NA;NA;
/home/glbrc.org/echiang3/Saline_MetaG/kaiju/all_shortreads/S-P03.kaiju.output	0.000007	3	1817924	Bacteria;Candidatus Yonathbacteria;NA;NA;NA;NA;NA;
/home/glbrc.org/echiang3/Saline_MetaG/kaiju/all_shortreads/S-P03.kaiju.output	0.000005	2	136419	Eukaryota;Cercozoa;NA;NA;NA;NA;NA;
/home/glbrc.org/echiang3/Saline_MetaG/kaiju/all_shortreads/S-P03.kaiju.output	0.000005	2	1817914	Bacteria;Candidatus Ryanbacteria;NA;NA;NA;NA;NA;
/home/glbrc.org/echiang3/Saline_MetaG/kaiju/all_shortreads/S-P03.kaiju.output	0.000005	2	1817920	Bacteria;Candidatus Terrybacteria;NA;NA;NA;NA;NA;
/home/glbrc.org/echiang3/Saline_MetaG/kaiju/all_shortreads/S-P03.kaiju.output	0.000005	2	1936271	Archaea;Candidatus Odinarchaeota;NA;NA;NA;NA;NA;
/home/glbrc.org/echiang3/Saline_MetaG/kaiju/all_shortreads/S-P03.kaiju.output	0.000002	1	743725	Archaea;Candidatus Diapherotrites;NA;NA;NA;NA;NA;
/home/glbrc.org/echiang3/Saline_MetaG/kaiju/all_shortreads/S-P03.kaiju.output	0.000002	1	1752739	Bacteria;Candidatus Jorgensenbacteria;NA;NA;NA;NA;NA;
/home/glbrc.org/echiang3/Saline_MetaG/kaiju/all_shortreads/S-P03.kaiju.output	0.000002	1	1817804	Bacteria;Candidatus Fraserbacteria;NA;NA;NA;NA;NA;
/home/glbrc.org/echiang3/Saline_MetaG/kaiju/all_shortreads/S-P03.kaiju.output	0.000002	1	1817901	Bacteria;Candidatus Andersenbacteria;NA;NA;NA;NA;NA;
/home/glbrc.org/echiang3/Saline_MetaG/kaiju/all_shortreads/S-P03.kaiju.output	0.000002	1	1817909	Bacteria;Candidatus Liptonbacteria;NA;NA;NA;NA;NA;
/home/glbrc.org/echiang3/Saline_MetaG/kaiju/all_shortreads/S-P03.kaiju.output	0.000002	1	1978152	Archaea;Candidatus Marsarchaeota;NA;NA;NA;NA;NA;
/home/glbrc.org/echiang3/Saline_MetaG/kaiju/all_shortreads/S-P03.kaiju.output	0.008031	3520	10239	Viruses
/home/glbrc.org/echiang3/Saline_MetaG/kaiju/all_shortreads/S-P03.kaiju.output	6.966872	3053441	NA	cannot be assigned to a (non-viral) phylum
/home/glbrc.org/echiang3/Saline_MetaG/kaiju/all_shortreads/S-P03.kaiju.output	49.997294	21912818	NA	unclassified
