file	percent	reads	taxon_id	taxon_name
/home/glbrc.org/echiang3/Saline_MetaG/kaiju/all_shortreads/S-P12.kaiju.output	17.941038	5962583	186801	Bacteria;Firmicutes;Clostridia;NA;NA;NA;NA;
/home/glbrc.org/echiang3/Saline_MetaG/kaiju/all_shortreads/S-P12.kaiju.output	13.579503	4513056	200643	Bacteria;Bacteroidetes;Bacteroidia;NA;NA;NA;NA;
/home/glbrc.org/echiang3/Saline_MetaG/kaiju/all_shortreads/S-P12.kaiju.output	0.647749	215275	203494	Bacteria;Verrucomicrobia;Verrucomicrobiae;NA;NA;NA;NA;
/home/glbrc.org/echiang3/Saline_MetaG/kaiju/all_shortreads/S-P12.kaiju.output	0.323455	107498	28221	Bacteria;Proteobacteria;Deltaproteobacteria;NA;NA;NA;NA;
/home/glbrc.org/echiang3/Saline_MetaG/kaiju/all_shortreads/S-P12.kaiju.output	0.308780	102621	91061	Bacteria;Firmicutes;Bacilli;NA;NA;NA;NA;
/home/glbrc.org/echiang3/Saline_MetaG/kaiju/all_shortreads/S-P12.kaiju.output	0.259753	86327	28211	Bacteria;Proteobacteria;Alphaproteobacteria;NA;NA;NA;NA;
/home/glbrc.org/echiang3/Saline_MetaG/kaiju/all_shortreads/S-P12.kaiju.output	0.202637	67345	117743	Bacteria;Bacteroidetes;Flavobacteriia;NA;NA;NA;NA;
/home/glbrc.org/echiang3/Saline_MetaG/kaiju/all_shortreads/S-P12.kaiju.output	0.135796	45131	526524	Bacteria;Firmicutes;Erysipelotrichia;NA;NA;NA;NA;
/home/glbrc.org/echiang3/Saline_MetaG/kaiju/all_shortreads/S-P12.kaiju.output	0.134701	44767	1236	Bacteria;Proteobacteria;Gammaproteobacteria;NA;NA;NA;NA;
/home/glbrc.org/echiang3/Saline_MetaG/kaiju/all_shortreads/S-P12.kaiju.output	0.116984	38879	909932	Bacteria;Firmicutes;Negativicutes;NA;NA;NA;NA;
/home/glbrc.org/echiang3/Saline_MetaG/kaiju/all_shortreads/S-P12.kaiju.output	0.104497	34729	84998	Bacteria;Actinobacteria;Coriobacteriia;NA;NA;NA;NA;
/home/glbrc.org/echiang3/Saline_MetaG/kaiju/all_shortreads/S-P12.kaiju.output	0.062673	20829	1760	Bacteria;Actinobacteria;Actinobacteria;NA;NA;NA;NA;
/home/glbrc.org/echiang3/Saline_MetaG/kaiju/all_shortreads/S-P12.kaiju.output	0.052334	17393	203692	Bacteria;Spirochaetes;Spirochaetia;NA;NA;NA;NA;
/home/glbrc.org/echiang3/Saline_MetaG/kaiju/all_shortreads/S-P12.kaiju.output	0.048606	16154	31969	Bacteria;Tenericutes;Mollicutes;NA;NA;NA;NA;
/home/glbrc.org/echiang3/Saline_MetaG/kaiju/all_shortreads/S-P12.kaiju.output	0.046729	15530	768503	Bacteria;Bacteroidetes;Cytophagia;NA;NA;NA;NA;
/home/glbrc.org/echiang3/Saline_MetaG/kaiju/all_shortreads/S-P12.kaiju.output	0.034425	11441	117747	Bacteria;Bacteroidetes;Sphingobacteriia;NA;NA;NA;NA;
/home/glbrc.org/echiang3/Saline_MetaG/kaiju/all_shortreads/S-P12.kaiju.output	0.033008	10970	1737404	Bacteria;Firmicutes;Tissierellia;NA;NA;NA;NA;
/home/glbrc.org/echiang3/Saline_MetaG/kaiju/all_shortreads/S-P12.kaiju.output	0.029006	9640	28216	Bacteria;Proteobacteria;Betaproteobacteria;NA;NA;NA;NA;
/home/glbrc.org/echiang3/Saline_MetaG/kaiju/all_shortreads/S-P12.kaiju.output	0.023963	7964	1853228	Bacteria;Bacteroidetes;Chitinophagia;NA;NA;NA;NA;
/home/glbrc.org/echiang3/Saline_MetaG/kaiju/all_shortreads/S-P12.kaiju.output	0.023455	7795	203490	Bacteria;Fusobacteria;Fusobacteriia;NA;NA;NA;NA;
/home/glbrc.org/echiang3/Saline_MetaG/kaiju/all_shortreads/S-P12.kaiju.output	0.020593	6844	204430	Bacteria;Fibrobacteres;Fibrobacteria;NA;NA;NA;NA;
/home/glbrc.org/echiang3/Saline_MetaG/kaiju/all_shortreads/S-P12.kaiju.output	0.016366	5439	649775	Bacteria;Synergistetes;Synergistia;NA;NA;NA;NA;
/home/glbrc.org/echiang3/Saline_MetaG/kaiju/all_shortreads/S-P12.kaiju.output	0.011572	3846	29547	Bacteria;Proteobacteria;Epsilonproteobacteria;NA;NA;NA;NA;
/home/glbrc.org/echiang3/Saline_MetaG/kaiju/all_shortreads/S-P12.kaiju.output	0.010489	3486	292625	Bacteria;Chloroflexi;Anaerolineae;NA;NA;NA;NA;
/home/glbrc.org/echiang3/Saline_MetaG/kaiju/all_shortreads/S-P12.kaiju.output	0.004598	1528	224756	Archaea;Euryarchaeota;Methanomicrobia;NA;NA;NA;NA;
/home/glbrc.org/echiang3/Saline_MetaG/kaiju/all_shortreads/S-P12.kaiju.output	0.004273	1420	204429	Bacteria;Chlamydiae;Chlamydiia;NA;NA;NA;NA;
/home/glbrc.org/echiang3/Saline_MetaG/kaiju/all_shortreads/S-P12.kaiju.output	0.003638	1209	451455	Eukaryota;Chytridiomycota;Neocallimastigomycetes;NA;NA;NA;NA;
/home/glbrc.org/echiang3/Saline_MetaG/kaiju/all_shortreads/S-P12.kaiju.output	0.003542	1177	183967	Archaea;Euryarchaeota;Thermoplasmata;NA;NA;NA;NA;
/home/glbrc.org/echiang3/Saline_MetaG/kaiju/all_shortreads/S-P12.kaiju.output	0.003439	1143	1937959	Bacteria;Bacteroidetes;Saprospiria;NA;NA;NA;NA;
/home/glbrc.org/echiang3/Saline_MetaG/kaiju/all_shortreads/S-P12.kaiju.output	0.003376	1122	414999	Bacteria;Verrucomicrobia;Opitutae;NA;NA;NA;NA;
/home/glbrc.org/echiang3/Saline_MetaG/kaiju/all_shortreads/S-P12.kaiju.output	0.002922	971	188708	Bacteria;Thermotogae;Thermotogae;NA;NA;NA;NA;
/home/glbrc.org/echiang3/Saline_MetaG/kaiju/all_shortreads/S-P12.kaiju.output	0.002726	906	795747	Bacteria;Ignavibacteriae;Ignavibacteria;NA;NA;NA;NA;
/home/glbrc.org/echiang3/Saline_MetaG/kaiju/all_shortreads/S-P12.kaiju.output	0.002506	833	301297	Bacteria;Chloroflexi;Dehalococcoidia;NA;NA;NA;NA;
/home/glbrc.org/echiang3/Saline_MetaG/kaiju/all_shortreads/S-P12.kaiju.output	0.002347	780	203683	Bacteria;Planctomycetes;Planctomycetia;NA;NA;NA;NA;
/home/glbrc.org/echiang3/Saline_MetaG/kaiju/all_shortreads/S-P12.kaiju.output	0.002181	725	203693	Bacteria;Nitrospirae;Nitrospira;NA;NA;NA;NA;
/home/glbrc.org/echiang3/Saline_MetaG/kaiju/all_shortreads/S-P12.kaiju.output	0.002154	716	183925	Archaea;Euryarchaeota;Methanobacteria;NA;NA;NA;NA;
/home/glbrc.org/echiang3/Saline_MetaG/kaiju/all_shortreads/S-P12.kaiju.output	0.001685	560	188787	Bacteria;Deinococcus-Thermus;Deinococci;NA;NA;NA;NA;
/home/glbrc.org/echiang3/Saline_MetaG/kaiju/all_shortreads/S-P12.kaiju.output	0.001631	542	191410	Bacteria;Chlorobi;Chlorobia;NA;NA;NA;NA;
/home/glbrc.org/echiang3/Saline_MetaG/kaiju/all_shortreads/S-P12.kaiju.output	0.001504	500	214506	Eukaryota;Mucoromycota;Glomeromycetes;NA;NA;NA;NA;
/home/glbrc.org/echiang3/Saline_MetaG/kaiju/all_shortreads/S-P12.kaiju.output	0.001429	475	147548	Eukaryota;Ascomycota;Leotiomycetes;NA;NA;NA;NA;
/home/glbrc.org/echiang3/Saline_MetaG/kaiju/all_shortreads/S-P12.kaiju.output	0.001366	454	1553900	Bacteria;Proteobacteria;Oligoflexia;NA;NA;NA;NA;
/home/glbrc.org/echiang3/Saline_MetaG/kaiju/all_shortreads/S-P12.kaiju.output	0.001327	441	422676	Eukaryota;Apicomplexa;Aconoidasida;NA;NA;NA;NA;
/home/glbrc.org/echiang3/Saline_MetaG/kaiju/all_shortreads/S-P12.kaiju.output	0.001318	438	1313211	Bacteria;Lentisphaerae;Lentisphaeria;NA;NA;NA;NA;
/home/glbrc.org/echiang3/Saline_MetaG/kaiju/all_shortreads/S-P12.kaiju.output	0.001309	435	4762	Eukaryota;NA;Oomycota;NA;NA;NA;NA;
/home/glbrc.org/echiang3/Saline_MetaG/kaiju/all_shortreads/S-P12.kaiju.output	0.001285	427	75966	Eukaryota;Chlorophyta;Trebouxiophyceae;NA;NA;NA;NA;
/home/glbrc.org/echiang3/Saline_MetaG/kaiju/all_shortreads/S-P12.kaiju.output	0.001183	393	68337	Bacteria;Deferribacteres;Deferribacteres;NA;NA;NA;NA;
/home/glbrc.org/echiang3/Saline_MetaG/kaiju/all_shortreads/S-P12.kaiju.output	0.001140	379	204432	Bacteria;Acidobacteria;Acidobacteriia;NA;NA;NA;NA;
/home/glbrc.org/echiang3/Saline_MetaG/kaiju/all_shortreads/S-P12.kaiju.output	0.001077	358	155619	Eukaryota;Basidiomycota;Agaricomycetes;NA;NA;NA;NA;
/home/glbrc.org/echiang3/Saline_MetaG/kaiju/all_shortreads/S-P12.kaiju.output	0.001002	333	1280412	Eukaryota;Apicomplexa;Conoidasida;NA;NA;NA;NA;
/home/glbrc.org/echiang3/Saline_MetaG/kaiju/all_shortreads/S-P12.kaiju.output	0.000939	312	187857	Bacteria;Aquificae;Aquificae;NA;NA;NA;NA;
/home/glbrc.org/echiang3/Saline_MetaG/kaiju/all_shortreads/S-P12.kaiju.output	0.000939	312	2517206	Bacteria;Planctomycetes;Candidatus Brocadiae;NA;NA;NA;NA;
/home/glbrc.org/echiang3/Saline_MetaG/kaiju/all_shortreads/S-P12.kaiju.output	0.000936	311	388447	Bacteria;Chloroflexi;Ktedonobacteria;NA;NA;NA;NA;
/home/glbrc.org/echiang3/Saline_MetaG/kaiju/all_shortreads/S-P12.kaiju.output	0.000933	310	2212703	Eukaryota;Mucoromycota;Mucoromycetes;NA;NA;NA;NA;
/home/glbrc.org/echiang3/Saline_MetaG/kaiju/all_shortreads/S-P12.kaiju.output	0.000927	308	1921781	Bacteria;Kiritimatiellaeota;Kiritimatiellae;NA;NA;NA;NA;
/home/glbrc.org/echiang3/Saline_MetaG/kaiju/all_shortreads/S-P12.kaiju.output	0.000912	303	2830	Eukaryota;Haptista;Haptophyta;NA;NA;NA;NA;
/home/glbrc.org/echiang3/Saline_MetaG/kaiju/all_shortreads/S-P12.kaiju.output	0.000876	291	4891	Eukaryota;Ascomycota;Saccharomycetes;NA;NA;NA;NA;
/home/glbrc.org/echiang3/Saline_MetaG/kaiju/all_shortreads/S-P12.kaiju.output	0.000873	290	33829	Eukaryota;Ciliophora;Spirotrichea;NA;NA;NA;NA;
/home/glbrc.org/echiang3/Saline_MetaG/kaiju/all_shortreads/S-P12.kaiju.output	0.000858	285	580370	Bacteria;Proteobacteria;Zetaproteobacteria;NA;NA;NA;NA;
/home/glbrc.org/echiang3/Saline_MetaG/kaiju/all_shortreads/S-P12.kaiju.output	0.000846	281	1853221	Bacteria;Balneolaeota;Balneolia;NA;NA;NA;NA;
/home/glbrc.org/echiang3/Saline_MetaG/kaiju/all_shortreads/S-P12.kaiju.output	0.000843	280	219685	Bacteria;Gemmatimonadetes;Gemmatimonadetes;NA;NA;NA;NA;
/home/glbrc.org/echiang3/Saline_MetaG/kaiju/all_shortreads/S-P12.kaiju.output	0.000836	278	183963	Archaea;Euryarchaeota;Halobacteria;NA;NA;NA;NA;
/home/glbrc.org/echiang3/Saline_MetaG/kaiju/all_shortreads/S-P12.kaiju.output	0.000797	265	147545	Eukaryota;Ascomycota;Eurotiomycetes;NA;NA;NA;NA;
/home/glbrc.org/echiang3/Saline_MetaG/kaiju/all_shortreads/S-P12.kaiju.output	0.000734	244	5653	Eukaryota;Euglenozoa;Kinetoplastea;NA;NA;NA;NA;
/home/glbrc.org/echiang3/Saline_MetaG/kaiju/all_shortreads/S-P12.kaiju.output	0.000731	243	147541	Eukaryota;Ascomycota;Dothideomycetes;NA;NA;NA;NA;
/home/glbrc.org/echiang3/Saline_MetaG/kaiju/all_shortreads/S-P12.kaiju.output	0.000725	241	147550	Eukaryota;Ascomycota;Sordariomycetes;NA;NA;NA;NA;
/home/glbrc.org/echiang3/Saline_MetaG/kaiju/all_shortreads/S-P12.kaiju.output	0.000683	227	641853	Bacteria;Elusimicrobia;Elusimicrobia;NA;NA;NA;NA;
/home/glbrc.org/echiang3/Saline_MetaG/kaiju/all_shortreads/S-P12.kaiju.output	0.000641	213	32061	Bacteria;Chloroflexi;Chloroflexia;NA;NA;NA;NA;
/home/glbrc.org/echiang3/Saline_MetaG/kaiju/all_shortreads/S-P12.kaiju.output	0.000623	207	67799	Bacteria;Thermodesulfobacteria;Thermodesulfobacteria;NA;NA;NA;NA;
/home/glbrc.org/echiang3/Saline_MetaG/kaiju/all_shortreads/S-P12.kaiju.output	0.000578	192	1962850	Bacteria;Calditrichaeota;Calditrichae;NA;NA;NA;NA;
/home/glbrc.org/echiang3/Saline_MetaG/kaiju/all_shortreads/S-P12.kaiju.output	0.000554	184	451435	Eukaryota;Chytridiomycota;Chytridiomycetes;NA;NA;NA;NA;
/home/glbrc.org/echiang3/Saline_MetaG/kaiju/all_shortreads/S-P12.kaiju.output	0.000551	183	142796	Eukaryota;Evosea;Eumycetozoa;NA;NA;NA;NA;
/home/glbrc.org/echiang3/Saline_MetaG/kaiju/all_shortreads/S-P12.kaiju.output	0.000548	182	3166	Eukaryota;Chlorophyta;Chlorophyceae;NA;NA;NA;NA;
/home/glbrc.org/echiang3/Saline_MetaG/kaiju/all_shortreads/S-P12.kaiju.output	0.000536	178	447830	Bacteria;Elusimicrobia;Endomicrobia;NA;NA;NA;NA;
/home/glbrc.org/echiang3/Saline_MetaG/kaiju/all_shortreads/S-P12.kaiju.output	0.000530	176	2797	Eukaryota;Rhodophyta;Bangiophyceae;NA;NA;NA;NA;
/home/glbrc.org/echiang3/Saline_MetaG/kaiju/all_shortreads/S-P12.kaiju.output	0.000518	172	2683628	Eukaryota;NA;Bigyra;NA;NA;NA;NA;
/home/glbrc.org/echiang3/Saline_MetaG/kaiju/all_shortreads/S-P12.kaiju.output	0.000502	167	203486	Bacteria;Dictyoglomi;Dictyoglomia;NA;NA;NA;NA;
/home/glbrc.org/echiang3/Saline_MetaG/kaiju/all_shortreads/S-P12.kaiju.output	0.000472	157	666505	Bacteria;Planctomycetes;Phycisphaerae;NA;NA;NA;NA;
/home/glbrc.org/echiang3/Saline_MetaG/kaiju/all_shortreads/S-P12.kaiju.output	0.000424	141	84992	Bacteria;Actinobacteria;Acidimicrobiia;NA;NA;NA;NA;
/home/glbrc.org/echiang3/Saline_MetaG/kaiju/all_shortreads/S-P12.kaiju.output	0.000364	121	1035538	Eukaryota;Chlorophyta;Mamiellophyceae;NA;NA;NA;NA;
/home/glbrc.org/echiang3/Saline_MetaG/kaiju/all_shortreads/S-P12.kaiju.output	0.000340	113	2364196	Bacteria;Chloroflexi;Candidatus Thermofonsia;NA;NA;NA;NA;
/home/glbrc.org/echiang3/Saline_MetaG/kaiju/all_shortreads/S-P12.kaiju.output	0.000334	111	118001	Bacteria;Chrysiogenetes;Chrysiogenetes;NA;NA;NA;NA;
/home/glbrc.org/echiang3/Saline_MetaG/kaiju/all_shortreads/S-P12.kaiju.output	0.000322	107	1807140	Bacteria;Proteobacteria;Acidithiobacillia;NA;NA;NA;NA;
/home/glbrc.org/echiang3/Saline_MetaG/kaiju/all_shortreads/S-P12.kaiju.output	0.000313	104	2806	Eukaryota;Rhodophyta;Florideophyceae;NA;NA;NA;NA;
/home/glbrc.org/echiang3/Saline_MetaG/kaiju/all_shortreads/S-P12.kaiju.output	0.000304	101	2864	Eukaryota;NA;Dinophyceae;NA;NA;NA;NA;
/home/glbrc.org/echiang3/Saline_MetaG/kaiju/all_shortreads/S-P12.kaiju.output	0.000292	97	28009	Eukaryota;NA;Choanoflagellata;NA;NA;NA;NA;
/home/glbrc.org/echiang3/Saline_MetaG/kaiju/all_shortreads/S-P12.kaiju.output	0.000283	94	6020	Eukaryota;Ciliophora;Oligohymenophorea;NA;NA;NA;NA;
/home/glbrc.org/echiang3/Saline_MetaG/kaiju/all_shortreads/S-P12.kaiju.output	0.000283	94	2498706	Bacteria;Candidatus Cryosericota;Candidatus Cryosericia;NA;NA;NA;NA;
/home/glbrc.org/echiang3/Saline_MetaG/kaiju/all_shortreads/S-P12.kaiju.output	0.000283	94	2507542	Bacteria;Candidatus Margulisbacteria;Candidatus Termititenacia;NA;NA;NA;NA;
/home/glbrc.org/echiang3/Saline_MetaG/kaiju/all_shortreads/S-P12.kaiju.output	0.000280	93	183968	Archaea;Euryarchaeota;Thermococci;NA;NA;NA;NA;
/home/glbrc.org/echiang3/Saline_MetaG/kaiju/all_shortreads/S-P12.kaiju.output	0.000271	90	908620	Bacteria;Actinobacteria;Nitriliruptoria;NA;NA;NA;NA;
/home/glbrc.org/echiang3/Saline_MetaG/kaiju/all_shortreads/S-P12.kaiju.output	0.000256	85	447827	Bacteria;Candidatus Margulisbacteria;Candidatus Marinamargulisbacteria;NA;NA;NA;NA;
/home/glbrc.org/echiang3/Saline_MetaG/kaiju/all_shortreads/S-P12.kaiju.output	0.000256	85	475962	Bacteria;Chloroflexi;Caldilineae;NA;NA;NA;NA;
/home/glbrc.org/echiang3/Saline_MetaG/kaiju/all_shortreads/S-P12.kaiju.output	0.000250	83	33849	Eukaryota;Bacillariophyta;Bacillariophyceae;NA;NA;NA;NA;
/home/glbrc.org/echiang3/Saline_MetaG/kaiju/all_shortreads/S-P12.kaiju.output	0.000238	79	307596	Bacteria;Cyanobacteria;Gloeobacteria;NA;NA;NA;NA;
/home/glbrc.org/echiang3/Saline_MetaG/kaiju/all_shortreads/S-P12.kaiju.output	0.000232	77	33836	Eukaryota;Bacillariophyta;Coscinodiscophyceae;NA;NA;NA;NA;
/home/glbrc.org/echiang3/Saline_MetaG/kaiju/all_shortreads/S-P12.kaiju.output	0.000229	76	1801911	Bacteria;Candidatus Peregrinibacteria;Candidatus Peribacteria;NA;NA;NA;NA;
/home/glbrc.org/echiang3/Saline_MetaG/kaiju/all_shortreads/S-P12.kaiju.output	0.000226	75	3027	Eukaryota;NA;Cryptophyceae;NA;NA;NA;NA;
/home/glbrc.org/echiang3/Saline_MetaG/kaiju/all_shortreads/S-P12.kaiju.output	0.000223	74	183939	Archaea;Euryarchaeota;Methanococci;NA;NA;NA;NA;
/home/glbrc.org/echiang3/Saline_MetaG/kaiju/all_shortreads/S-P12.kaiju.output	0.000217	72	1497346	Bacteria;Actinobacteria;Thermoleophilia;NA;NA;NA;NA;
/home/glbrc.org/echiang3/Saline_MetaG/kaiju/all_shortreads/S-P12.kaiju.output	0.000217	72	2008785	Bacteria;Proteobacteria;Hydrogenophilalia;NA;NA;NA;NA;
/home/glbrc.org/echiang3/Saline_MetaG/kaiju/all_shortreads/S-P12.kaiju.output	0.000208	69	84995	Bacteria;Actinobacteria;Rubrobacteria;NA;NA;NA;NA;
/home/glbrc.org/echiang3/Saline_MetaG/kaiju/all_shortreads/S-P12.kaiju.output	0.000208	69	189775	Bacteria;Chloroflexi;Thermomicrobia;NA;NA;NA;NA;
/home/glbrc.org/echiang3/Saline_MetaG/kaiju/all_shortreads/S-P12.kaiju.output	0.000199	66	183924	Archaea;Crenarchaeota;Thermoprotei;NA;NA;NA;NA;
/home/glbrc.org/echiang3/Saline_MetaG/kaiju/all_shortreads/S-P12.kaiju.output	0.000187	62	2605334	Eukaryota;Evosea;Variosea;NA;NA;NA;NA;
/home/glbrc.org/echiang3/Saline_MetaG/kaiju/all_shortreads/S-P12.kaiju.output	0.000181	60	1705400	Archaea;Euryarchaeota;Candidatus Methanofastidiosa;NA;NA;NA;NA;
/home/glbrc.org/echiang3/Saline_MetaG/kaiju/all_shortreads/S-P12.kaiju.output	0.000178	59	155616	Eukaryota;Basidiomycota;Tremellomycetes;NA;NA;NA;NA;
/home/glbrc.org/echiang3/Saline_MetaG/kaiju/all_shortreads/S-P12.kaiju.output	0.000175	58	1853222	Bacteria;Rhodothermaeota;Rhodothermia;NA;NA;NA;NA;
/home/glbrc.org/echiang3/Saline_MetaG/kaiju/all_shortreads/S-P12.kaiju.output	0.000172	57	533205	Bacteria;Acidobacteria;Holophagae;NA;NA;NA;NA;
/home/glbrc.org/echiang3/Saline_MetaG/kaiju/all_shortreads/S-P12.kaiju.output	0.000172	57	1562566	Bacteria;Acidobacteria;Blastocatellia;NA;NA;NA;NA;
/home/glbrc.org/echiang3/Saline_MetaG/kaiju/all_shortreads/S-P12.kaiju.output	0.000165	55	194287	Eukaryota;Ciliophora;Heterotrichea;NA;NA;NA;NA;
/home/glbrc.org/echiang3/Saline_MetaG/kaiju/all_shortreads/S-P12.kaiju.output	0.000162	54	452283	Eukaryota;Basidiomycota;Exobasidiomycetes;NA;NA;NA;NA;
/home/glbrc.org/echiang3/Saline_MetaG/kaiju/all_shortreads/S-P12.kaiju.output	0.000162	54	1860136	Bacteria;Fibrobacteres;Chitinispirillia;NA;NA;NA;NA;
/home/glbrc.org/echiang3/Saline_MetaG/kaiju/all_shortreads/S-P12.kaiju.output	0.000150	50	1955630	Bacteria;Verrucomicrobia;Methylacidiphilae;NA;NA;NA;NA;
/home/glbrc.org/echiang3/Saline_MetaG/kaiju/all_shortreads/S-P12.kaiju.output	0.000144	48	162484	Eukaryota;Basidiomycota;Pucciniomycetes;NA;NA;NA;NA;
/home/glbrc.org/echiang3/Saline_MetaG/kaiju/all_shortreads/S-P12.kaiju.output	0.000135	45	1293498	Bacteria;Nitrospinae;Nitrospinia;NA;NA;NA;NA;
/home/glbrc.org/echiang3/Saline_MetaG/kaiju/all_shortreads/S-P12.kaiju.output	0.000132	44	2219693	Eukaryota;Zoopagomycota;Harpellomycetes;NA;NA;NA;NA;
/home/glbrc.org/echiang3/Saline_MetaG/kaiju/all_shortreads/S-P12.kaiju.output	0.000120	40	38254	Eukaryota;NA;Glaucocystophyceae;NA;NA;NA;NA;
/home/glbrc.org/echiang3/Saline_MetaG/kaiju/all_shortreads/S-P12.kaiju.output	0.000117	39	2211268	Bacteria;Candidatus Margulisbacteria;Candidatus Riflemargulisbacteria;NA;NA;NA;NA;
/home/glbrc.org/echiang3/Saline_MetaG/kaiju/all_shortreads/S-P12.kaiju.output	0.000114	38	1382928	Bacteria;Chloroflexi;Ardenticatenia;NA;NA;NA;NA;
/home/glbrc.org/echiang3/Saline_MetaG/kaiju/all_shortreads/S-P12.kaiju.output	0.000114	38	2138243	Bacteria;Coprothermobacterota;Coprothermobacteria;NA;NA;NA;NA;
/home/glbrc.org/echiang3/Saline_MetaG/kaiju/all_shortreads/S-P12.kaiju.output	0.000111	37	451460	Eukaryota;Blastocladiomycota;Blastocladiomycetes;NA;NA;NA;NA;
/home/glbrc.org/echiang3/Saline_MetaG/kaiju/all_shortreads/S-P12.kaiju.output	0.000108	36	162481	Eukaryota;Basidiomycota;Microbotryomycetes;NA;NA;NA;NA;
/home/glbrc.org/echiang3/Saline_MetaG/kaiju/all_shortreads/S-P12.kaiju.output	0.000105	35	2233521	Eukaryota;Zoopagomycota;Zoopagomycetes;NA;NA;NA;NA;
/home/glbrc.org/echiang3/Saline_MetaG/kaiju/all_shortreads/S-P12.kaiju.output	0.000099	33	693071	Bacteria;Caldiserica;Caldisericia;NA;NA;NA;NA;
/home/glbrc.org/echiang3/Saline_MetaG/kaiju/all_shortreads/S-P12.kaiju.output	0.000099	33	1538075	Eukaryota;Basidiomycota;Malasseziomycetes;NA;NA;NA;NA;
/home/glbrc.org/echiang3/Saline_MetaG/kaiju/all_shortreads/S-P12.kaiju.output	0.000099	33	2302911	Eukaryota;Chlorophyta;Chloropicophyceae;NA;NA;NA;NA;
/home/glbrc.org/echiang3/Saline_MetaG/kaiju/all_shortreads/S-P12.kaiju.output	0.000096	32	2870	Eukaryota;NA;Phaeophyceae;NA;NA;NA;NA;
/home/glbrc.org/echiang3/Saline_MetaG/kaiju/all_shortreads/S-P12.kaiju.output	0.000096	32	1399768	Eukaryota;Zoopagomycota;Basidiobolomycetes;NA;NA;NA;NA;
/home/glbrc.org/echiang3/Saline_MetaG/kaiju/all_shortreads/S-P12.kaiju.output	0.000084	28	134549	Bacteria;Verrucomicrobia;Spartobacteria;NA;NA;NA;NA;
/home/glbrc.org/echiang3/Saline_MetaG/kaiju/all_shortreads/S-P12.kaiju.output	0.000081	27	147549	Eukaryota;Ascomycota;Pezizomycetes;NA;NA;NA;NA;
/home/glbrc.org/echiang3/Saline_MetaG/kaiju/all_shortreads/S-P12.kaiju.output	0.000081	27	452332	Eukaryota;Basidiomycota;Dacrymycetes;NA;NA;NA;NA;
/home/glbrc.org/echiang3/Saline_MetaG/kaiju/all_shortreads/S-P12.kaiju.output	0.000075	25	1813735	Bacteria;Acidobacteria;Vicinamibacteria;NA;NA;NA;NA;
/home/glbrc.org/echiang3/Saline_MetaG/kaiju/all_shortreads/S-P12.kaiju.output	0.000072	24	5257	Eukaryota;Basidiomycota;Ustilaginomycetes;NA;NA;NA;NA;
/home/glbrc.org/echiang3/Saline_MetaG/kaiju/all_shortreads/S-P12.kaiju.output	0.000072	24	35675	Eukaryota;NA;Pelagophyceae;NA;NA;NA;NA;
/home/glbrc.org/echiang3/Saline_MetaG/kaiju/all_shortreads/S-P12.kaiju.output	0.000069	23	1676648	Bacteria;Firmicutes;Limnochordia;NA;NA;NA;NA;
/home/glbrc.org/echiang3/Saline_MetaG/kaiju/all_shortreads/S-P12.kaiju.output	0.000069	23	1817794	Bacteria;Proteobacteria;Candidatus Lambdaproteobacteria;NA;NA;NA;NA;
/home/glbrc.org/echiang3/Saline_MetaG/kaiju/all_shortreads/S-P12.kaiju.output	0.000069	23	2419830	Bacteria;Candidatus Riflebacteria;Candidatus Ozemobacteria;NA;NA;NA;NA;
/home/glbrc.org/echiang3/Saline_MetaG/kaiju/all_shortreads/S-P12.kaiju.output	0.000066	22	1495646	Bacteria;Chloroflexi;Thermoflexia;NA;NA;NA;NA;
/home/glbrc.org/echiang3/Saline_MetaG/kaiju/all_shortreads/S-P12.kaiju.output	0.000066	22	1980645	Archaea;Euryarchaeota;Theionarchaea;NA;NA;NA;NA;
/home/glbrc.org/echiang3/Saline_MetaG/kaiju/all_shortreads/S-P12.kaiju.output	0.000063	21	2682225	Bacteria;Chloroflexi;Tepidiformia;NA;NA;NA;NA;
/home/glbrc.org/echiang3/Saline_MetaG/kaiju/all_shortreads/S-P12.kaiju.output	0.000060	20	2212732	Eukaryota;Mucoromycota;Mortierellomycetes;NA;NA;NA;NA;
/home/glbrc.org/echiang3/Saline_MetaG/kaiju/all_shortreads/S-P12.kaiju.output	0.000054	18	5747	Eukaryota;NA;Eustigmatophyceae;NA;NA;NA;NA;
/home/glbrc.org/echiang3/Saline_MetaG/kaiju/all_shortreads/S-P12.kaiju.output	0.000054	18	183980	Archaea;Euryarchaeota;Archaeoglobi;NA;NA;NA;NA;
/home/glbrc.org/echiang3/Saline_MetaG/kaiju/all_shortreads/S-P12.kaiju.output	0.000054	18	2219690	Eukaryota;Zoopagomycota;Kickxellomycetes;NA;NA;NA;NA;
/home/glbrc.org/echiang3/Saline_MetaG/kaiju/all_shortreads/S-P12.kaiju.output	0.000051	17	1042312	Bacteria;Armatimonadetes;Armatimonadia;NA;NA;NA;NA;
/home/glbrc.org/echiang3/Saline_MetaG/kaiju/all_shortreads/S-P12.kaiju.output	0.000051	17	1562571	Bacteria;Acidobacteria;Thermoanaerobaculia;NA;NA;NA;NA;
/home/glbrc.org/echiang3/Saline_MetaG/kaiju/all_shortreads/S-P12.kaiju.output	0.000051	17	2212702	Eukaryota;Mucoromycota;Endogonomycetes;NA;NA;NA;NA;
/home/glbrc.org/echiang3/Saline_MetaG/kaiju/all_shortreads/S-P12.kaiju.output	0.000048	16	431957	Eukaryota;Basidiomycota;Wallemiomycetes;NA;NA;NA;NA;
/home/glbrc.org/echiang3/Saline_MetaG/kaiju/all_shortreads/S-P12.kaiju.output	0.000048	16	2219692	Eukaryota;Zoopagomycota;Dimargaritomycetes;NA;NA;NA;NA;
/home/glbrc.org/echiang3/Saline_MetaG/kaiju/all_shortreads/S-P12.kaiju.output	0.000045	15	33103	Eukaryota;Chlorophyta;Ulvophyceae;NA;NA;NA;NA;
/home/glbrc.org/echiang3/Saline_MetaG/kaiju/all_shortreads/S-P12.kaiju.output	0.000045	15	147553	Eukaryota;Ascomycota;Pneumocystidomycetes;NA;NA;NA;NA;
/home/glbrc.org/echiang3/Saline_MetaG/kaiju/all_shortreads/S-P12.kaiju.output	0.000045	15	451454	Eukaryota;Chytridiomycota;Monoblepharidomycetes;NA;NA;NA;NA;
/home/glbrc.org/echiang3/Saline_MetaG/kaiju/all_shortreads/S-P12.kaiju.output	0.000045	15	2545688	Archaea;Euryarchaeota;Candidatus Methanoliparia;NA;NA;NA;NA;
/home/glbrc.org/echiang3/Saline_MetaG/kaiju/all_shortreads/S-P12.kaiju.output	0.000042	14	1817795	Bacteria;Proteobacteria;Candidatus Muproteobacteria;NA;NA;NA;NA;
/home/glbrc.org/echiang3/Saline_MetaG/kaiju/all_shortreads/S-P12.kaiju.output	0.000042	14	2109259	Bacteria;Abditibacteriota;Abditibacteria;NA;NA;NA;NA;
/home/glbrc.org/echiang3/Saline_MetaG/kaiju/all_shortreads/S-P12.kaiju.output	0.000042	14	2152896	Bacteria;Candidatus Fermentibacteria;Candidatus Fermentibacteria (class);NA;NA;NA;NA;
/home/glbrc.org/echiang3/Saline_MetaG/kaiju/all_shortreads/S-P12.kaiju.output	0.000039	13	296141	Bacteria;Fibrobacteres;Chitinivibrionia;NA;NA;NA;NA;
/home/glbrc.org/echiang3/Saline_MetaG/kaiju/all_shortreads/S-P12.kaiju.output	0.000039	13	2599185	Archaea;Euryarchaeota;Candidatus Poseidoniia;NA;NA;NA;NA;
/home/glbrc.org/echiang3/Saline_MetaG/kaiju/all_shortreads/S-P12.kaiju.output	0.000036	12	1663419	Bacteria;Armatimonadetes;Fimbriimonadia;NA;NA;NA;NA;
/home/glbrc.org/echiang3/Saline_MetaG/kaiju/all_shortreads/S-P12.kaiju.output	0.000033	11	189478	Eukaryota;Ascomycota;Orbiliomycetes;NA;NA;NA;NA;
/home/glbrc.org/echiang3/Saline_MetaG/kaiju/all_shortreads/S-P12.kaiju.output	0.000033	11	1399770	Eukaryota;Zoopagomycota;Entomophthoromycetes;NA;NA;NA;NA;
/home/glbrc.org/echiang3/Saline_MetaG/kaiju/all_shortreads/S-P12.kaiju.output	0.000033	11	1775750	Archaea;Euryarchaeota;Hadesarchaea;NA;NA;NA;NA;
/home/glbrc.org/echiang3/Saline_MetaG/kaiju/all_shortreads/S-P12.kaiju.output	0.000030	10	147554	Eukaryota;Ascomycota;Schizosaccharomycetes;NA;NA;NA;NA;
/home/glbrc.org/echiang3/Saline_MetaG/kaiju/all_shortreads/S-P12.kaiju.output	0.000030	10	1077257	Bacteria;Armatimonadetes;Chthonomonadetes;NA;NA;NA;NA;
/home/glbrc.org/echiang3/Saline_MetaG/kaiju/all_shortreads/S-P12.kaiju.output	0.000027	9	29197	Eukaryota;Cercozoa;Chlorarachniophyceae;NA;NA;NA;NA;
/home/glbrc.org/echiang3/Saline_MetaG/kaiju/all_shortreads/S-P12.kaiju.output	0.000027	9	65582	Eukaryota;NA;Polycystinea;NA;NA;NA;NA;
/home/glbrc.org/echiang3/Saline_MetaG/kaiju/all_shortreads/S-P12.kaiju.output	0.000027	9	432025	Eukaryota;Basidiomycota;Mixiomycetes;NA;NA;NA;NA;
/home/glbrc.org/echiang3/Saline_MetaG/kaiju/all_shortreads/S-P12.kaiju.output	0.000021	7	2703811	Bacteria;Candidatus Mcinerneyibacteriota;Candidatus Mcinerneyibacteria;NA;NA;NA;NA;
/home/glbrc.org/echiang3/Saline_MetaG/kaiju/all_shortreads/S-P12.kaiju.output	0.000018	6	1217819	Eukaryota;Ascomycota;Xylonomycetes;NA;NA;NA;NA;
/home/glbrc.org/echiang3/Saline_MetaG/kaiju/all_shortreads/S-P12.kaiju.output	0.000015	5	5988	Eukaryota;Ciliophora;Litostomatea;NA;NA;NA;NA;
/home/glbrc.org/echiang3/Saline_MetaG/kaiju/all_shortreads/S-P12.kaiju.output	0.000015	5	147555	Eukaryota;Ascomycota;Taphrinomycetes;NA;NA;NA;NA;
/home/glbrc.org/echiang3/Saline_MetaG/kaiju/all_shortreads/S-P12.kaiju.output	0.000015	5	147556	Eukaryota;Ascomycota;Neolectomycetes;NA;NA;NA;NA;
/home/glbrc.org/echiang3/Saline_MetaG/kaiju/all_shortreads/S-P12.kaiju.output	0.000015	5	2681631	Eukaryota;Tubulinea;Echinamoebida;NA;NA;NA;NA;
/home/glbrc.org/echiang3/Saline_MetaG/kaiju/all_shortreads/S-P12.kaiju.output	0.000012	4	171536	Archaea;Euryarchaeota;Methanonatronarchaeia;NA;NA;NA;NA;
/home/glbrc.org/echiang3/Saline_MetaG/kaiju/all_shortreads/S-P12.kaiju.output	0.000012	4	1524962	Eukaryota;Chlorophyta;Chlorodendrophyceae;NA;NA;NA;NA;
/home/glbrc.org/echiang3/Saline_MetaG/kaiju/all_shortreads/S-P12.kaiju.output	0.000012	4	1643678	Archaea;Thaumarchaeota;Nitrososphaeria;NA;NA;NA;NA;
/home/glbrc.org/echiang3/Saline_MetaG/kaiju/all_shortreads/S-P12.kaiju.output	0.000009	3	2833	Eukaryota;NA;Xanthophyceae;NA;NA;NA;NA;
/home/glbrc.org/echiang3/Saline_MetaG/kaiju/all_shortreads/S-P12.kaiju.output	0.000009	3	35422	Eukaryota;Chlorophyta;Pedinophyceae;NA;NA;NA;NA;
/home/glbrc.org/echiang3/Saline_MetaG/kaiju/all_shortreads/S-P12.kaiju.output	0.000009	3	446134	Eukaryota;Rhodophyta;Stylonematophyceae;NA;NA;NA;NA;
/home/glbrc.org/echiang3/Saline_MetaG/kaiju/all_shortreads/S-P12.kaiju.output	0.000009	3	2681632	Eukaryota;Tubulinea;Elardia;NA;NA;NA;NA;
/home/glbrc.org/echiang3/Saline_MetaG/kaiju/all_shortreads/S-P12.kaiju.output	0.000006	2	3035	Eukaryota;Euglenozoa;Euglenida;NA;NA;NA;NA;
/home/glbrc.org/echiang3/Saline_MetaG/kaiju/all_shortreads/S-P12.kaiju.output	0.000006	2	91989	Eukaryota;NA;Bolidophyceae;NA;NA;NA;NA;
/home/glbrc.org/echiang3/Saline_MetaG/kaiju/all_shortreads/S-P12.kaiju.output	0.000006	2	1075807	Eukaryota;Ascomycota;Archaeorhizomycetes;NA;NA;NA;NA;
/home/glbrc.org/echiang3/Saline_MetaG/kaiju/all_shortreads/S-P12.kaiju.output	0.000006	2	1401294	Eukaryota;NA;Breviatea;NA;NA;NA;NA;
/home/glbrc.org/echiang3/Saline_MetaG/kaiju/all_shortreads/S-P12.kaiju.output	0.000006	2	1871466	Eukaryota;Endomyxa;Ascetosporea;NA;NA;NA;NA;
/home/glbrc.org/echiang3/Saline_MetaG/kaiju/all_shortreads/S-P12.kaiju.output	0.000006	2	2212704	Eukaryota;Mucoromycota;Umbelopsidomycetes;NA;NA;NA;NA;
/home/glbrc.org/echiang3/Saline_MetaG/kaiju/all_shortreads/S-P12.kaiju.output	0.000003	1	2825	Eukaryota;NA;Chrysophyceae;NA;NA;NA;NA;
/home/glbrc.org/echiang3/Saline_MetaG/kaiju/all_shortreads/S-P12.kaiju.output	0.000003	1	65574	Eukaryota;NA;Acantharea;NA;NA;NA;NA;
/home/glbrc.org/echiang3/Saline_MetaG/kaiju/all_shortreads/S-P12.kaiju.output	0.000003	1	658449	Eukaryota;Ciliophora;Armophorea;NA;NA;NA;NA;
/home/glbrc.org/echiang3/Saline_MetaG/kaiju/all_shortreads/S-P12.kaiju.output	0.000003	1	1051663	Archaea;Euryarchaeota;Nanohaloarchaea;NA;NA;NA;NA;
/home/glbrc.org/echiang3/Saline_MetaG/kaiju/all_shortreads/S-P12.kaiju.output	0.000003	1	1242998	Eukaryota;Chlorophyta;Nephroselmidophyceae;NA;NA;NA;NA;
/home/glbrc.org/echiang3/Saline_MetaG/kaiju/all_shortreads/S-P12.kaiju.output	0.000003	1	1485085	Eukaryota;Discosea;Flabellinia;NA;NA;NA;NA;
/home/glbrc.org/echiang3/Saline_MetaG/kaiju/all_shortreads/S-P12.kaiju.output	0.000003	1	2201463	Eukaryota;Chlorophyta;Palmophyllophyceae;NA;NA;NA;NA;
/home/glbrc.org/echiang3/Saline_MetaG/kaiju/all_shortreads/S-P12.kaiju.output	0.000003	1	2497643	Bacteria;NA;Candidatus Babeliae;NA;NA;NA;NA;
/home/glbrc.org/echiang3/Saline_MetaG/kaiju/all_shortreads/S-P12.kaiju.output	0.000003	1	2692249	Eukaryota;Chlorophyta;Picocystophyceae;NA;NA;NA;NA;
/home/glbrc.org/echiang3/Saline_MetaG/kaiju/all_shortreads/S-P12.kaiju.output	0.000003	1	2704063	Eukaryota;Chlorophyta;Pyramimonadophyceae;NA;NA;NA;NA;
/home/glbrc.org/echiang3/Saline_MetaG/kaiju/all_shortreads/S-P12.kaiju.output	0.007709	2562	10239	Viruses
/home/glbrc.org/echiang3/Saline_MetaG/kaiju/all_shortreads/S-P12.kaiju.output	9.198306	3056995	NA	cannot be assigned to a (non-viral) class
/home/glbrc.org/echiang3/Saline_MetaG/kaiju/all_shortreads/S-P12.kaiju.output	56.537789	18789953	NA	unclassified
