file	percent	reads	taxon_id	taxon_name
/home/glbrc.org/echiang3/Saline_MetaG/kaiju/all_shortreads/S-S05.kaiju.output	19.956665	12490767	186801	Bacteria;Firmicutes;Clostridia;NA;NA;NA;NA;
/home/glbrc.org/echiang3/Saline_MetaG/kaiju/all_shortreads/S-S05.kaiju.output	9.219398	5770371	200643	Bacteria;Bacteroidetes;Bacteroidia;NA;NA;NA;NA;
/home/glbrc.org/echiang3/Saline_MetaG/kaiju/all_shortreads/S-S05.kaiju.output	1.329682	832241	91061	Bacteria;Firmicutes;Bacilli;NA;NA;NA;NA;
/home/glbrc.org/echiang3/Saline_MetaG/kaiju/all_shortreads/S-S05.kaiju.output	0.733378	459017	203494	Bacteria;Verrucomicrobia;Verrucomicrobiae;NA;NA;NA;NA;
/home/glbrc.org/echiang3/Saline_MetaG/kaiju/all_shortreads/S-S05.kaiju.output	0.176990	110777	526524	Bacteria;Firmicutes;Erysipelotrichia;NA;NA;NA;NA;
/home/glbrc.org/echiang3/Saline_MetaG/kaiju/all_shortreads/S-S05.kaiju.output	0.129926	81320	1236	Bacteria;Proteobacteria;Gammaproteobacteria;NA;NA;NA;NA;
/home/glbrc.org/echiang3/Saline_MetaG/kaiju/all_shortreads/S-S05.kaiju.output	0.121346	75950	84998	Bacteria;Actinobacteria;Coriobacteriia;NA;NA;NA;NA;
/home/glbrc.org/echiang3/Saline_MetaG/kaiju/all_shortreads/S-S05.kaiju.output	0.106639	66745	909932	Bacteria;Firmicutes;Negativicutes;NA;NA;NA;NA;
/home/glbrc.org/echiang3/Saline_MetaG/kaiju/all_shortreads/S-S05.kaiju.output	0.094078	58883	28211	Bacteria;Proteobacteria;Alphaproteobacteria;NA;NA;NA;NA;
/home/glbrc.org/echiang3/Saline_MetaG/kaiju/all_shortreads/S-S05.kaiju.output	0.088053	55112	28221	Bacteria;Proteobacteria;Deltaproteobacteria;NA;NA;NA;NA;
/home/glbrc.org/echiang3/Saline_MetaG/kaiju/all_shortreads/S-S05.kaiju.output	0.063391	39676	1760	Bacteria;Actinobacteria;Actinobacteria;NA;NA;NA;NA;
/home/glbrc.org/echiang3/Saline_MetaG/kaiju/all_shortreads/S-S05.kaiju.output	0.061371	38412	117743	Bacteria;Bacteroidetes;Flavobacteriia;NA;NA;NA;NA;
/home/glbrc.org/echiang3/Saline_MetaG/kaiju/all_shortreads/S-S05.kaiju.output	0.060418	37815	203692	Bacteria;Spirochaetes;Spirochaetia;NA;NA;NA;NA;
/home/glbrc.org/echiang3/Saline_MetaG/kaiju/all_shortreads/S-S05.kaiju.output	0.054434	34070	31969	Bacteria;Tenericutes;Mollicutes;NA;NA;NA;NA;
/home/glbrc.org/echiang3/Saline_MetaG/kaiju/all_shortreads/S-S05.kaiju.output	0.047089	29473	28216	Bacteria;Proteobacteria;Betaproteobacteria;NA;NA;NA;NA;
/home/glbrc.org/echiang3/Saline_MetaG/kaiju/all_shortreads/S-S05.kaiju.output	0.034666	21697	1737404	Bacteria;Firmicutes;Tissierellia;NA;NA;NA;NA;
/home/glbrc.org/echiang3/Saline_MetaG/kaiju/all_shortreads/S-S05.kaiju.output	0.031740	19866	768503	Bacteria;Bacteroidetes;Cytophagia;NA;NA;NA;NA;
/home/glbrc.org/echiang3/Saline_MetaG/kaiju/all_shortreads/S-S05.kaiju.output	0.028797	18024	203490	Bacteria;Fusobacteria;Fusobacteriia;NA;NA;NA;NA;
/home/glbrc.org/echiang3/Saline_MetaG/kaiju/all_shortreads/S-S05.kaiju.output	0.027799	17399	117747	Bacteria;Bacteroidetes;Sphingobacteriia;NA;NA;NA;NA;
/home/glbrc.org/echiang3/Saline_MetaG/kaiju/all_shortreads/S-S05.kaiju.output	0.020650	12925	29547	Bacteria;Proteobacteria;Epsilonproteobacteria;NA;NA;NA;NA;
/home/glbrc.org/echiang3/Saline_MetaG/kaiju/all_shortreads/S-S05.kaiju.output	0.017556	10988	1853228	Bacteria;Bacteroidetes;Chitinophagia;NA;NA;NA;NA;
/home/glbrc.org/echiang3/Saline_MetaG/kaiju/all_shortreads/S-S05.kaiju.output	0.016667	10432	649775	Bacteria;Synergistetes;Synergistia;NA;NA;NA;NA;
/home/glbrc.org/echiang3/Saline_MetaG/kaiju/all_shortreads/S-S05.kaiju.output	0.015685	9817	204430	Bacteria;Fibrobacteres;Fibrobacteria;NA;NA;NA;NA;
/home/glbrc.org/echiang3/Saline_MetaG/kaiju/all_shortreads/S-S05.kaiju.output	0.013416	8397	292625	Bacteria;Chloroflexi;Anaerolineae;NA;NA;NA;NA;
/home/glbrc.org/echiang3/Saline_MetaG/kaiju/all_shortreads/S-S05.kaiju.output	0.011325	7088	641853	Bacteria;Elusimicrobia;Elusimicrobia;NA;NA;NA;NA;
/home/glbrc.org/echiang3/Saline_MetaG/kaiju/all_shortreads/S-S05.kaiju.output	0.003865	2419	224756	Archaea;Euryarchaeota;Methanomicrobia;NA;NA;NA;NA;
/home/glbrc.org/echiang3/Saline_MetaG/kaiju/all_shortreads/S-S05.kaiju.output	0.003406	2132	204429	Bacteria;Chlamydiae;Chlamydiia;NA;NA;NA;NA;
/home/glbrc.org/echiang3/Saline_MetaG/kaiju/all_shortreads/S-S05.kaiju.output	0.003370	2109	183967	Archaea;Euryarchaeota;Thermoplasmata;NA;NA;NA;NA;
/home/glbrc.org/echiang3/Saline_MetaG/kaiju/all_shortreads/S-S05.kaiju.output	0.003015	1887	451455	Eukaryota;Chytridiomycota;Neocallimastigomycetes;NA;NA;NA;NA;
/home/glbrc.org/echiang3/Saline_MetaG/kaiju/all_shortreads/S-S05.kaiju.output	0.002954	1849	414999	Bacteria;Verrucomicrobia;Opitutae;NA;NA;NA;NA;
/home/glbrc.org/echiang3/Saline_MetaG/kaiju/all_shortreads/S-S05.kaiju.output	0.002874	1799	1937959	Bacteria;Bacteroidetes;Saprospiria;NA;NA;NA;NA;
/home/glbrc.org/echiang3/Saline_MetaG/kaiju/all_shortreads/S-S05.kaiju.output	0.002849	1783	188708	Bacteria;Thermotogae;Thermotogae;NA;NA;NA;NA;
/home/glbrc.org/echiang3/Saline_MetaG/kaiju/all_shortreads/S-S05.kaiju.output	0.002542	1591	183925	Archaea;Euryarchaeota;Methanobacteria;NA;NA;NA;NA;
/home/glbrc.org/echiang3/Saline_MetaG/kaiju/all_shortreads/S-S05.kaiju.output	0.002360	1477	301297	Bacteria;Chloroflexi;Dehalococcoidia;NA;NA;NA;NA;
/home/glbrc.org/echiang3/Saline_MetaG/kaiju/all_shortreads/S-S05.kaiju.output	0.001844	1154	203683	Bacteria;Planctomycetes;Planctomycetia;NA;NA;NA;NA;
/home/glbrc.org/echiang3/Saline_MetaG/kaiju/all_shortreads/S-S05.kaiju.output	0.001837	1150	203693	Bacteria;Nitrospirae;Nitrospira;NA;NA;NA;NA;
/home/glbrc.org/echiang3/Saline_MetaG/kaiju/all_shortreads/S-S05.kaiju.output	0.001695	1061	188787	Bacteria;Deinococcus-Thermus;Deinococci;NA;NA;NA;NA;
/home/glbrc.org/echiang3/Saline_MetaG/kaiju/all_shortreads/S-S05.kaiju.output	0.001687	1056	1313211	Bacteria;Lentisphaerae;Lentisphaeria;NA;NA;NA;NA;
/home/glbrc.org/echiang3/Saline_MetaG/kaiju/all_shortreads/S-S05.kaiju.output	0.001620	1014	795747	Bacteria;Ignavibacteriae;Ignavibacteria;NA;NA;NA;NA;
/home/glbrc.org/echiang3/Saline_MetaG/kaiju/all_shortreads/S-S05.kaiju.output	0.001494	935	1553900	Bacteria;Proteobacteria;Oligoflexia;NA;NA;NA;NA;
/home/glbrc.org/echiang3/Saline_MetaG/kaiju/all_shortreads/S-S05.kaiju.output	0.001233	772	191410	Bacteria;Chlorobi;Chlorobia;NA;NA;NA;NA;
/home/glbrc.org/echiang3/Saline_MetaG/kaiju/all_shortreads/S-S05.kaiju.output	0.001224	766	204432	Bacteria;Acidobacteria;Acidobacteriia;NA;NA;NA;NA;
/home/glbrc.org/echiang3/Saline_MetaG/kaiju/all_shortreads/S-S05.kaiju.output	0.001039	650	2212703	Eukaryota;Mucoromycota;Mucoromycetes;NA;NA;NA;NA;
/home/glbrc.org/echiang3/Saline_MetaG/kaiju/all_shortreads/S-S05.kaiju.output	0.001013	634	1853221	Bacteria;Balneolaeota;Balneolia;NA;NA;NA;NA;
/home/glbrc.org/echiang3/Saline_MetaG/kaiju/all_shortreads/S-S05.kaiju.output	0.000986	617	187857	Bacteria;Aquificae;Aquificae;NA;NA;NA;NA;
/home/glbrc.org/echiang3/Saline_MetaG/kaiju/all_shortreads/S-S05.kaiju.output	0.000923	578	2517206	Bacteria;Planctomycetes;Candidatus Brocadiae;NA;NA;NA;NA;
/home/glbrc.org/echiang3/Saline_MetaG/kaiju/all_shortreads/S-S05.kaiju.output	0.000864	541	68337	Bacteria;Deferribacteres;Deferribacteres;NA;NA;NA;NA;
/home/glbrc.org/echiang3/Saline_MetaG/kaiju/all_shortreads/S-S05.kaiju.output	0.000855	535	214506	Eukaryota;Mucoromycota;Glomeromycetes;NA;NA;NA;NA;
/home/glbrc.org/echiang3/Saline_MetaG/kaiju/all_shortreads/S-S05.kaiju.output	0.000711	445	183963	Archaea;Euryarchaeota;Halobacteria;NA;NA;NA;NA;
/home/glbrc.org/echiang3/Saline_MetaG/kaiju/all_shortreads/S-S05.kaiju.output	0.000695	435	147550	Eukaryota;Ascomycota;Sordariomycetes;NA;NA;NA;NA;
/home/glbrc.org/echiang3/Saline_MetaG/kaiju/all_shortreads/S-S05.kaiju.output	0.000598	374	580370	Bacteria;Proteobacteria;Zetaproteobacteria;NA;NA;NA;NA;
/home/glbrc.org/echiang3/Saline_MetaG/kaiju/all_shortreads/S-S05.kaiju.output	0.000569	356	666505	Bacteria;Planctomycetes;Phycisphaerae;NA;NA;NA;NA;
/home/glbrc.org/echiang3/Saline_MetaG/kaiju/all_shortreads/S-S05.kaiju.output	0.000567	355	147545	Eukaryota;Ascomycota;Eurotiomycetes;NA;NA;NA;NA;
/home/glbrc.org/echiang3/Saline_MetaG/kaiju/all_shortreads/S-S05.kaiju.output	0.000566	354	67799	Bacteria;Thermodesulfobacteria;Thermodesulfobacteria;NA;NA;NA;NA;
/home/glbrc.org/echiang3/Saline_MetaG/kaiju/all_shortreads/S-S05.kaiju.output	0.000548	343	32061	Bacteria;Chloroflexi;Chloroflexia;NA;NA;NA;NA;
/home/glbrc.org/echiang3/Saline_MetaG/kaiju/all_shortreads/S-S05.kaiju.output	0.000522	327	1921781	Bacteria;Kiritimatiellaeota;Kiritimatiellae;NA;NA;NA;NA;
/home/glbrc.org/echiang3/Saline_MetaG/kaiju/all_shortreads/S-S05.kaiju.output	0.000506	317	388447	Bacteria;Chloroflexi;Ktedonobacteria;NA;NA;NA;NA;
/home/glbrc.org/echiang3/Saline_MetaG/kaiju/all_shortreads/S-S05.kaiju.output	0.000433	271	147548	Eukaryota;Ascomycota;Leotiomycetes;NA;NA;NA;NA;
/home/glbrc.org/echiang3/Saline_MetaG/kaiju/all_shortreads/S-S05.kaiju.output	0.000430	269	219685	Bacteria;Gemmatimonadetes;Gemmatimonadetes;NA;NA;NA;NA;
/home/glbrc.org/echiang3/Saline_MetaG/kaiju/all_shortreads/S-S05.kaiju.output	0.000403	252	84992	Bacteria;Actinobacteria;Acidimicrobiia;NA;NA;NA;NA;
/home/glbrc.org/echiang3/Saline_MetaG/kaiju/all_shortreads/S-S05.kaiju.output	0.000387	242	147541	Eukaryota;Ascomycota;Dothideomycetes;NA;NA;NA;NA;
/home/glbrc.org/echiang3/Saline_MetaG/kaiju/all_shortreads/S-S05.kaiju.output	0.000313	196	4891	Eukaryota;Ascomycota;Saccharomycetes;NA;NA;NA;NA;
/home/glbrc.org/echiang3/Saline_MetaG/kaiju/all_shortreads/S-S05.kaiju.output	0.000313	196	1497346	Bacteria;Actinobacteria;Thermoleophilia;NA;NA;NA;NA;
/home/glbrc.org/echiang3/Saline_MetaG/kaiju/all_shortreads/S-S05.kaiju.output	0.000305	191	1860136	Bacteria;Fibrobacteres;Chitinispirillia;NA;NA;NA;NA;
/home/glbrc.org/echiang3/Saline_MetaG/kaiju/all_shortreads/S-S05.kaiju.output	0.000292	183	2797	Eukaryota;Rhodophyta;Bangiophyceae;NA;NA;NA;NA;
/home/glbrc.org/echiang3/Saline_MetaG/kaiju/all_shortreads/S-S05.kaiju.output	0.000292	183	203486	Bacteria;Dictyoglomi;Dictyoglomia;NA;NA;NA;NA;
/home/glbrc.org/echiang3/Saline_MetaG/kaiju/all_shortreads/S-S05.kaiju.output	0.000283	177	4762	Eukaryota;NA;Oomycota;NA;NA;NA;NA;
/home/glbrc.org/echiang3/Saline_MetaG/kaiju/all_shortreads/S-S05.kaiju.output	0.000280	175	475962	Bacteria;Chloroflexi;Caldilineae;NA;NA;NA;NA;
/home/glbrc.org/echiang3/Saline_MetaG/kaiju/all_shortreads/S-S05.kaiju.output	0.000265	166	1853222	Bacteria;Rhodothermaeota;Rhodothermia;NA;NA;NA;NA;
/home/glbrc.org/echiang3/Saline_MetaG/kaiju/all_shortreads/S-S05.kaiju.output	0.000248	155	1801911	Bacteria;Candidatus Peregrinibacteria;Candidatus Peribacteria;NA;NA;NA;NA;
/home/glbrc.org/echiang3/Saline_MetaG/kaiju/all_shortreads/S-S05.kaiju.output	0.000246	154	118001	Bacteria;Chrysiogenetes;Chrysiogenetes;NA;NA;NA;NA;
/home/glbrc.org/echiang3/Saline_MetaG/kaiju/all_shortreads/S-S05.kaiju.output	0.000244	153	1962850	Bacteria;Calditrichaeota;Calditrichae;NA;NA;NA;NA;
/home/glbrc.org/echiang3/Saline_MetaG/kaiju/all_shortreads/S-S05.kaiju.output	0.000243	152	2498706	Bacteria;Candidatus Cryosericota;Candidatus Cryosericia;NA;NA;NA;NA;
/home/glbrc.org/echiang3/Saline_MetaG/kaiju/all_shortreads/S-S05.kaiju.output	0.000235	147	183924	Archaea;Crenarchaeota;Thermoprotei;NA;NA;NA;NA;
/home/glbrc.org/echiang3/Saline_MetaG/kaiju/all_shortreads/S-S05.kaiju.output	0.000230	144	2507542	Bacteria;Candidatus Margulisbacteria;Candidatus Termititenacia;NA;NA;NA;NA;
/home/glbrc.org/echiang3/Saline_MetaG/kaiju/all_shortreads/S-S05.kaiju.output	0.000227	142	447830	Bacteria;Elusimicrobia;Endomicrobia;NA;NA;NA;NA;
/home/glbrc.org/echiang3/Saline_MetaG/kaiju/all_shortreads/S-S05.kaiju.output	0.000225	141	2211268	Bacteria;Candidatus Margulisbacteria;Candidatus Riflemargulisbacteria;NA;NA;NA;NA;
/home/glbrc.org/echiang3/Saline_MetaG/kaiju/all_shortreads/S-S05.kaiju.output	0.000222	139	155619	Eukaryota;Basidiomycota;Agaricomycetes;NA;NA;NA;NA;
/home/glbrc.org/echiang3/Saline_MetaG/kaiju/all_shortreads/S-S05.kaiju.output	0.000216	135	1562566	Bacteria;Acidobacteria;Blastocatellia;NA;NA;NA;NA;
/home/glbrc.org/echiang3/Saline_MetaG/kaiju/all_shortreads/S-S05.kaiju.output	0.000214	134	2364196	Bacteria;Chloroflexi;Candidatus Thermofonsia;NA;NA;NA;NA;
/home/glbrc.org/echiang3/Saline_MetaG/kaiju/all_shortreads/S-S05.kaiju.output	0.000195	122	1280412	Eukaryota;Apicomplexa;Conoidasida;NA;NA;NA;NA;
/home/glbrc.org/echiang3/Saline_MetaG/kaiju/all_shortreads/S-S05.kaiju.output	0.000195	122	2008785	Bacteria;Proteobacteria;Hydrogenophilalia;NA;NA;NA;NA;
/home/glbrc.org/echiang3/Saline_MetaG/kaiju/all_shortreads/S-S05.kaiju.output	0.000193	121	84995	Bacteria;Actinobacteria;Rubrobacteria;NA;NA;NA;NA;
/home/glbrc.org/echiang3/Saline_MetaG/kaiju/all_shortreads/S-S05.kaiju.output	0.000193	121	189775	Bacteria;Chloroflexi;Thermomicrobia;NA;NA;NA;NA;
/home/glbrc.org/echiang3/Saline_MetaG/kaiju/all_shortreads/S-S05.kaiju.output	0.000184	115	183939	Archaea;Euryarchaeota;Methanococci;NA;NA;NA;NA;
/home/glbrc.org/echiang3/Saline_MetaG/kaiju/all_shortreads/S-S05.kaiju.output	0.000182	114	1807140	Bacteria;Proteobacteria;Acidithiobacillia;NA;NA;NA;NA;
/home/glbrc.org/echiang3/Saline_MetaG/kaiju/all_shortreads/S-S05.kaiju.output	0.000181	113	908620	Bacteria;Actinobacteria;Nitriliruptoria;NA;NA;NA;NA;
/home/glbrc.org/echiang3/Saline_MetaG/kaiju/all_shortreads/S-S05.kaiju.output	0.000173	108	75966	Eukaryota;Chlorophyta;Trebouxiophyceae;NA;NA;NA;NA;
/home/glbrc.org/echiang3/Saline_MetaG/kaiju/all_shortreads/S-S05.kaiju.output	0.000173	108	451435	Eukaryota;Chytridiomycota;Chytridiomycetes;NA;NA;NA;NA;
/home/glbrc.org/echiang3/Saline_MetaG/kaiju/all_shortreads/S-S05.kaiju.output	0.000171	107	147549	Eukaryota;Ascomycota;Pezizomycetes;NA;NA;NA;NA;
/home/glbrc.org/echiang3/Saline_MetaG/kaiju/all_shortreads/S-S05.kaiju.output	0.000155	97	183968	Archaea;Euryarchaeota;Thermococci;NA;NA;NA;NA;
/home/glbrc.org/echiang3/Saline_MetaG/kaiju/all_shortreads/S-S05.kaiju.output	0.000150	94	533205	Bacteria;Acidobacteria;Holophagae;NA;NA;NA;NA;
/home/glbrc.org/echiang3/Saline_MetaG/kaiju/all_shortreads/S-S05.kaiju.output	0.000147	92	134549	Bacteria;Verrucomicrobia;Spartobacteria;NA;NA;NA;NA;
/home/glbrc.org/echiang3/Saline_MetaG/kaiju/all_shortreads/S-S05.kaiju.output	0.000147	92	1077257	Bacteria;Armatimonadetes;Chthonomonadetes;NA;NA;NA;NA;
/home/glbrc.org/echiang3/Saline_MetaG/kaiju/all_shortreads/S-S05.kaiju.output	0.000142	89	5653	Eukaryota;Euglenozoa;Kinetoplastea;NA;NA;NA;NA;
/home/glbrc.org/echiang3/Saline_MetaG/kaiju/all_shortreads/S-S05.kaiju.output	0.000141	88	1705400	Archaea;Euryarchaeota;Candidatus Methanofastidiosa;NA;NA;NA;NA;
/home/glbrc.org/echiang3/Saline_MetaG/kaiju/all_shortreads/S-S05.kaiju.output	0.000137	86	307596	Bacteria;Cyanobacteria;Gloeobacteria;NA;NA;NA;NA;
/home/glbrc.org/echiang3/Saline_MetaG/kaiju/all_shortreads/S-S05.kaiju.output	0.000128	80	1382928	Bacteria;Chloroflexi;Ardenticatenia;NA;NA;NA;NA;
/home/glbrc.org/echiang3/Saline_MetaG/kaiju/all_shortreads/S-S05.kaiju.output	0.000125	78	189478	Eukaryota;Ascomycota;Orbiliomycetes;NA;NA;NA;NA;
/home/glbrc.org/echiang3/Saline_MetaG/kaiju/all_shortreads/S-S05.kaiju.output	0.000121	76	447827	Bacteria;Candidatus Margulisbacteria;Candidatus Marinamargulisbacteria;NA;NA;NA;NA;
/home/glbrc.org/echiang3/Saline_MetaG/kaiju/all_shortreads/S-S05.kaiju.output	0.000120	75	162484	Eukaryota;Basidiomycota;Pucciniomycetes;NA;NA;NA;NA;
/home/glbrc.org/echiang3/Saline_MetaG/kaiju/all_shortreads/S-S05.kaiju.output	0.000115	72	1817794	Bacteria;Proteobacteria;Candidatus Lambdaproteobacteria;NA;NA;NA;NA;
/home/glbrc.org/echiang3/Saline_MetaG/kaiju/all_shortreads/S-S05.kaiju.output	0.000110	69	2599185	Archaea;Euryarchaeota;Candidatus Poseidoniia;NA;NA;NA;NA;
/home/glbrc.org/echiang3/Saline_MetaG/kaiju/all_shortreads/S-S05.kaiju.output	0.000105	66	3166	Eukaryota;Chlorophyta;Chlorophyceae;NA;NA;NA;NA;
/home/glbrc.org/echiang3/Saline_MetaG/kaiju/all_shortreads/S-S05.kaiju.output	0.000097	61	1293498	Bacteria;Nitrospinae;Nitrospinia;NA;NA;NA;NA;
/home/glbrc.org/echiang3/Saline_MetaG/kaiju/all_shortreads/S-S05.kaiju.output	0.000091	57	2806	Eukaryota;Rhodophyta;Florideophyceae;NA;NA;NA;NA;
/home/glbrc.org/echiang3/Saline_MetaG/kaiju/all_shortreads/S-S05.kaiju.output	0.000088	55	1042312	Bacteria;Armatimonadetes;Armatimonadia;NA;NA;NA;NA;
/home/glbrc.org/echiang3/Saline_MetaG/kaiju/all_shortreads/S-S05.kaiju.output	0.000083	52	2683628	Eukaryota;NA;Bigyra;NA;NA;NA;NA;
/home/glbrc.org/echiang3/Saline_MetaG/kaiju/all_shortreads/S-S05.kaiju.output	0.000080	50	142796	Eukaryota;Evosea;Eumycetozoa;NA;NA;NA;NA;
/home/glbrc.org/echiang3/Saline_MetaG/kaiju/all_shortreads/S-S05.kaiju.output	0.000077	48	5257	Eukaryota;Basidiomycota;Ustilaginomycetes;NA;NA;NA;NA;
/home/glbrc.org/echiang3/Saline_MetaG/kaiju/all_shortreads/S-S05.kaiju.output	0.000077	48	1035538	Eukaryota;Chlorophyta;Mamiellophyceae;NA;NA;NA;NA;
/home/glbrc.org/echiang3/Saline_MetaG/kaiju/all_shortreads/S-S05.kaiju.output	0.000072	45	2138243	Bacteria;Coprothermobacterota;Coprothermobacteria;NA;NA;NA;NA;
/home/glbrc.org/echiang3/Saline_MetaG/kaiju/all_shortreads/S-S05.kaiju.output	0.000070	44	33836	Eukaryota;Bacillariophyta;Coscinodiscophyceae;NA;NA;NA;NA;
/home/glbrc.org/echiang3/Saline_MetaG/kaiju/all_shortreads/S-S05.kaiju.output	0.000070	44	1676648	Bacteria;Firmicutes;Limnochordia;NA;NA;NA;NA;
/home/glbrc.org/echiang3/Saline_MetaG/kaiju/all_shortreads/S-S05.kaiju.output	0.000067	42	3027	Eukaryota;NA;Cryptophyceae;NA;NA;NA;NA;
/home/glbrc.org/echiang3/Saline_MetaG/kaiju/all_shortreads/S-S05.kaiju.output	0.000064	40	2870	Eukaryota;NA;Phaeophyceae;NA;NA;NA;NA;
/home/glbrc.org/echiang3/Saline_MetaG/kaiju/all_shortreads/S-S05.kaiju.output	0.000061	38	452332	Eukaryota;Basidiomycota;Dacrymycetes;NA;NA;NA;NA;
/home/glbrc.org/echiang3/Saline_MetaG/kaiju/all_shortreads/S-S05.kaiju.output	0.000059	37	2419830	Bacteria;Candidatus Riflebacteria;Candidatus Ozemobacteria;NA;NA;NA;NA;
/home/glbrc.org/echiang3/Saline_MetaG/kaiju/all_shortreads/S-S05.kaiju.output	0.000054	34	1955630	Bacteria;Verrucomicrobia;Methylacidiphilae;NA;NA;NA;NA;
/home/glbrc.org/echiang3/Saline_MetaG/kaiju/all_shortreads/S-S05.kaiju.output	0.000054	34	2212702	Eukaryota;Mucoromycota;Endogonomycetes;NA;NA;NA;NA;
/home/glbrc.org/echiang3/Saline_MetaG/kaiju/all_shortreads/S-S05.kaiju.output	0.000051	32	422676	Eukaryota;Apicomplexa;Aconoidasida;NA;NA;NA;NA;
/home/glbrc.org/echiang3/Saline_MetaG/kaiju/all_shortreads/S-S05.kaiju.output	0.000051	32	1495646	Bacteria;Chloroflexi;Thermoflexia;NA;NA;NA;NA;
/home/glbrc.org/echiang3/Saline_MetaG/kaiju/all_shortreads/S-S05.kaiju.output	0.000051	32	2152896	Bacteria;Candidatus Fermentibacteria;Candidatus Fermentibacteria (class);NA;NA;NA;NA;
/home/glbrc.org/echiang3/Saline_MetaG/kaiju/all_shortreads/S-S05.kaiju.output	0.000048	30	155616	Eukaryota;Basidiomycota;Tremellomycetes;NA;NA;NA;NA;
/home/glbrc.org/echiang3/Saline_MetaG/kaiju/all_shortreads/S-S05.kaiju.output	0.000045	28	2830	Eukaryota;Haptista;Haptophyta;NA;NA;NA;NA;
/home/glbrc.org/echiang3/Saline_MetaG/kaiju/all_shortreads/S-S05.kaiju.output	0.000042	26	35675	Eukaryota;NA;Pelagophyceae;NA;NA;NA;NA;
/home/glbrc.org/echiang3/Saline_MetaG/kaiju/all_shortreads/S-S05.kaiju.output	0.000042	26	183980	Archaea;Euryarchaeota;Archaeoglobi;NA;NA;NA;NA;
/home/glbrc.org/echiang3/Saline_MetaG/kaiju/all_shortreads/S-S05.kaiju.output	0.000042	26	693071	Bacteria;Caldiserica;Caldisericia;NA;NA;NA;NA;
/home/glbrc.org/echiang3/Saline_MetaG/kaiju/all_shortreads/S-S05.kaiju.output	0.000040	25	6020	Eukaryota;Ciliophora;Oligohymenophorea;NA;NA;NA;NA;
/home/glbrc.org/echiang3/Saline_MetaG/kaiju/all_shortreads/S-S05.kaiju.output	0.000037	23	2545688	Archaea;Euryarchaeota;Candidatus Methanoliparia;NA;NA;NA;NA;
/home/glbrc.org/echiang3/Saline_MetaG/kaiju/all_shortreads/S-S05.kaiju.output	0.000035	22	296141	Bacteria;Fibrobacteres;Chitinivibrionia;NA;NA;NA;NA;
/home/glbrc.org/echiang3/Saline_MetaG/kaiju/all_shortreads/S-S05.kaiju.output	0.000034	21	1562571	Bacteria;Acidobacteria;Thermoanaerobaculia;NA;NA;NA;NA;
/home/glbrc.org/echiang3/Saline_MetaG/kaiju/all_shortreads/S-S05.kaiju.output	0.000034	21	1980645	Archaea;Euryarchaeota;Theionarchaea;NA;NA;NA;NA;
/home/glbrc.org/echiang3/Saline_MetaG/kaiju/all_shortreads/S-S05.kaiju.output	0.000034	21	2219693	Eukaryota;Zoopagomycota;Harpellomycetes;NA;NA;NA;NA;
/home/glbrc.org/echiang3/Saline_MetaG/kaiju/all_shortreads/S-S05.kaiju.output	0.000032	20	5747	Eukaryota;NA;Eustigmatophyceae;NA;NA;NA;NA;
/home/glbrc.org/echiang3/Saline_MetaG/kaiju/all_shortreads/S-S05.kaiju.output	0.000032	20	1817795	Bacteria;Proteobacteria;Candidatus Muproteobacteria;NA;NA;NA;NA;
/home/glbrc.org/echiang3/Saline_MetaG/kaiju/all_shortreads/S-S05.kaiju.output	0.000032	20	2703811	Bacteria;Candidatus Mcinerneyibacteriota;Candidatus Mcinerneyibacteria;NA;NA;NA;NA;
/home/glbrc.org/echiang3/Saline_MetaG/kaiju/all_shortreads/S-S05.kaiju.output	0.000030	19	2302911	Eukaryota;Chlorophyta;Chloropicophyceae;NA;NA;NA;NA;
/home/glbrc.org/echiang3/Saline_MetaG/kaiju/all_shortreads/S-S05.kaiju.output	0.000029	18	28009	Eukaryota;NA;Choanoflagellata;NA;NA;NA;NA;
/home/glbrc.org/echiang3/Saline_MetaG/kaiju/all_shortreads/S-S05.kaiju.output	0.000029	18	33849	Eukaryota;Bacillariophyta;Bacillariophyceae;NA;NA;NA;NA;
/home/glbrc.org/echiang3/Saline_MetaG/kaiju/all_shortreads/S-S05.kaiju.output	0.000027	17	2864	Eukaryota;NA;Dinophyceae;NA;NA;NA;NA;
/home/glbrc.org/echiang3/Saline_MetaG/kaiju/all_shortreads/S-S05.kaiju.output	0.000027	17	33829	Eukaryota;Ciliophora;Spirotrichea;NA;NA;NA;NA;
/home/glbrc.org/echiang3/Saline_MetaG/kaiju/all_shortreads/S-S05.kaiju.output	0.000027	17	1538075	Eukaryota;Basidiomycota;Malasseziomycetes;NA;NA;NA;NA;
/home/glbrc.org/echiang3/Saline_MetaG/kaiju/all_shortreads/S-S05.kaiju.output	0.000026	16	3035	Eukaryota;Euglenozoa;Euglenida;NA;NA;NA;NA;
/home/glbrc.org/echiang3/Saline_MetaG/kaiju/all_shortreads/S-S05.kaiju.output	0.000026	16	1775750	Archaea;Euryarchaeota;Hadesarchaea;NA;NA;NA;NA;
/home/glbrc.org/echiang3/Saline_MetaG/kaiju/all_shortreads/S-S05.kaiju.output	0.000026	16	1813735	Bacteria;Acidobacteria;Vicinamibacteria;NA;NA;NA;NA;
/home/glbrc.org/echiang3/Saline_MetaG/kaiju/all_shortreads/S-S05.kaiju.output	0.000024	15	452283	Eukaryota;Basidiomycota;Exobasidiomycetes;NA;NA;NA;NA;
/home/glbrc.org/echiang3/Saline_MetaG/kaiju/all_shortreads/S-S05.kaiju.output	0.000024	15	2109259	Bacteria;Abditibacteriota;Abditibacteria;NA;NA;NA;NA;
/home/glbrc.org/echiang3/Saline_MetaG/kaiju/all_shortreads/S-S05.kaiju.output	0.000022	14	33103	Eukaryota;Chlorophyta;Ulvophyceae;NA;NA;NA;NA;
/home/glbrc.org/echiang3/Saline_MetaG/kaiju/all_shortreads/S-S05.kaiju.output	0.000021	13	1663419	Bacteria;Armatimonadetes;Fimbriimonadia;NA;NA;NA;NA;
/home/glbrc.org/echiang3/Saline_MetaG/kaiju/all_shortreads/S-S05.kaiju.output	0.000019	12	147554	Eukaryota;Ascomycota;Schizosaccharomycetes;NA;NA;NA;NA;
/home/glbrc.org/echiang3/Saline_MetaG/kaiju/all_shortreads/S-S05.kaiju.output	0.000016	10	5988	Eukaryota;Ciliophora;Litostomatea;NA;NA;NA;NA;
/home/glbrc.org/echiang3/Saline_MetaG/kaiju/all_shortreads/S-S05.kaiju.output	0.000016	10	162481	Eukaryota;Basidiomycota;Microbotryomycetes;NA;NA;NA;NA;
/home/glbrc.org/echiang3/Saline_MetaG/kaiju/all_shortreads/S-S05.kaiju.output	0.000016	10	1399768	Eukaryota;Zoopagomycota;Basidiobolomycetes;NA;NA;NA;NA;
/home/glbrc.org/echiang3/Saline_MetaG/kaiju/all_shortreads/S-S05.kaiju.output	0.000013	8	35422	Eukaryota;Chlorophyta;Pedinophyceae;NA;NA;NA;NA;
/home/glbrc.org/echiang3/Saline_MetaG/kaiju/all_shortreads/S-S05.kaiju.output	0.000013	8	2219692	Eukaryota;Zoopagomycota;Dimargaritomycetes;NA;NA;NA;NA;
/home/glbrc.org/echiang3/Saline_MetaG/kaiju/all_shortreads/S-S05.kaiju.output	0.000013	8	2315419	Bacteria;Candidatus Sumerlaeota;Candidatus Sumerlaeia;NA;NA;NA;NA;
/home/glbrc.org/echiang3/Saline_MetaG/kaiju/all_shortreads/S-S05.kaiju.output	0.000011	7	38254	Eukaryota;NA;Glaucocystophyceae;NA;NA;NA;NA;
/home/glbrc.org/echiang3/Saline_MetaG/kaiju/all_shortreads/S-S05.kaiju.output	0.000011	7	451460	Eukaryota;Blastocladiomycota;Blastocladiomycetes;NA;NA;NA;NA;
/home/glbrc.org/echiang3/Saline_MetaG/kaiju/all_shortreads/S-S05.kaiju.output	0.000010	6	2833	Eukaryota;NA;Xanthophyceae;NA;NA;NA;NA;
/home/glbrc.org/echiang3/Saline_MetaG/kaiju/all_shortreads/S-S05.kaiju.output	0.000010	6	431957	Eukaryota;Basidiomycota;Wallemiomycetes;NA;NA;NA;NA;
/home/glbrc.org/echiang3/Saline_MetaG/kaiju/all_shortreads/S-S05.kaiju.output	0.000010	6	2212732	Eukaryota;Mucoromycota;Mortierellomycetes;NA;NA;NA;NA;
/home/glbrc.org/echiang3/Saline_MetaG/kaiju/all_shortreads/S-S05.kaiju.output	0.000010	6	2233521	Eukaryota;Zoopagomycota;Zoopagomycetes;NA;NA;NA;NA;
/home/glbrc.org/echiang3/Saline_MetaG/kaiju/all_shortreads/S-S05.kaiju.output	0.000008	5	39119	Eukaryota;NA;Dictyochophyceae;NA;NA;NA;NA;
/home/glbrc.org/echiang3/Saline_MetaG/kaiju/all_shortreads/S-S05.kaiju.output	0.000008	5	2219690	Eukaryota;Zoopagomycota;Kickxellomycetes;NA;NA;NA;NA;
/home/glbrc.org/echiang3/Saline_MetaG/kaiju/all_shortreads/S-S05.kaiju.output	0.000008	5	2605334	Eukaryota;Evosea;Variosea;NA;NA;NA;NA;
/home/glbrc.org/echiang3/Saline_MetaG/kaiju/all_shortreads/S-S05.kaiju.output	0.000006	4	147556	Eukaryota;Ascomycota;Neolectomycetes;NA;NA;NA;NA;
/home/glbrc.org/echiang3/Saline_MetaG/kaiju/all_shortreads/S-S05.kaiju.output	0.000006	4	432025	Eukaryota;Basidiomycota;Mixiomycetes;NA;NA;NA;NA;
/home/glbrc.org/echiang3/Saline_MetaG/kaiju/all_shortreads/S-S05.kaiju.output	0.000006	4	451454	Eukaryota;Chytridiomycota;Monoblepharidomycetes;NA;NA;NA;NA;
/home/glbrc.org/echiang3/Saline_MetaG/kaiju/all_shortreads/S-S05.kaiju.output	0.000006	4	1643678	Archaea;Thaumarchaeota;Nitrososphaeria;NA;NA;NA;NA;
/home/glbrc.org/echiang3/Saline_MetaG/kaiju/all_shortreads/S-S05.kaiju.output	0.000006	4	2682225	Bacteria;Chloroflexi;Tepidiformia;NA;NA;NA;NA;
/home/glbrc.org/echiang3/Saline_MetaG/kaiju/all_shortreads/S-S05.kaiju.output	0.000005	3	147555	Eukaryota;Ascomycota;Taphrinomycetes;NA;NA;NA;NA;
/home/glbrc.org/echiang3/Saline_MetaG/kaiju/all_shortreads/S-S05.kaiju.output	0.000003	2	147547	Eukaryota;Ascomycota;Lecanoromycetes;NA;NA;NA;NA;
/home/glbrc.org/echiang3/Saline_MetaG/kaiju/all_shortreads/S-S05.kaiju.output	0.000003	2	147553	Eukaryota;Ascomycota;Pneumocystidomycetes;NA;NA;NA;NA;
/home/glbrc.org/echiang3/Saline_MetaG/kaiju/all_shortreads/S-S05.kaiju.output	0.000003	2	194287	Eukaryota;Ciliophora;Heterotrichea;NA;NA;NA;NA;
/home/glbrc.org/echiang3/Saline_MetaG/kaiju/all_shortreads/S-S05.kaiju.output	0.000002	1	33859	Eukaryota;NA;Synurophyceae;NA;NA;NA;NA;
/home/glbrc.org/echiang3/Saline_MetaG/kaiju/all_shortreads/S-S05.kaiju.output	0.000002	1	37471	Eukaryota;Ciliophora;Phyllopharyngea;NA;NA;NA;NA;
/home/glbrc.org/echiang3/Saline_MetaG/kaiju/all_shortreads/S-S05.kaiju.output	0.000002	1	91989	Eukaryota;NA;Bolidophyceae;NA;NA;NA;NA;
/home/glbrc.org/echiang3/Saline_MetaG/kaiju/all_shortreads/S-S05.kaiju.output	0.000002	1	589449	Eukaryota;Bacillariophyta;Mediophyceae;NA;NA;NA;NA;
/home/glbrc.org/echiang3/Saline_MetaG/kaiju/all_shortreads/S-S05.kaiju.output	0.000002	1	1051663	Archaea;Euryarchaeota;Nanohaloarchaea;NA;NA;NA;NA;
/home/glbrc.org/echiang3/Saline_MetaG/kaiju/all_shortreads/S-S05.kaiju.output	0.000002	1	1399770	Eukaryota;Zoopagomycota;Entomophthoromycetes;NA;NA;NA;NA;
/home/glbrc.org/echiang3/Saline_MetaG/kaiju/all_shortreads/S-S05.kaiju.output	0.000002	1	1915413	Archaea;Candidatus Verstraetearchaeota;Candidatus Methanomethylia;NA;NA;NA;NA;
/home/glbrc.org/echiang3/Saline_MetaG/kaiju/all_shortreads/S-S05.kaiju.output	0.000002	1	2681631	Eukaryota;Tubulinea;Echinamoebida;NA;NA;NA;NA;
/home/glbrc.org/echiang3/Saline_MetaG/kaiju/all_shortreads/S-S05.kaiju.output	0.000002	1	2692249	Eukaryota;Chlorophyta;Picocystophyceae;NA;NA;NA;NA;
/home/glbrc.org/echiang3/Saline_MetaG/kaiju/all_shortreads/S-S05.kaiju.output	0.009947	6226	10239	Viruses
/home/glbrc.org/echiang3/Saline_MetaG/kaiju/all_shortreads/S-S05.kaiju.output	14.839557	9287997	NA	cannot be assigned to a (non-viral) class
/home/glbrc.org/echiang3/Saline_MetaG/kaiju/all_shortreads/S-S05.kaiju.output	52.625847	32938227	NA	unclassified
