file	percent	reads	taxon_id	taxon_name
/home/glbrc.org/echiang3/Saline_MetaG/kaiju/all_shortreads/S-S05.kaiju.output	19.800793	12393208	186802	Bacteria;Firmicutes;Clostridia;Clostridiales;NA;NA;NA;
/home/glbrc.org/echiang3/Saline_MetaG/kaiju/all_shortreads/S-S05.kaiju.output	9.163713	5735518	171549	Bacteria;Bacteroidetes;Bacteroidia;Bacteroidales;NA;NA;NA;
/home/glbrc.org/echiang3/Saline_MetaG/kaiju/all_shortreads/S-S05.kaiju.output	1.151800	720905	186826	Bacteria;Firmicutes;Bacilli;Lactobacillales;NA;NA;NA;
/home/glbrc.org/echiang3/Saline_MetaG/kaiju/all_shortreads/S-S05.kaiju.output	0.733125	458859	48461	Bacteria;Verrucomicrobia;Verrucomicrobiae;Verrucomicrobiales;NA;NA;NA;
/home/glbrc.org/echiang3/Saline_MetaG/kaiju/all_shortreads/S-S05.kaiju.output	0.176990	110777	526525	Bacteria;Firmicutes;Erysipelotrichia;Erysipelotrichales;NA;NA;NA;
/home/glbrc.org/echiang3/Saline_MetaG/kaiju/all_shortreads/S-S05.kaiju.output	0.173755	108752	1385	Bacteria;Firmicutes;Bacilli;Bacillales;NA;NA;NA;
/home/glbrc.org/echiang3/Saline_MetaG/kaiju/all_shortreads/S-S05.kaiju.output	0.062597	39179	204441	Bacteria;Proteobacteria;Alphaproteobacteria;Rhodospirillales;NA;NA;NA;
/home/glbrc.org/echiang3/Saline_MetaG/kaiju/all_shortreads/S-S05.kaiju.output	0.060295	37738	200644	Bacteria;Bacteroidetes;Flavobacteriia;Flavobacteriales;NA;NA;NA;
/home/glbrc.org/echiang3/Saline_MetaG/kaiju/all_shortreads/S-S05.kaiju.output	0.057711	36121	84999	Bacteria;Actinobacteria;Coriobacteriia;Coriobacteriales;NA;NA;NA;
/home/glbrc.org/echiang3/Saline_MetaG/kaiju/all_shortreads/S-S05.kaiju.output	0.057609	36057	91347	Bacteria;Proteobacteria;Gammaproteobacteria;Enterobacterales;NA;NA;NA;
/home/glbrc.org/echiang3/Saline_MetaG/kaiju/all_shortreads/S-S05.kaiju.output	0.057537	36012	1643822	Bacteria;Actinobacteria;Coriobacteriia;Eggerthellales;NA;NA;NA;
/home/glbrc.org/echiang3/Saline_MetaG/kaiju/all_shortreads/S-S05.kaiju.output	0.054054	33832	213115	Bacteria;Proteobacteria;Deltaproteobacteria;Desulfovibrionales;NA;NA;NA;
/home/glbrc.org/echiang3/Saline_MetaG/kaiju/all_shortreads/S-S05.kaiju.output	0.053829	33691	909929	Bacteria;Firmicutes;Negativicutes;Selenomonadales;NA;NA;NA;
/home/glbrc.org/echiang3/Saline_MetaG/kaiju/all_shortreads/S-S05.kaiju.output	0.047516	29740	136	Bacteria;Spirochaetes;Spirochaetia;Spirochaetales;NA;NA;NA;
/home/glbrc.org/echiang3/Saline_MetaG/kaiju/all_shortreads/S-S05.kaiju.output	0.039417	24671	1970189	Bacteria;Bacteroidetes;Bacteroidia;Marinilabiliales;NA;NA;NA;
/home/glbrc.org/echiang3/Saline_MetaG/kaiju/all_shortreads/S-S05.kaiju.output	0.036712	22978	80840	Bacteria;Proteobacteria;Betaproteobacteria;Burkholderiales;NA;NA;NA;
/home/glbrc.org/echiang3/Saline_MetaG/kaiju/all_shortreads/S-S05.kaiju.output	0.031547	19745	768507	Bacteria;Bacteroidetes;Cytophagia;Cytophagales;NA;NA;NA;
/home/glbrc.org/echiang3/Saline_MetaG/kaiju/all_shortreads/S-S05.kaiju.output	0.030189	18895	1843489	Bacteria;Firmicutes;Negativicutes;Veillonellales;NA;NA;NA;
/home/glbrc.org/echiang3/Saline_MetaG/kaiju/all_shortreads/S-S05.kaiju.output	0.029657	18562	2085	Bacteria;Tenericutes;Mollicutes;Mycoplasmatales;NA;NA;NA;
/home/glbrc.org/echiang3/Saline_MetaG/kaiju/all_shortreads/S-S05.kaiju.output	0.029494	18460	1737405	Bacteria;Firmicutes;Tissierellia;Tissierellales;NA;NA;NA;
/home/glbrc.org/echiang3/Saline_MetaG/kaiju/all_shortreads/S-S05.kaiju.output	0.028681	17951	203491	Bacteria;Fusobacteria;Fusobacteriia;Fusobacteriales;NA;NA;NA;
/home/glbrc.org/echiang3/Saline_MetaG/kaiju/all_shortreads/S-S05.kaiju.output	0.027532	17232	200666	Bacteria;Bacteroidetes;Sphingobacteriia;Sphingobacteriales;NA;NA;NA;
/home/glbrc.org/echiang3/Saline_MetaG/kaiju/all_shortreads/S-S05.kaiju.output	0.025901	16211	2508939	Bacteria;Firmicutes;Clostridia;Candidatus Borkfalkiales;NA;NA;NA;
/home/glbrc.org/echiang3/Saline_MetaG/kaiju/all_shortreads/S-S05.kaiju.output	0.025252	15805	85004	Bacteria;Actinobacteria;Actinobacteria;Bifidobacteriales;NA;NA;NA;
/home/glbrc.org/echiang3/Saline_MetaG/kaiju/all_shortreads/S-S05.kaiju.output	0.024526	15351	1906119	Bacteria;Candidatus Melainabacteria;NA;Candidatus Gastranaerophilales;NA;NA;NA;
/home/glbrc.org/echiang3/Saline_MetaG/kaiju/all_shortreads/S-S05.kaiju.output	0.021665	13560	1843488	Bacteria;Firmicutes;Negativicutes;Acidaminococcales;NA;NA;NA;
/home/glbrc.org/echiang3/Saline_MetaG/kaiju/all_shortreads/S-S05.kaiju.output	0.019938	12479	213849	Bacteria;Proteobacteria;Epsilonproteobacteria;Campylobacterales;NA;NA;NA;
/home/glbrc.org/echiang3/Saline_MetaG/kaiju/all_shortreads/S-S05.kaiju.output	0.019241	12043	135623	Bacteria;Proteobacteria;Gammaproteobacteria;Vibrionales;NA;NA;NA;
/home/glbrc.org/echiang3/Saline_MetaG/kaiju/all_shortreads/S-S05.kaiju.output	0.018535	11601	186332	Bacteria;Tenericutes;Mollicutes;Anaeroplasmatales;NA;NA;NA;
/home/glbrc.org/echiang3/Saline_MetaG/kaiju/all_shortreads/S-S05.kaiju.output	0.017556	10988	1853229	Bacteria;Bacteroidetes;Chitinophagia;Chitinophagales;NA;NA;NA;
/home/glbrc.org/echiang3/Saline_MetaG/kaiju/all_shortreads/S-S05.kaiju.output	0.016667	10432	649776	Bacteria;Synergistetes;Synergistia;Synergistales;NA;NA;NA;
/home/glbrc.org/echiang3/Saline_MetaG/kaiju/all_shortreads/S-S05.kaiju.output	0.015685	9817	218872	Bacteria;Fibrobacteres;Fibrobacteria;Fibrobacterales;NA;NA;NA;
/home/glbrc.org/echiang3/Saline_MetaG/kaiju/all_shortreads/S-S05.kaiju.output	0.012945	8102	68295	Bacteria;Firmicutes;Clostridia;Thermoanaerobacterales;NA;NA;NA;
/home/glbrc.org/echiang3/Saline_MetaG/kaiju/all_shortreads/S-S05.kaiju.output	0.012278	7685	292629	Bacteria;Chloroflexi;Anaerolineae;Anaerolineales;NA;NA;NA;
/home/glbrc.org/echiang3/Saline_MetaG/kaiju/all_shortreads/S-S05.kaiju.output	0.011464	7175	1643686	Bacteria;Spirochaetes;Spirochaetia;Brachyspirales;NA;NA;NA;
/home/glbrc.org/echiang3/Saline_MetaG/kaiju/all_shortreads/S-S05.kaiju.output	0.010733	6718	29	Bacteria;Proteobacteria;Deltaproteobacteria;Myxococcales;NA;NA;NA;
/home/glbrc.org/echiang3/Saline_MetaG/kaiju/all_shortreads/S-S05.kaiju.output	0.010478	6558	356	Bacteria;Proteobacteria;Alphaproteobacteria;Rhizobiales;NA;NA;NA;
/home/glbrc.org/echiang3/Saline_MetaG/kaiju/all_shortreads/S-S05.kaiju.output	0.008882	5559	85006	Bacteria;Actinobacteria;Actinobacteria;Micrococcales;NA;NA;NA;
/home/glbrc.org/echiang3/Saline_MetaG/kaiju/all_shortreads/S-S05.kaiju.output	0.008637	5406	641854	Bacteria;Elusimicrobia;Elusimicrobia;Elusimicrobiales;NA;NA;NA;
/home/glbrc.org/echiang3/Saline_MetaG/kaiju/all_shortreads/S-S05.kaiju.output	0.008310	5201	2037	Bacteria;Actinobacteria;Actinobacteria;Actinomycetales;NA;NA;NA;
/home/glbrc.org/echiang3/Saline_MetaG/kaiju/all_shortreads/S-S05.kaiju.output	0.008148	5100	135624	Bacteria;Proteobacteria;Gammaproteobacteria;Aeromonadales;NA;NA;NA;
/home/glbrc.org/echiang3/Saline_MetaG/kaiju/all_shortreads/S-S05.kaiju.output	0.008088	5062	72274	Bacteria;Proteobacteria;Gammaproteobacteria;Pseudomonadales;NA;NA;NA;
/home/glbrc.org/echiang3/Saline_MetaG/kaiju/all_shortreads/S-S05.kaiju.output	0.007405	4635	213118	Bacteria;Proteobacteria;Deltaproteobacteria;Desulfobacterales;NA;NA;NA;
/home/glbrc.org/echiang3/Saline_MetaG/kaiju/all_shortreads/S-S05.kaiju.output	0.006297	3941	204455	Bacteria;Proteobacteria;Alphaproteobacteria;Rhodobacterales;NA;NA;NA;
/home/glbrc.org/echiang3/Saline_MetaG/kaiju/all_shortreads/S-S05.kaiju.output	0.005630	3524	135622	Bacteria;Proteobacteria;Gammaproteobacteria;Alteromonadales;NA;NA;NA;
/home/glbrc.org/echiang3/Saline_MetaG/kaiju/all_shortreads/S-S05.kaiju.output	0.005626	3521	85007	Bacteria;Actinobacteria;Actinobacteria;Corynebacteriales;NA;NA;NA;
/home/glbrc.org/echiang3/Saline_MetaG/kaiju/all_shortreads/S-S05.kaiju.output	0.005455	3414	186329	Bacteria;Tenericutes;Mollicutes;Acholeplasmatales;NA;NA;NA;
/home/glbrc.org/echiang3/Saline_MetaG/kaiju/all_shortreads/S-S05.kaiju.output	0.005324	3332	135619	Bacteria;Proteobacteria;Gammaproteobacteria;Oceanospirillales;NA;NA;NA;
/home/glbrc.org/echiang3/Saline_MetaG/kaiju/all_shortreads/S-S05.kaiju.output	0.004986	3121	85011	Bacteria;Actinobacteria;Actinobacteria;Streptomycetales;NA;NA;NA;
/home/glbrc.org/echiang3/Saline_MetaG/kaiju/all_shortreads/S-S05.kaiju.output	0.004823	3019	135625	Bacteria;Proteobacteria;Gammaproteobacteria;Pasteurellales;NA;NA;NA;
/home/glbrc.org/echiang3/Saline_MetaG/kaiju/all_shortreads/S-S05.kaiju.output	0.004252	2661	53433	Bacteria;Firmicutes;Clostridia;Halanaerobiales;NA;NA;NA;
/home/glbrc.org/echiang3/Saline_MetaG/kaiju/all_shortreads/S-S05.kaiju.output	0.004200	2629	69541	Bacteria;Proteobacteria;Deltaproteobacteria;Desulfuromonadales;NA;NA;NA;
/home/glbrc.org/echiang3/Saline_MetaG/kaiju/all_shortreads/S-S05.kaiju.output	0.004076	2551	135614	Bacteria;Proteobacteria;Gammaproteobacteria;Xanthomonadales;NA;NA;NA;
/home/glbrc.org/echiang3/Saline_MetaG/kaiju/all_shortreads/S-S05.kaiju.output	0.003366	2107	204457	Bacteria;Proteobacteria;Alphaproteobacteria;Sphingomonadales;NA;NA;NA;
/home/glbrc.org/echiang3/Saline_MetaG/kaiju/all_shortreads/S-S05.kaiju.output	0.003015	1887	29006	Eukaryota;Chytridiomycota;Neocallimastigomycetes;Neocallimastigales;NA;NA;NA;
/home/glbrc.org/echiang3/Saline_MetaG/kaiju/all_shortreads/S-S05.kaiju.output	0.002901	1816	51291	Bacteria;Chlamydiae;Chlamydiia;Chlamydiales;NA;NA;NA;
/home/glbrc.org/echiang3/Saline_MetaG/kaiju/all_shortreads/S-S05.kaiju.output	0.002874	1799	1936988	Bacteria;Bacteroidetes;Saprospiria;Saprospirales;NA;NA;NA;
/home/glbrc.org/echiang3/Saline_MetaG/kaiju/all_shortreads/S-S05.kaiju.output	0.002724	1705	1890424	Bacteria;Cyanobacteria;NA;Synechococcales;NA;NA;NA;
/home/glbrc.org/echiang3/Saline_MetaG/kaiju/all_shortreads/S-S05.kaiju.output	0.002705	1693	135613	Bacteria;Proteobacteria;Gammaproteobacteria;Chromatiales;NA;NA;NA;
/home/glbrc.org/echiang3/Saline_MetaG/kaiju/all_shortreads/S-S05.kaiju.output	0.002655	1662	1235850	Archaea;Euryarchaeota;Thermoplasmata;Methanomassiliicoccales;NA;NA;NA;
/home/glbrc.org/echiang3/Saline_MetaG/kaiju/all_shortreads/S-S05.kaiju.output	0.002654	1661	206351	Bacteria;Proteobacteria;Betaproteobacteria;Neisseriales;NA;NA;NA;
/home/glbrc.org/echiang3/Saline_MetaG/kaiju/all_shortreads/S-S05.kaiju.output	0.002622	1641	85009	Bacteria;Actinobacteria;Actinobacteria;Propionibacteriales;NA;NA;NA;
/home/glbrc.org/echiang3/Saline_MetaG/kaiju/all_shortreads/S-S05.kaiju.output	0.002542	1591	2158	Archaea;Euryarchaeota;Methanobacteria;Methanobacteriales;NA;NA;NA;
/home/glbrc.org/echiang3/Saline_MetaG/kaiju/all_shortreads/S-S05.kaiju.output	0.002528	1582	32003	Bacteria;Proteobacteria;Betaproteobacteria;Nitrosomonadales;NA;NA;NA;
/home/glbrc.org/echiang3/Saline_MetaG/kaiju/all_shortreads/S-S05.kaiju.output	0.002352	1472	206389	Bacteria;Proteobacteria;Betaproteobacteria;Rhodocyclales;NA;NA;NA;
/home/glbrc.org/echiang3/Saline_MetaG/kaiju/all_shortreads/S-S05.kaiju.output	0.001940	1214	415000	Bacteria;Verrucomicrobia;Opitutae;Opitutales;NA;NA;NA;
/home/glbrc.org/echiang3/Saline_MetaG/kaiju/all_shortreads/S-S05.kaiju.output	0.001901	1190	2191	Archaea;Euryarchaeota;Methanomicrobia;Methanomicrobiales;NA;NA;NA;
/home/glbrc.org/echiang3/Saline_MetaG/kaiju/all_shortreads/S-S05.kaiju.output	0.001898	1188	1161	Bacteria;Cyanobacteria;NA;Nostocales;NA;NA;NA;
/home/glbrc.org/echiang3/Saline_MetaG/kaiju/all_shortreads/S-S05.kaiju.output	0.001833	1147	94695	Archaea;Euryarchaeota;Methanomicrobia;Methanosarcinales;NA;NA;NA;
/home/glbrc.org/echiang3/Saline_MetaG/kaiju/all_shortreads/S-S05.kaiju.output	0.001737	1087	189778	Bacteria;Nitrospirae;Nitrospira;Nitrospirales;NA;NA;NA;
/home/glbrc.org/echiang3/Saline_MetaG/kaiju/all_shortreads/S-S05.kaiju.output	0.001689	1057	213462	Bacteria;Proteobacteria;Deltaproteobacteria;Syntrophobacterales;NA;NA;NA;
/home/glbrc.org/echiang3/Saline_MetaG/kaiju/all_shortreads/S-S05.kaiju.output	0.001535	961	1202465	Bacteria;Chloroflexi;Dehalococcoidia;Dehalococcoidales;NA;NA;NA;
/home/glbrc.org/echiang3/Saline_MetaG/kaiju/all_shortreads/S-S05.kaiju.output	0.001510	945	1706369	Bacteria;Proteobacteria;Gammaproteobacteria;Cellvibrionales;NA;NA;NA;
/home/glbrc.org/echiang3/Saline_MetaG/kaiju/all_shortreads/S-S05.kaiju.output	0.001508	944	278082	Bacteria;Lentisphaerae;Lentisphaeria;Victivallales;NA;NA;NA;
/home/glbrc.org/echiang3/Saline_MetaG/kaiju/all_shortreads/S-S05.kaiju.output	0.001491	933	72273	Bacteria;Proteobacteria;Gammaproteobacteria;Thiotrichales;NA;NA;NA;
/home/glbrc.org/echiang3/Saline_MetaG/kaiju/all_shortreads/S-S05.kaiju.output	0.001457	912	135618	Bacteria;Proteobacteria;Gammaproteobacteria;Methylococcales;NA;NA;NA;
/home/glbrc.org/echiang3/Saline_MetaG/kaiju/all_shortreads/S-S05.kaiju.output	0.001441	902	1150	Bacteria;Cyanobacteria;NA;Oscillatoriales;NA;NA;NA;
/home/glbrc.org/echiang3/Saline_MetaG/kaiju/all_shortreads/S-S05.kaiju.output	0.001374	860	66288	Eukaryota;Preaxostyla;NA;Oxymonadida;NA;NA;NA;
/home/glbrc.org/echiang3/Saline_MetaG/kaiju/all_shortreads/S-S05.kaiju.output	0.001358	850	1643688	Bacteria;Spirochaetes;Spirochaetia;Leptospirales;NA;NA;NA;
/home/glbrc.org/echiang3/Saline_MetaG/kaiju/all_shortreads/S-S05.kaiju.output	0.001265	792	85012	Bacteria;Actinobacteria;Actinobacteria;Streptosporangiales;NA;NA;NA;
/home/glbrc.org/echiang3/Saline_MetaG/kaiju/all_shortreads/S-S05.kaiju.output	0.001233	772	191411	Bacteria;Chlorobi;Chlorobia;Chlorobiales;NA;NA;NA;
/home/glbrc.org/echiang3/Saline_MetaG/kaiju/all_shortreads/S-S05.kaiju.output	0.001229	769	204458	Bacteria;Proteobacteria;Alphaproteobacteria;Caulobacterales;NA;NA;NA;
/home/glbrc.org/echiang3/Saline_MetaG/kaiju/all_shortreads/S-S05.kaiju.output	0.001178	737	2419	Bacteria;Thermotogae;Thermotogae;Thermotogales;NA;NA;NA;
/home/glbrc.org/echiang3/Saline_MetaG/kaiju/all_shortreads/S-S05.kaiju.output	0.001146	717	85010	Bacteria;Actinobacteria;Actinobacteria;Pseudonocardiales;NA;NA;NA;
/home/glbrc.org/echiang3/Saline_MetaG/kaiju/all_shortreads/S-S05.kaiju.output	0.001141	714	1118	Bacteria;Cyanobacteria;NA;Chroococcales;NA;NA;NA;
/home/glbrc.org/echiang3/Saline_MetaG/kaiju/all_shortreads/S-S05.kaiju.output	0.001045	654	471822	Bacteria;NA;NA;Haloplasmatales;NA;NA;NA;
/home/glbrc.org/echiang3/Saline_MetaG/kaiju/all_shortreads/S-S05.kaiju.output	0.001039	650	4827	Eukaryota;Mucoromycota;Mucoromycetes;Mucorales;NA;NA;NA;
/home/glbrc.org/echiang3/Saline_MetaG/kaiju/all_shortreads/S-S05.kaiju.output	0.001037	649	213481	Bacteria;Proteobacteria;Oligoflexia;Bdellovibrionales;NA;NA;NA;
/home/glbrc.org/echiang3/Saline_MetaG/kaiju/all_shortreads/S-S05.kaiju.output	0.001013	634	1853223	Bacteria;Balneolaeota;Balneolia;Balneolales;NA;NA;NA;
/home/glbrc.org/echiang3/Saline_MetaG/kaiju/all_shortreads/S-S05.kaiju.output	0.000962	602	1643947	Bacteria;Thermotogae;Thermotogae;Petrotogales;NA;NA;NA;
/home/glbrc.org/echiang3/Saline_MetaG/kaiju/all_shortreads/S-S05.kaiju.output	0.000933	584	204433	Bacteria;Acidobacteria;Acidobacteriia;Acidobacteriales;NA;NA;NA;
/home/glbrc.org/echiang3/Saline_MetaG/kaiju/all_shortreads/S-S05.kaiju.output	0.000906	567	1127829	Bacteria;Planctomycetes;Candidatus Brocadiae;Candidatus Brocadiales;NA;NA;NA;
/home/glbrc.org/echiang3/Saline_MetaG/kaiju/all_shortreads/S-S05.kaiju.output	0.000900	563	415001	Bacteria;Verrucomicrobia;Opitutae;Puniceicoccales;NA;NA;NA;
/home/glbrc.org/echiang3/Saline_MetaG/kaiju/all_shortreads/S-S05.kaiju.output	0.000888	556	85008	Bacteria;Actinobacteria;Actinobacteria;Micromonosporales;NA;NA;NA;
/home/glbrc.org/echiang3/Saline_MetaG/kaiju/all_shortreads/S-S05.kaiju.output	0.000887	555	1240482	Bacteria;Proteobacteria;Gammaproteobacteria;Orbales;NA;NA;NA;
/home/glbrc.org/echiang3/Saline_MetaG/kaiju/all_shortreads/S-S05.kaiju.output	0.000864	541	191393	Bacteria;Deferribacteres;Deferribacteres;Deferribacterales;NA;NA;NA;
/home/glbrc.org/echiang3/Saline_MetaG/kaiju/all_shortreads/S-S05.kaiju.output	0.000855	535	68933	Bacteria;Deinococcus-Thermus;Deinococci;Thermales;NA;NA;NA;
/home/glbrc.org/echiang3/Saline_MetaG/kaiju/all_shortreads/S-S05.kaiju.output	0.000840	526	118964	Bacteria;Deinococcus-Thermus;Deinococci;Deinococcales;NA;NA;NA;
/home/glbrc.org/echiang3/Saline_MetaG/kaiju/all_shortreads/S-S05.kaiju.output	0.000836	523	36750	Eukaryota;Mucoromycota;Glomeromycetes;Glomerales;NA;NA;NA;
/home/glbrc.org/echiang3/Saline_MetaG/kaiju/all_shortreads/S-S05.kaiju.output	0.000826	517	118969	Bacteria;Proteobacteria;Gammaproteobacteria;Legionellales;NA;NA;NA;
/home/glbrc.org/echiang3/Saline_MetaG/kaiju/all_shortreads/S-S05.kaiju.output	0.000714	447	795748	Bacteria;Ignavibacteriae;Ignavibacteria;Ignavibacteriales;NA;NA;NA;
/home/glbrc.org/echiang3/Saline_MetaG/kaiju/all_shortreads/S-S05.kaiju.output	0.000711	445	186328	Bacteria;Tenericutes;Mollicutes;Entomoplasmatales;NA;NA;NA;
/home/glbrc.org/echiang3/Saline_MetaG/kaiju/all_shortreads/S-S05.kaiju.output	0.000685	429	2691354	Bacteria;Planctomycetes;Planctomycetia;Pirellulales;NA;NA;NA;
/home/glbrc.org/echiang3/Saline_MetaG/kaiju/all_shortreads/S-S05.kaiju.output	0.000599	375	32069	Bacteria;Aquificae;Aquificae;Aquificales;NA;NA;NA;
/home/glbrc.org/echiang3/Saline_MetaG/kaiju/all_shortreads/S-S05.kaiju.output	0.000580	363	112	Bacteria;Planctomycetes;Planctomycetia;Planctomycetales;NA;NA;NA;
/home/glbrc.org/echiang3/Saline_MetaG/kaiju/all_shortreads/S-S05.kaiju.output	0.000570	357	54526	Bacteria;Proteobacteria;Alphaproteobacteria;Pelagibacterales;NA;NA;NA;
/home/glbrc.org/echiang3/Saline_MetaG/kaiju/all_shortreads/S-S05.kaiju.output	0.000566	354	188710	Bacteria;Thermodesulfobacteria;Thermodesulfobacteria;Thermodesulfobacteriales;NA;NA;NA;
/home/glbrc.org/echiang3/Saline_MetaG/kaiju/all_shortreads/S-S05.kaiju.output	0.000545	341	766	Bacteria;Proteobacteria;Alphaproteobacteria;Rickettsiales;NA;NA;NA;
/home/glbrc.org/echiang3/Saline_MetaG/kaiju/all_shortreads/S-S05.kaiju.output	0.000534	334	1643946	Bacteria;Thermotogae;Thermotogae;Kosmotogales;NA;NA;NA;
/home/glbrc.org/echiang3/Saline_MetaG/kaiju/all_shortreads/S-S05.kaiju.output	0.000514	322	1775403	Bacteria;Proteobacteria;Gammaproteobacteria;Nevskiales;NA;NA;NA;
/home/glbrc.org/echiang3/Saline_MetaG/kaiju/all_shortreads/S-S05.kaiju.output	0.000487	305	1963360	Bacteria;Chlamydiae;Chlamydiia;Parachlamydiales;NA;NA;NA;
/home/glbrc.org/echiang3/Saline_MetaG/kaiju/all_shortreads/S-S05.kaiju.output	0.000481	301	740972	Eukaryota;Parabasalia;NA;Tritrichomonadida;NA;NA;NA;
/home/glbrc.org/echiang3/Saline_MetaG/kaiju/all_shortreads/S-S05.kaiju.output	0.000475	297	1921002	Bacteria;Proteobacteria;Alphaproteobacteria;Holosporales;NA;NA;NA;
/home/glbrc.org/echiang3/Saline_MetaG/kaiju/all_shortreads/S-S05.kaiju.output	0.000465	291	2235	Archaea;Euryarchaeota;Halobacteria;Halobacteriales;NA;NA;NA;
/home/glbrc.org/echiang3/Saline_MetaG/kaiju/all_shortreads/S-S05.kaiju.output	0.000444	278	5042	Eukaryota;Ascomycota;Eurotiomycetes;Eurotiales;NA;NA;NA;
/home/glbrc.org/echiang3/Saline_MetaG/kaiju/all_shortreads/S-S05.kaiju.output	0.000430	269	219686	Bacteria;Gemmatimonadetes;Gemmatimonadetes;Gemmatimonadales;NA;NA;NA;
/home/glbrc.org/echiang3/Saline_MetaG/kaiju/all_shortreads/S-S05.kaiju.output	0.000422	264	1921782	Bacteria;Kiritimatiellaeota;Kiritimatiellae;Kiritimatiellales;NA;NA;NA;
/home/glbrc.org/echiang3/Saline_MetaG/kaiju/all_shortreads/S-S05.kaiju.output	0.000406	254	388448	Bacteria;Chloroflexi;Ktedonobacteria;Ktedonobacterales;NA;NA;NA;
/home/glbrc.org/echiang3/Saline_MetaG/kaiju/all_shortreads/S-S05.kaiju.output	0.000401	251	1803511	Archaea;Candidatus Altiarchaeota;NA;Candidatus Altiarchaeales;NA;NA;NA;
/home/glbrc.org/echiang3/Saline_MetaG/kaiju/all_shortreads/S-S05.kaiju.output	0.000388	243	37104	Eukaryota;Parabasalia;NA;Trichomonadida;NA;NA;NA;
/home/glbrc.org/echiang3/Saline_MetaG/kaiju/all_shortreads/S-S05.kaiju.output	0.000385	241	1485951	Bacteria;Aquificae;Aquificae;Desulfurobacteriales;NA;NA;NA;
/home/glbrc.org/echiang3/Saline_MetaG/kaiju/all_shortreads/S-S05.kaiju.output	0.000377	236	85013	Bacteria;Actinobacteria;Actinobacteria;Frankiales;NA;NA;NA;
/home/glbrc.org/echiang3/Saline_MetaG/kaiju/all_shortreads/S-S05.kaiju.output	0.000369	231	84993	Bacteria;Actinobacteria;Acidimicrobiia;Acidimicrobiales;NA;NA;NA;
/home/glbrc.org/echiang3/Saline_MetaG/kaiju/all_shortreads/S-S05.kaiju.output	0.000351	220	2483366	Bacteria;Planctomycetes;Phycisphaerae;Sedimentisphaerales;NA;NA;NA;
/home/glbrc.org/echiang3/Saline_MetaG/kaiju/all_shortreads/S-S05.kaiju.output	0.000347	217	5178	Eukaryota;Ascomycota;Leotiomycetes;Helotiales;NA;NA;NA;
/home/glbrc.org/echiang3/Saline_MetaG/kaiju/all_shortreads/S-S05.kaiju.output	0.000326	204	597358	Bacteria;Proteobacteria;Alphaproteobacteria;Kiloniellales;NA;NA;NA;
/home/glbrc.org/echiang3/Saline_MetaG/kaiju/all_shortreads/S-S05.kaiju.output	0.000323	202	32064	Bacteria;Chloroflexi;Chloroflexia;Chloroflexales;NA;NA;NA;
/home/glbrc.org/echiang3/Saline_MetaG/kaiju/all_shortreads/S-S05.kaiju.output	0.000313	196	4892	Eukaryota;Ascomycota;Saccharomycetes;Saccharomycetales;NA;NA;NA;
/home/glbrc.org/echiang3/Saline_MetaG/kaiju/all_shortreads/S-S05.kaiju.output	0.000305	191	1860137	Bacteria;Fibrobacteres;Chitinispirillia;Chitinispirillales;NA;NA;NA;
/home/glbrc.org/echiang3/Saline_MetaG/kaiju/all_shortreads/S-S05.kaiju.output	0.000302	189	2691356	Bacteria;Planctomycetes;Planctomycetia;Isosphaerales;NA;NA;NA;
/home/glbrc.org/echiang3/Saline_MetaG/kaiju/all_shortreads/S-S05.kaiju.output	0.000292	183	203487	Bacteria;Dictyoglomi;Dictyoglomia;Dictyoglomales;NA;NA;NA;
/home/glbrc.org/echiang3/Saline_MetaG/kaiju/all_shortreads/S-S05.kaiju.output	0.000292	183	1100069	Bacteria;Bacteroidetes;NA;Bacteroidetes Order II. Incertae sedis;NA;NA;NA;
/home/glbrc.org/echiang3/Saline_MetaG/kaiju/all_shortreads/S-S05.kaiju.output	0.000276	173	485256	Bacteria;Firmicutes;Clostridia;Natranaerobiales;NA;NA;NA;
/home/glbrc.org/echiang3/Saline_MetaG/kaiju/all_shortreads/S-S05.kaiju.output	0.000276	173	588673	Bacteria;Actinobacteria;Thermoleophilia;Solirubrobacterales;NA;NA;NA;
/home/glbrc.org/echiang3/Saline_MetaG/kaiju/all_shortreads/S-S05.kaiju.output	0.000275	172	1028384	Eukaryota;Ascomycota;Sordariomycetes;Glomerellales;NA;NA;NA;
/home/glbrc.org/echiang3/Saline_MetaG/kaiju/all_shortreads/S-S05.kaiju.output	0.000265	166	1853224	Bacteria;Rhodothermaeota;Rhodothermia;Rhodothermales;NA;NA;NA;
/home/glbrc.org/echiang3/Saline_MetaG/kaiju/all_shortreads/S-S05.kaiju.output	0.000262	164	453227	Bacteria;Proteobacteria;Deltaproteobacteria;Desulfarculales;NA;NA;NA;
/home/glbrc.org/echiang3/Saline_MetaG/kaiju/all_shortreads/S-S05.kaiju.output	0.000257	161	213113	Bacteria;Proteobacteria;Deltaproteobacteria;Desulfurellales;NA;NA;NA;
/home/glbrc.org/echiang3/Saline_MetaG/kaiju/all_shortreads/S-S05.kaiju.output	0.000252	158	2024979	Bacteria;Proteobacteria;Oligoflexia;Bacteriovoracales;NA;NA;NA;
/home/glbrc.org/echiang3/Saline_MetaG/kaiju/all_shortreads/S-S05.kaiju.output	0.000246	154	189769	Bacteria;Chrysiogenetes;Chrysiogenetes;Chrysiogenales;NA;NA;NA;
/home/glbrc.org/echiang3/Saline_MetaG/kaiju/all_shortreads/S-S05.kaiju.output	0.000244	153	1962852	Bacteria;Calditrichaeota;Calditrichae;Calditrichales;NA;NA;NA;
/home/glbrc.org/echiang3/Saline_MetaG/kaiju/all_shortreads/S-S05.kaiju.output	0.000243	152	2498707	Bacteria;Candidatus Cryosericota;Candidatus Cryosericia;Candidatus Cryosericales;NA;NA;NA;
/home/glbrc.org/echiang3/Saline_MetaG/kaiju/all_shortreads/S-S05.kaiju.output	0.000230	144	2507543	Bacteria;Candidatus Margulisbacteria;Candidatus Termititenacia;Candidatus Termititenacales;NA;NA;NA;
/home/glbrc.org/echiang3/Saline_MetaG/kaiju/all_shortreads/S-S05.kaiju.output	0.000228	143	332160	Bacteria;Acidobacteria;Acidobacteriia;Bryobacterales;NA;NA;NA;
/home/glbrc.org/echiang3/Saline_MetaG/kaiju/all_shortreads/S-S05.kaiju.output	0.000227	142	1783344	Bacteria;Elusimicrobia;Endomicrobia;Endomicrobiales;NA;NA;NA;
/home/glbrc.org/echiang3/Saline_MetaG/kaiju/all_shortreads/S-S05.kaiju.output	0.000225	141	265318	Eukaryota;Rhodophyta;Bangiophyceae;Cyanidiales;NA;NA;NA;
/home/glbrc.org/echiang3/Saline_MetaG/kaiju/all_shortreads/S-S05.kaiju.output	0.000211	132	52604	Bacteria;Cyanobacteria;NA;Pleurocapsales;NA;NA;NA;
/home/glbrc.org/echiang3/Saline_MetaG/kaiju/all_shortreads/S-S05.kaiju.output	0.000201	126	5125	Eukaryota;Ascomycota;Sordariomycetes;Hypocreales;NA;NA;NA;
/home/glbrc.org/echiang3/Saline_MetaG/kaiju/all_shortreads/S-S05.kaiju.output	0.000197	123	2301	Archaea;Euryarchaeota;Thermoplasmata;Thermoplasmatales;NA;NA;NA;
/home/glbrc.org/echiang3/Saline_MetaG/kaiju/all_shortreads/S-S05.kaiju.output	0.000195	122	119069	Bacteria;Proteobacteria;Hydrogenophilalia;Hydrogenophilales;NA;NA;NA;
/home/glbrc.org/echiang3/Saline_MetaG/kaiju/all_shortreads/S-S05.kaiju.output	0.000184	115	2182	Archaea;Euryarchaeota;Methanococci;Methanococcales;NA;NA;NA;
/home/glbrc.org/echiang3/Saline_MetaG/kaiju/all_shortreads/S-S05.kaiju.output	0.000182	114	4763	Eukaryota;NA;Oomycota;Saprolegniales;NA;NA;NA;
/home/glbrc.org/echiang3/Saline_MetaG/kaiju/all_shortreads/S-S05.kaiju.output	0.000182	114	225057	Bacteria;Proteobacteria;Acidithiobacillia;Acidithiobacillales;NA;NA;NA;
/home/glbrc.org/echiang3/Saline_MetaG/kaiju/all_shortreads/S-S05.kaiju.output	0.000179	112	278081	Bacteria;Lentisphaerae;Lentisphaeria;Lentisphaerales;NA;NA;NA;
/home/glbrc.org/echiang3/Saline_MetaG/kaiju/all_shortreads/S-S05.kaiju.output	0.000171	107	5185	Eukaryota;Ascomycota;Pezizomycetes;Pezizales;NA;NA;NA;
/home/glbrc.org/echiang3/Saline_MetaG/kaiju/all_shortreads/S-S05.kaiju.output	0.000168	105	85014	Bacteria;Actinobacteria;Actinobacteria;Glycomycetales;NA;NA;NA;
/home/glbrc.org/echiang3/Saline_MetaG/kaiju/all_shortreads/S-S05.kaiju.output	0.000166	104	135615	Bacteria;Proteobacteria;Gammaproteobacteria;Cardiobacteriales;NA;NA;NA;
/home/glbrc.org/echiang3/Saline_MetaG/kaiju/all_shortreads/S-S05.kaiju.output	0.000157	98	2691355	Bacteria;Planctomycetes;Planctomycetia;Gemmatales;NA;NA;NA;
/home/glbrc.org/echiang3/Saline_MetaG/kaiju/all_shortreads/S-S05.kaiju.output	0.000150	94	1191478	Bacteria;Proteobacteria;Alphaproteobacteria;Magnetococcales;NA;NA;NA;
/home/glbrc.org/echiang3/Saline_MetaG/kaiju/all_shortreads/S-S05.kaiju.output	0.000147	92	1077263	Bacteria;Armatimonadetes;Chthonomonadetes;Chthonomonadales;NA;NA;NA;
/home/glbrc.org/echiang3/Saline_MetaG/kaiju/all_shortreads/S-S05.kaiju.output	0.000147	92	1643682	Bacteria;Actinobacteria;Actinobacteria;Geodermatophilales;NA;NA;NA;
/home/glbrc.org/echiang3/Saline_MetaG/kaiju/all_shortreads/S-S05.kaiju.output	0.000145	91	666506	Bacteria;Planctomycetes;Phycisphaerae;Phycisphaerales;NA;NA;NA;
/home/glbrc.org/echiang3/Saline_MetaG/kaiju/all_shortreads/S-S05.kaiju.output	0.000142	89	475963	Bacteria;Chloroflexi;Caldilineae;Caldilineales;NA;NA;NA;
/home/glbrc.org/echiang3/Saline_MetaG/kaiju/all_shortreads/S-S05.kaiju.output	0.000142	89	1644055	Archaea;Euryarchaeota;Halobacteria;Haloferacales;NA;NA;NA;
/home/glbrc.org/echiang3/Saline_MetaG/kaiju/all_shortreads/S-S05.kaiju.output	0.000141	88	85001	Bacteria;Chloroflexi;Thermomicrobia;Sphaerobacterales;NA;NA;NA;
/home/glbrc.org/echiang3/Saline_MetaG/kaiju/all_shortreads/S-S05.kaiju.output	0.000141	88	1769716	Bacteria;Thermotogae;Thermotogae;Mesoaciditogales;NA;NA;NA;
/home/glbrc.org/echiang3/Saline_MetaG/kaiju/all_shortreads/S-S05.kaiju.output	0.000141	88	2704949	Eukaryota;Euglenozoa;Kinetoplastea;Trypanosomatida;NA;NA;NA;
/home/glbrc.org/echiang3/Saline_MetaG/kaiju/all_shortreads/S-S05.kaiju.output	0.000139	87	1217098	Bacteria;Actinobacteria;Actinobacteria;Jiangellales;NA;NA;NA;
/home/glbrc.org/echiang3/Saline_MetaG/kaiju/all_shortreads/S-S05.kaiju.output	0.000137	86	307595	Bacteria;Cyanobacteria;Gloeobacteria;Gloeobacterales;NA;NA;NA;
/home/glbrc.org/echiang3/Saline_MetaG/kaiju/all_shortreads/S-S05.kaiju.output	0.000131	82	84996	Bacteria;Actinobacteria;Rubrobacteria;Rubrobacterales;NA;NA;NA;
/home/glbrc.org/echiang3/Saline_MetaG/kaiju/all_shortreads/S-S05.kaiju.output	0.000126	79	235899	Bacteria;Proteobacteria;Epsilonproteobacteria;Nautiliales;NA;NA;NA;
/home/glbrc.org/echiang3/Saline_MetaG/kaiju/all_shortreads/S-S05.kaiju.output	0.000125	78	189479	Eukaryota;Ascomycota;Orbiliomycetes;Orbiliales;NA;NA;NA;
/home/glbrc.org/echiang3/Saline_MetaG/kaiju/all_shortreads/S-S05.kaiju.output	0.000125	78	255473	Bacteria;Proteobacteria;Alphaproteobacteria;Parvularculales;NA;NA;NA;
/home/glbrc.org/echiang3/Saline_MetaG/kaiju/all_shortreads/S-S05.kaiju.output	0.000123	77	92860	Eukaryota;Ascomycota;Dothideomycetes;Pleosporales;NA;NA;NA;
/home/glbrc.org/echiang3/Saline_MetaG/kaiju/all_shortreads/S-S05.kaiju.output	0.000121	76	2258	Archaea;Euryarchaeota;Thermococci;Thermococcales;NA;NA;NA;
/home/glbrc.org/echiang3/Saline_MetaG/kaiju/all_shortreads/S-S05.kaiju.output	0.000121	76	5738	Eukaryota;Fornicata;NA;Diplomonadida;NA;NA;NA;
/home/glbrc.org/echiang3/Saline_MetaG/kaiju/all_shortreads/S-S05.kaiju.output	0.000121	76	2024973	Bacteria;Proteobacteria;Oligoflexia;Silvanigrellales;NA;NA;NA;
/home/glbrc.org/echiang3/Saline_MetaG/kaiju/all_shortreads/S-S05.kaiju.output	0.000120	75	5258	Eukaryota;Basidiomycota;Pucciniomycetes;Pucciniales;NA;NA;NA;
/home/glbrc.org/echiang3/Saline_MetaG/kaiju/all_shortreads/S-S05.kaiju.output	0.000109	68	574975	Bacteria;Acidobacteria;Holophagae;Holophagales;NA;NA;NA;
/home/glbrc.org/echiang3/Saline_MetaG/kaiju/all_shortreads/S-S05.kaiju.output	0.000107	67	35460	Eukaryota;Chlorophyta;Trebouxiophyceae;Chlorellales;NA;NA;NA;
/home/glbrc.org/echiang3/Saline_MetaG/kaiju/all_shortreads/S-S05.kaiju.output	0.000105	66	34395	Eukaryota;Ascomycota;Eurotiomycetes;Chaetothyriales;NA;NA;NA;
/home/glbrc.org/echiang3/Saline_MetaG/kaiju/all_shortreads/S-S05.kaiju.output	0.000102	64	1779134	Bacteria;Proteobacteria;Deltaproteobacteria;Bradymonadales;NA;NA;NA;
/home/glbrc.org/echiang3/Saline_MetaG/kaiju/all_shortreads/S-S05.kaiju.output	0.000101	63	35087	Eukaryota;Apicomplexa;Conoidasida;Eugregarinorida;NA;NA;NA;
/home/glbrc.org/echiang3/Saline_MetaG/kaiju/all_shortreads/S-S05.kaiju.output	0.000101	63	134362	Eukaryota;Ascomycota;Dothideomycetes;Capnodiales;NA;NA;NA;
/home/glbrc.org/echiang3/Saline_MetaG/kaiju/all_shortreads/S-S05.kaiju.output	0.000097	61	1293499	Bacteria;Nitrospinae;Nitrospinia;Nitrospinales;NA;NA;NA;
/home/glbrc.org/echiang3/Saline_MetaG/kaiju/all_shortreads/S-S05.kaiju.output	0.000097	61	2231171	Eukaryota;Chytridiomycota;Chytridiomycetes;Synchytriales;NA;NA;NA;
/home/glbrc.org/echiang3/Saline_MetaG/kaiju/all_shortreads/S-S05.kaiju.output	0.000094	59	75739	Eukaryota;Apicomplexa;Conoidasida;Eucoccidiorida;NA;NA;NA;
/home/glbrc.org/echiang3/Saline_MetaG/kaiju/all_shortreads/S-S05.kaiju.output	0.000094	59	133814	Archaea;Euryarchaeota;Candidatus Poseidoniia;Candidatus Poseidoniales;NA;NA;NA;
/home/glbrc.org/echiang3/Saline_MetaG/kaiju/all_shortreads/S-S05.kaiju.output	0.000094	59	570264	Archaea;Euryarchaeota;Methanomicrobia;Methanocellales;NA;NA;NA;
/home/glbrc.org/echiang3/Saline_MetaG/kaiju/all_shortreads/S-S05.kaiju.output	0.000093	58	768667	Bacteria;Chloroflexi;Ktedonobacteria;Thermogemmatisporales;NA;NA;NA;
/home/glbrc.org/echiang3/Saline_MetaG/kaiju/all_shortreads/S-S05.kaiju.output	0.000088	55	580371	Bacteria;Proteobacteria;Zetaproteobacteria;Mariprofundales;NA;NA;NA;
/home/glbrc.org/echiang3/Saline_MetaG/kaiju/all_shortreads/S-S05.kaiju.output	0.000088	55	2494207	Bacteria;Armatimonadetes;Armatimonadia;Capsulimonadales;NA;NA;NA;
/home/glbrc.org/echiang3/Saline_MetaG/kaiju/all_shortreads/S-S05.kaiju.output	0.000083	52	742030	Bacteria;Proteobacteria;Gammaproteobacteria;Salinisphaerales;NA;NA;NA;
/home/glbrc.org/echiang3/Saline_MetaG/kaiju/all_shortreads/S-S05.kaiju.output	0.000083	52	1553901	Bacteria;Proteobacteria;Oligoflexia;Oligoflexales;NA;NA;NA;
/home/glbrc.org/echiang3/Saline_MetaG/kaiju/all_shortreads/S-S05.kaiju.output	0.000081	51	714581	Eukaryota;Ascomycota;Dothideomycetes;Trypetheliales;NA;NA;NA;
/home/glbrc.org/echiang3/Saline_MetaG/kaiju/all_shortreads/S-S05.kaiju.output	0.000081	51	2597219	Bacteria;Proteobacteria;Deltaproteobacteria;Candidatus Acidulodesulfobacterales;NA;NA;NA;
/home/glbrc.org/echiang3/Saline_MetaG/kaiju/all_shortreads/S-S05.kaiju.output	0.000080	50	292576	Eukaryota;Ascomycota;Sordariomycetes;Coniochaetales;NA;NA;NA;
/home/glbrc.org/echiang3/Saline_MetaG/kaiju/all_shortreads/S-S05.kaiju.output	0.000078	49	510684	Bacteria;Proteobacteria;Alphaproteobacteria;Sneathiellales;NA;NA;NA;
/home/glbrc.org/echiang3/Saline_MetaG/kaiju/all_shortreads/S-S05.kaiju.output	0.000077	48	5267	Eukaryota;Basidiomycota;Ustilaginomycetes;Ustilaginales;NA;NA;NA;
/home/glbrc.org/echiang3/Saline_MetaG/kaiju/all_shortreads/S-S05.kaiju.output	0.000077	48	13792	Eukaryota;Chlorophyta;Mamiellophyceae;Mamiellales;NA;NA;NA;
/home/glbrc.org/echiang3/Saline_MetaG/kaiju/all_shortreads/S-S05.kaiju.output	0.000077	48	189772	Bacteria;Chloroflexi;Chloroflexia;Herpetosiphonales;NA;NA;NA;
/home/glbrc.org/echiang3/Saline_MetaG/kaiju/all_shortreads/S-S05.kaiju.output	0.000077	48	362534	Bacteria;Proteobacteria;Alphaproteobacteria;Kordiimonadales;NA;NA;NA;
/home/glbrc.org/echiang3/Saline_MetaG/kaiju/all_shortreads/S-S05.kaiju.output	0.000077	48	622452	Bacteria;Actinobacteria;Actinobacteria;Kineosporiales;NA;NA;NA;
/home/glbrc.org/echiang3/Saline_MetaG/kaiju/all_shortreads/S-S05.kaiju.output	0.000077	48	908621	Bacteria;Actinobacteria;Nitriliruptoria;Euzebyales;NA;NA;NA;
/home/glbrc.org/echiang3/Saline_MetaG/kaiju/all_shortreads/S-S05.kaiju.output	0.000075	47	5338	Eukaryota;Basidiomycota;Agaricomycetes;Agaricales;NA;NA;NA;
/home/glbrc.org/echiang3/Saline_MetaG/kaiju/all_shortreads/S-S05.kaiju.output	0.000075	47	37989	Eukaryota;Ascomycota;Sordariomycetes;Xylariales;NA;NA;NA;
/home/glbrc.org/echiang3/Saline_MetaG/kaiju/all_shortreads/S-S05.kaiju.output	0.000072	45	2138246	Bacteria;Coprothermobacterota;Coprothermobacteria;Coprothermobacterales;NA;NA;NA;
/home/glbrc.org/echiang3/Saline_MetaG/kaiju/all_shortreads/S-S05.kaiju.output	0.000070	44	1676649	Bacteria;Firmicutes;Limnochordia;Limnochordales;NA;NA;NA;
/home/glbrc.org/echiang3/Saline_MetaG/kaiju/all_shortreads/S-S05.kaiju.output	0.000067	42	2281	Archaea;Crenarchaeota;Thermoprotei;Sulfolobales;NA;NA;NA;
/home/glbrc.org/echiang3/Saline_MetaG/kaiju/all_shortreads/S-S05.kaiju.output	0.000067	42	1643687	Bacteria;Spirochaetes;Spirochaetia;Brevinematales;NA;NA;NA;
/home/glbrc.org/echiang3/Saline_MetaG/kaiju/all_shortreads/S-S05.kaiju.output	0.000067	42	1692040	Bacteria;Proteobacteria;Gammaproteobacteria;Acidiferrobacterales;NA;NA;NA;
/home/glbrc.org/echiang3/Saline_MetaG/kaiju/all_shortreads/S-S05.kaiju.output	0.000064	40	1836787	Bacteria;Verrucomicrobia;Spartobacteria;Chthoniobacterales;NA;NA;NA;
/home/glbrc.org/echiang3/Saline_MetaG/kaiju/all_shortreads/S-S05.kaiju.output	0.000062	39	33847	Eukaryota;Bacillariophyta;Coscinodiscophyceae;Thalassiosirales;NA;NA;NA;
/home/glbrc.org/echiang3/Saline_MetaG/kaiju/all_shortreads/S-S05.kaiju.output	0.000062	39	1154584	Bacteria;Actinobacteria;Rubrobacteria;Gaiellales;NA;NA;NA;
/home/glbrc.org/echiang3/Saline_MetaG/kaiju/all_shortreads/S-S05.kaiju.output	0.000062	39	1644060	Archaea;Euryarchaeota;Halobacteria;Natrialbales;NA;NA;NA;
/home/glbrc.org/echiang3/Saline_MetaG/kaiju/all_shortreads/S-S05.kaiju.output	0.000061	38	28997	Eukaryota;Basidiomycota;Dacrymycetes;Dacrymycetales;NA;NA;NA;
/home/glbrc.org/echiang3/Saline_MetaG/kaiju/all_shortreads/S-S05.kaiju.output	0.000059	37	31932	Archaea;Thaumarchaeota;NA;Nitrosopumilales;NA;NA;NA;
/home/glbrc.org/echiang3/Saline_MetaG/kaiju/all_shortreads/S-S05.kaiju.output	0.000058	36	2877	Eukaryota;NA;Phaeophyceae;Ectocarpales;NA;NA;NA;
/home/glbrc.org/echiang3/Saline_MetaG/kaiju/all_shortreads/S-S05.kaiju.output	0.000058	36	3042	Eukaryota;Chlorophyta;Chlorophyceae;Chlamydomonadales;NA;NA;NA;
/home/glbrc.org/echiang3/Saline_MetaG/kaiju/all_shortreads/S-S05.kaiju.output	0.000058	36	1747768	Bacteria;Actinobacteria;Nitriliruptoria;Egibacterales;NA;NA;NA;
/home/glbrc.org/echiang3/Saline_MetaG/kaiju/all_shortreads/S-S05.kaiju.output	0.000054	34	4869	Eukaryota;Mucoromycota;Endogonomycetes;Endogonales;NA;NA;NA;
/home/glbrc.org/echiang3/Saline_MetaG/kaiju/all_shortreads/S-S05.kaiju.output	0.000054	34	717963	Bacteria;Verrucomicrobia;Methylacidiphilae;Methylacidiphilales;NA;NA;NA;
/home/glbrc.org/echiang3/Saline_MetaG/kaiju/all_shortreads/S-S05.kaiju.output	0.000053	33	1382929	Bacteria;Chloroflexi;Ardenticatenia;Ardenticatenales;NA;NA;NA;
/home/glbrc.org/echiang3/Saline_MetaG/kaiju/all_shortreads/S-S05.kaiju.output	0.000053	33	1890443	Bacteria;Cyanobacteria;NA;Spirulinales;NA;NA;NA;
/home/glbrc.org/echiang3/Saline_MetaG/kaiju/all_shortreads/S-S05.kaiju.output	0.000053	33	2058949	Eukaryota;Evosea;Eumycetozoa;Dictyosteliales;NA;NA;NA;
/home/glbrc.org/echiang3/Saline_MetaG/kaiju/all_shortreads/S-S05.kaiju.output	0.000051	32	1934945	Bacteria;Proteobacteria;Gammaproteobacteria;Immundisolibacterales;NA;NA;NA;
/home/glbrc.org/echiang3/Saline_MetaG/kaiju/all_shortreads/S-S05.kaiju.output	0.000051	32	2152897	Bacteria;Candidatus Fermentibacteria;Candidatus Fermentibacteria (class);Candidatus Fermentibacterales;NA;NA;NA;
/home/glbrc.org/echiang3/Saline_MetaG/kaiju/all_shortreads/S-S05.kaiju.output	0.000051	32	2682482	Eukaryota;Evosea;NA;Mastigamoebida;NA;NA;NA;
/home/glbrc.org/echiang3/Saline_MetaG/kaiju/all_shortreads/S-S05.kaiju.output	0.000050	31	414714	Bacteria;Actinobacteria;Actinobacteria;Catenulisporales;NA;NA;NA;
/home/glbrc.org/echiang3/Saline_MetaG/kaiju/all_shortreads/S-S05.kaiju.output	0.000050	31	589342	Eukaryota;NA;Cryptophyceae;Pyrenomonadales;NA;NA;NA;
/home/glbrc.org/echiang3/Saline_MetaG/kaiju/all_shortreads/S-S05.kaiju.output	0.000046	29	33651	Eukaryota;NA;Bigyra;Bicosoecida;NA;NA;NA;
/home/glbrc.org/echiang3/Saline_MetaG/kaiju/all_shortreads/S-S05.kaiju.output	0.000046	29	297313	Eukaryota;Basidiomycota;Agaricomycetes;Sebacinales;NA;NA;NA;
/home/glbrc.org/echiang3/Saline_MetaG/kaiju/all_shortreads/S-S05.kaiju.output	0.000045	28	29216	Eukaryota;Rhodophyta;Bangiophyceae;Bangiales;NA;NA;NA;
/home/glbrc.org/echiang3/Saline_MetaG/kaiju/all_shortreads/S-S05.kaiju.output	0.000043	27	4776	Eukaryota;NA;Oomycota;Peronosporales;NA;NA;NA;
/home/glbrc.org/echiang3/Saline_MetaG/kaiju/all_shortreads/S-S05.kaiju.output	0.000043	27	596497	Bacteria;Actinobacteria;Nitriliruptoria;Nitriliruptorales;NA;NA;NA;
/home/glbrc.org/echiang3/Saline_MetaG/kaiju/all_shortreads/S-S05.kaiju.output	0.000042	26	54409	Eukaryota;NA;Pelagophyceae;Pelagomonadales;NA;NA;NA;
/home/glbrc.org/echiang3/Saline_MetaG/kaiju/all_shortreads/S-S05.kaiju.output	0.000042	26	693072	Bacteria;Caldiserica;Caldisericia;Caldisericales;NA;NA;NA;
/home/glbrc.org/echiang3/Saline_MetaG/kaiju/all_shortreads/S-S05.kaiju.output	0.000038	24	2066490	Bacteria;Proteobacteria;Alphaproteobacteria;Emcibacterales;NA;NA;NA;
/home/glbrc.org/echiang3/Saline_MetaG/kaiju/all_shortreads/S-S05.kaiju.output	0.000037	23	2545689	Archaea;Euryarchaeota;Candidatus Methanoliparia;Candidatus Methanoliparales;NA;NA;NA;
/home/glbrc.org/echiang3/Saline_MetaG/kaiju/all_shortreads/S-S05.kaiju.output	0.000035	22	5819	Eukaryota;Apicomplexa;Aconoidasida;Haemosporida;NA;NA;NA;
/home/glbrc.org/echiang3/Saline_MetaG/kaiju/all_shortreads/S-S05.kaiju.output	0.000035	22	1442155	Bacteria;Proteobacteria;Betaproteobacteria;Ferrovales;NA;NA;NA;
/home/glbrc.org/echiang3/Saline_MetaG/kaiju/all_shortreads/S-S05.kaiju.output	0.000035	22	1505233	Bacteria;Fibrobacteres;Chitinivibrionia;Chitinivibrionales;NA;NA;NA;
/home/glbrc.org/echiang3/Saline_MetaG/kaiju/all_shortreads/S-S05.kaiju.output	0.000034	21	35491	Eukaryota;Chlorophyta;Chlorophyceae;Sphaeropleales;NA;NA;NA;
/home/glbrc.org/echiang3/Saline_MetaG/kaiju/all_shortreads/S-S05.kaiju.output	0.000034	21	61421	Eukaryota;Zoopagomycota;Harpellomycetes;Harpellales;NA;NA;NA;
/home/glbrc.org/echiang3/Saline_MetaG/kaiju/all_shortreads/S-S05.kaiju.output	0.000032	20	2231	Archaea;Euryarchaeota;Archaeoglobi;Archaeoglobales;NA;NA;NA;
/home/glbrc.org/echiang3/Saline_MetaG/kaiju/all_shortreads/S-S05.kaiju.output	0.000032	20	27998	Eukaryota;Perkinsozoa;NA;Perkinsida;NA;NA;NA;
/home/glbrc.org/echiang3/Saline_MetaG/kaiju/all_shortreads/S-S05.kaiju.output	0.000032	20	73028	Eukaryota;Haptista;Haptophyta;Prymnesiales;NA;NA;NA;
/home/glbrc.org/echiang3/Saline_MetaG/kaiju/all_shortreads/S-S05.kaiju.output	0.000032	20	1643683	Bacteria;Actinobacteria;Actinobacteria;Acidothermales;NA;NA;NA;
/home/glbrc.org/echiang3/Saline_MetaG/kaiju/all_shortreads/S-S05.kaiju.output	0.000032	20	1748771	Bacteria;Acidobacteria;Blastocatellia;Blastocatellales;NA;NA;NA;
/home/glbrc.org/echiang3/Saline_MetaG/kaiju/all_shortreads/S-S05.kaiju.output	0.000032	20	2703812	Bacteria;Candidatus Mcinerneyibacteriota;Candidatus Mcinerneyibacteria;Candidatus Mcinerneyibacteriales;NA;NA;NA;
/home/glbrc.org/echiang3/Saline_MetaG/kaiju/all_shortreads/S-S05.kaiju.output	0.000030	19	622450	Bacteria;Actinobacteria;Actinobacteria;Actinopolysporales;NA;NA;NA;
/home/glbrc.org/echiang3/Saline_MetaG/kaiju/all_shortreads/S-S05.kaiju.output	0.000030	19	2231168	Eukaryota;Chytridiomycota;Chytridiomycetes;Caulochytriales;NA;NA;NA;
/home/glbrc.org/echiang3/Saline_MetaG/kaiju/all_shortreads/S-S05.kaiju.output	0.000030	19	2302912	Eukaryota;Chlorophyta;Chloropicophyceae;Chloropicales;NA;NA;NA;
/home/glbrc.org/echiang3/Saline_MetaG/kaiju/all_shortreads/S-S05.kaiju.output	0.000029	18	1924738	Eukaryota;NA;Choanoflagellata;Craspedida;NA;NA;NA;
/home/glbrc.org/echiang3/Saline_MetaG/kaiju/all_shortreads/S-S05.kaiju.output	0.000027	17	5303	Eukaryota;Basidiomycota;Agaricomycetes;Polyporales;NA;NA;NA;
/home/glbrc.org/echiang3/Saline_MetaG/kaiju/all_shortreads/S-S05.kaiju.output	0.000027	17	162474	Eukaryota;Basidiomycota;Malasseziomycetes;Malasseziales;NA;NA;NA;
/home/glbrc.org/echiang3/Saline_MetaG/kaiju/all_shortreads/S-S05.kaiju.output	0.000027	17	189776	Bacteria;Chloroflexi;Thermomicrobia;Thermomicrobiales;NA;NA;NA;
/home/glbrc.org/echiang3/Saline_MetaG/kaiju/all_shortreads/S-S05.kaiju.output	0.000027	17	588814	Archaea;Euryarchaeota;Methanomicrobia;Methanophagales;NA;NA;NA;
/home/glbrc.org/echiang3/Saline_MetaG/kaiju/all_shortreads/S-S05.kaiju.output	0.000026	16	1544799	Bacteria;Proteobacteria;Alphaproteobacteria;Rhodothalassiales;NA;NA;NA;
/home/glbrc.org/echiang3/Saline_MetaG/kaiju/all_shortreads/S-S05.kaiju.output	0.000026	16	1643684	Bacteria;Actinobacteria;Actinobacteria;Nakamurellales;NA;NA;NA;
/home/glbrc.org/echiang3/Saline_MetaG/kaiju/all_shortreads/S-S05.kaiju.output	0.000026	16	2495577	Bacteria;Actinobacteria;Actinobacteria;Cryptosporangiales;NA;NA;NA;
/home/glbrc.org/echiang3/Saline_MetaG/kaiju/all_shortreads/S-S05.kaiju.output	0.000026	16	2599631	Bacteria;Candidatus Eremiobacteraeota;NA;Candidatus Eremiobacterales;NA;NA;NA;
/home/glbrc.org/echiang3/Saline_MetaG/kaiju/all_shortreads/S-S05.kaiju.output	0.000024	15	693921	Eukaryota;Ciliophora;Spirotrichea;Sporadotrichida;NA;NA;NA;
/home/glbrc.org/echiang3/Saline_MetaG/kaiju/all_shortreads/S-S05.kaiju.output	0.000024	15	2058181	Eukaryota;Evosea;Eumycetozoa;Acytosteliales;NA;NA;NA;
/home/glbrc.org/echiang3/Saline_MetaG/kaiju/all_shortreads/S-S05.kaiju.output	0.000024	15	2109260	Bacteria;Abditibacteriota;Abditibacteria;Abditibacteriales;NA;NA;NA;
/home/glbrc.org/echiang3/Saline_MetaG/kaiju/all_shortreads/S-S05.kaiju.output	0.000024	15	2507901	Eukaryota;Chlorophyta;Trebouxiophyceae;Trebouxiales;NA;NA;NA;
/home/glbrc.org/echiang3/Saline_MetaG/kaiju/all_shortreads/S-S05.kaiju.output	0.000022	14	2798	Eukaryota;Rhodophyta;Bangiophyceae;Porphyridiales;NA;NA;NA;
/home/glbrc.org/echiang3/Saline_MetaG/kaiju/all_shortreads/S-S05.kaiju.output	0.000022	14	425074	Eukaryota;NA;Eustigmatophyceae;Eustigmatales;NA;NA;NA;
/home/glbrc.org/echiang3/Saline_MetaG/kaiju/all_shortreads/S-S05.kaiju.output	0.000021	13	31277	Eukaryota;Ciliophora;Oligohymenophorea;Hymenostomatida;NA;NA;NA;
/home/glbrc.org/echiang3/Saline_MetaG/kaiju/all_shortreads/S-S05.kaiju.output	0.000021	13	1617890	Bacteria;Proteobacteria;Gammaproteobacteria;Arenicellales;NA;NA;NA;
/home/glbrc.org/echiang3/Saline_MetaG/kaiju/all_shortreads/S-S05.kaiju.output	0.000021	13	1663425	Bacteria;Armatimonadetes;Fimbriimonadia;Fimbriimonadales;NA;NA;NA;
/home/glbrc.org/echiang3/Saline_MetaG/kaiju/all_shortreads/S-S05.kaiju.output	0.000019	12	34346	Eukaryota;Ascomycota;Schizosaccharomycetes;Schizosaccharomycetales;NA;NA;NA;
/home/glbrc.org/echiang3/Saline_MetaG/kaiju/all_shortreads/S-S05.kaiju.output	0.000019	12	36064	Eukaryota;Basidiomycota;Agaricomycetes;Cantharellales;NA;NA;NA;
/home/glbrc.org/echiang3/Saline_MetaG/kaiju/all_shortreads/S-S05.kaiju.output	0.000019	12	370421	Eukaryota;NA;Oomycota;Albuginales;NA;NA;NA;
/home/glbrc.org/echiang3/Saline_MetaG/kaiju/all_shortreads/S-S05.kaiju.output	0.000019	12	2699528	Eukaryota;NA;Bigyra;Thraustochytrida;NA;NA;NA;
/home/glbrc.org/echiang3/Saline_MetaG/kaiju/all_shortreads/S-S05.kaiju.output	0.000018	11	4810	Eukaryota;Chytridiomycota;Chytridiomycetes;Chytridiales;NA;NA;NA;
/home/glbrc.org/echiang3/Saline_MetaG/kaiju/all_shortreads/S-S05.kaiju.output	0.000018	11	5114	Eukaryota;Ascomycota;Sordariomycetes;Diaporthales;NA;NA;NA;
/home/glbrc.org/echiang3/Saline_MetaG/kaiju/all_shortreads/S-S05.kaiju.output	0.000018	11	5139	Eukaryota;Ascomycota;Sordariomycetes;Sordariales;NA;NA;NA;
/home/glbrc.org/echiang3/Saline_MetaG/kaiju/all_shortreads/S-S05.kaiju.output	0.000018	11	28017	Eukaryota;Rhodophyta;Florideophyceae;Gigartinales;NA;NA;NA;
/home/glbrc.org/echiang3/Saline_MetaG/kaiju/all_shortreads/S-S05.kaiju.output	0.000018	11	33183	Eukaryota;Ascomycota;Eurotiomycetes;Onygenales;NA;NA;NA;
/home/glbrc.org/echiang3/Saline_MetaG/kaiju/all_shortreads/S-S05.kaiju.output	0.000018	11	38748	Eukaryota;Bacillariophyta;Bacillariophyceae;Naviculales;NA;NA;NA;
/home/glbrc.org/echiang3/Saline_MetaG/kaiju/all_shortreads/S-S05.kaiju.output	0.000018	11	42740	Eukaryota;NA;Bigyra;Opalinata;NA;NA;NA;
/home/glbrc.org/echiang3/Saline_MetaG/kaiju/all_shortreads/S-S05.kaiju.output	0.000018	11	68889	Eukaryota;Basidiomycota;Agaricomycetes;Boletales;NA;NA;NA;
/home/glbrc.org/echiang3/Saline_MetaG/kaiju/all_shortreads/S-S05.kaiju.output	0.000018	11	89954	Eukaryota;NA;Dinophyceae;Suessiales;NA;NA;NA;
/home/glbrc.org/echiang3/Saline_MetaG/kaiju/all_shortreads/S-S05.kaiju.output	0.000018	11	214509	Eukaryota;Mucoromycota;Glomeromycetes;Diversisporales;NA;NA;NA;
/home/glbrc.org/echiang3/Saline_MetaG/kaiju/all_shortreads/S-S05.kaiju.output	0.000018	11	451869	Eukaryota;Ascomycota;Dothideomycetes;Botryosphaeriales;NA;NA;NA;
/home/glbrc.org/echiang3/Saline_MetaG/kaiju/all_shortreads/S-S05.kaiju.output	0.000018	11	1389450	Bacteria;Actinobacteria;Actinobacteria;Candidatus Actinomarinales;NA;NA;NA;
/home/glbrc.org/echiang3/Saline_MetaG/kaiju/all_shortreads/S-S05.kaiju.output	0.000016	10	2802	Eukaryota;Rhodophyta;Florideophyceae;Ceramiales;NA;NA;NA;
/home/glbrc.org/echiang3/Saline_MetaG/kaiju/all_shortreads/S-S05.kaiju.output	0.000016	10	5014	Eukaryota;Ascomycota;Dothideomycetes;Dothideales;NA;NA;NA;
/home/glbrc.org/echiang3/Saline_MetaG/kaiju/all_shortreads/S-S05.kaiju.output	0.000016	10	5863	Eukaryota;Apicomplexa;Aconoidasida;Piroplasmida;NA;NA;NA;
/home/glbrc.org/echiang3/Saline_MetaG/kaiju/all_shortreads/S-S05.kaiju.output	0.000016	10	31468	Eukaryota;Rhodophyta;Florideophyceae;Gracilariales;NA;NA;NA;
/home/glbrc.org/echiang3/Saline_MetaG/kaiju/all_shortreads/S-S05.kaiju.output	0.000016	10	37357	Eukaryota;Endomyxa;NA;Plasmodiophorida;NA;NA;NA;
/home/glbrc.org/echiang3/Saline_MetaG/kaiju/all_shortreads/S-S05.kaiju.output	0.000016	10	40634	Eukaryota;Ciliophora;Litostomatea;Entodiniomorphida;NA;NA;NA;
/home/glbrc.org/echiang3/Saline_MetaG/kaiju/all_shortreads/S-S05.kaiju.output	0.000016	10	86650	Eukaryota;Euglenozoa;Euglenida;Euglenales;NA;NA;NA;
/home/glbrc.org/echiang3/Saline_MetaG/kaiju/all_shortreads/S-S05.kaiju.output	0.000016	10	121069	Eukaryota;NA;Oomycota;Pythiales;NA;NA;NA;
/home/glbrc.org/echiang3/Saline_MetaG/kaiju/all_shortreads/S-S05.kaiju.output	0.000016	10	178369	Eukaryota;Imbricatea;NA;Euglyphida;NA;NA;NA;
/home/glbrc.org/echiang3/Saline_MetaG/kaiju/all_shortreads/S-S05.kaiju.output	0.000016	10	556282	Eukaryota;NA;NA;Jakobida;NA;NA;NA;
/home/glbrc.org/echiang3/Saline_MetaG/kaiju/all_shortreads/S-S05.kaiju.output	0.000016	10	1264872	Eukaryota;Zoopagomycota;Basidiobolomycetes;Basidiobolales;NA;NA;NA;
/home/glbrc.org/echiang3/Saline_MetaG/kaiju/all_shortreads/S-S05.kaiju.output	0.000016	10	1485168	Eukaryota;Discosea;NA;Longamoebia;NA;NA;NA;
/home/glbrc.org/echiang3/Saline_MetaG/kaiju/all_shortreads/S-S05.kaiju.output	0.000016	10	1495647	Bacteria;Chloroflexi;Thermoflexia;Thermoflexales;NA;NA;NA;
/home/glbrc.org/echiang3/Saline_MetaG/kaiju/all_shortreads/S-S05.kaiju.output	0.000016	10	1508535	Bacteria;Chloroflexi;Chloroflexia;Kallotenuales;NA;NA;NA;
/home/glbrc.org/echiang3/Saline_MetaG/kaiju/all_shortreads/S-S05.kaiju.output	0.000014	9	33104	Eukaryota;Chlorophyta;Ulvophyceae;Bryopsidales;NA;NA;NA;
/home/glbrc.org/echiang3/Saline_MetaG/kaiju/all_shortreads/S-S05.kaiju.output	0.000014	9	135250	Eukaryota;Chlorophyta;Trebouxiophyceae;Prasiolales;NA;NA;NA;
/home/glbrc.org/echiang3/Saline_MetaG/kaiju/all_shortreads/S-S05.kaiju.output	0.000014	9	1851469	Eukaryota;Basidiomycota;Tremellomycetes;Trichosporonales;NA;NA;NA;
/home/glbrc.org/echiang3/Saline_MetaG/kaiju/all_shortreads/S-S05.kaiju.output	0.000013	8	2266	Archaea;Crenarchaeota;Thermoprotei;Thermoproteales;NA;NA;NA;
/home/glbrc.org/echiang3/Saline_MetaG/kaiju/all_shortreads/S-S05.kaiju.output	0.000013	8	78918	Eukaryota;Zoopagomycota;Dimargaritomycetes;Dimargaritales;NA;NA;NA;
/home/glbrc.org/echiang3/Saline_MetaG/kaiju/all_shortreads/S-S05.kaiju.output	0.000013	8	1535297	Eukaryota;Chlorophyta;Pedinophyceae;Marsupiomonadales;NA;NA;NA;
/home/glbrc.org/echiang3/Saline_MetaG/kaiju/all_shortreads/S-S05.kaiju.output	0.000013	8	1890505	Bacteria;Cyanobacteria;NA;Chroococcidiopsidales;NA;NA;NA;
/home/glbrc.org/echiang3/Saline_MetaG/kaiju/all_shortreads/S-S05.kaiju.output	0.000013	8	1955042	Bacteria;Cyanobacteria;NA;Gloeoemargaritales;NA;NA;NA;
/home/glbrc.org/echiang3/Saline_MetaG/kaiju/all_shortreads/S-S05.kaiju.output	0.000013	8	2315420	Bacteria;Candidatus Sumerlaeota;Candidatus Sumerlaeia;Candidatus Sumerlaeales;NA;NA;NA;
/home/glbrc.org/echiang3/Saline_MetaG/kaiju/all_shortreads/S-S05.kaiju.output	0.000011	7	4805	Eukaryota;Blastocladiomycota;Blastocladiomycetes;Blastocladiales;NA;NA;NA;
/home/glbrc.org/echiang3/Saline_MetaG/kaiju/all_shortreads/S-S05.kaiju.output	0.000011	7	5120	Eukaryota;Ascomycota;Leotiomycetes;Erysiphales;NA;NA;NA;
/home/glbrc.org/echiang3/Saline_MetaG/kaiju/all_shortreads/S-S05.kaiju.output	0.000011	7	33825	Eukaryota;Ciliophora;Oligohymenophorea;Peniculida;NA;NA;NA;
/home/glbrc.org/echiang3/Saline_MetaG/kaiju/all_shortreads/S-S05.kaiju.output	0.000011	7	33851	Eukaryota;Bacillariophyta;Bacillariophyceae;Bacillariales;NA;NA;NA;
/home/glbrc.org/echiang3/Saline_MetaG/kaiju/all_shortreads/S-S05.kaiju.output	0.000011	7	2039638	Bacteria;Actinobacteria;Actinobacteria;Candidatus Nanopelagicales;NA;NA;NA;
/home/glbrc.org/echiang3/Saline_MetaG/kaiju/all_shortreads/S-S05.kaiju.output	0.000010	6	2974	Eukaryota;NA;Xanthophyceae;Vaucheriales;NA;NA;NA;
/home/glbrc.org/echiang3/Saline_MetaG/kaiju/all_shortreads/S-S05.kaiju.output	0.000010	6	5234	Eukaryota;Basidiomycota;Tremellomycetes;Tremellales;NA;NA;NA;
/home/glbrc.org/echiang3/Saline_MetaG/kaiju/all_shortreads/S-S05.kaiju.output	0.000010	6	5404	Eukaryota;Basidiomycota;Exobasidiomycetes;Exobasidiales;NA;NA;NA;
/home/glbrc.org/echiang3/Saline_MetaG/kaiju/all_shortreads/S-S05.kaiju.output	0.000010	6	34478	Eukaryota;Chytridiomycota;Chytridiomycetes;Spizellomycetales;NA;NA;NA;
/home/glbrc.org/echiang3/Saline_MetaG/kaiju/all_shortreads/S-S05.kaiju.output	0.000010	6	78899	Eukaryota;Zoopagomycota;Zoopagomycetes;Zoopagales;NA;NA;NA;
/home/glbrc.org/echiang3/Saline_MetaG/kaiju/all_shortreads/S-S05.kaiju.output	0.000010	6	114380	Archaea;Crenarchaeota;Thermoprotei;Desulfurococcales;NA;NA;NA;
/home/glbrc.org/echiang3/Saline_MetaG/kaiju/all_shortreads/S-S05.kaiju.output	0.000010	6	139380	Eukaryota;Basidiomycota;Agaricomycetes;Hymenochaetales;NA;NA;NA;
/home/glbrc.org/echiang3/Saline_MetaG/kaiju/all_shortreads/S-S05.kaiju.output	0.000010	6	214503	Eukaryota;Mucoromycota;Mortierellomycetes;Mortierellales;NA;NA;NA;
/home/glbrc.org/echiang3/Saline_MetaG/kaiju/all_shortreads/S-S05.kaiju.output	0.000010	6	431958	Eukaryota;Basidiomycota;Wallemiomycetes;Wallemiales;NA;NA;NA;
/home/glbrc.org/echiang3/Saline_MetaG/kaiju/all_shortreads/S-S05.kaiju.output	0.000010	6	451442	Eukaryota;Chytridiomycota;Chytridiomycetes;Rhizophydiales;NA;NA;NA;
/home/glbrc.org/echiang3/Saline_MetaG/kaiju/all_shortreads/S-S05.kaiju.output	0.000010	6	589350	Eukaryota;NA;Cryptophyceae;Cryptomonadales;NA;NA;NA;
/home/glbrc.org/echiang3/Saline_MetaG/kaiju/all_shortreads/S-S05.kaiju.output	0.000010	6	639021	Eukaryota;Ascomycota;Sordariomycetes;Magnaporthales;NA;NA;NA;
/home/glbrc.org/echiang3/Saline_MetaG/kaiju/all_shortreads/S-S05.kaiju.output	0.000008	5	4861	Eukaryota;Zoopagomycota;Kickxellomycetes;Kickxellales;NA;NA;NA;
/home/glbrc.org/echiang3/Saline_MetaG/kaiju/all_shortreads/S-S05.kaiju.output	0.000008	5	5151	Eukaryota;Ascomycota;Sordariomycetes;Ophiostomatales;NA;NA;NA;
/home/glbrc.org/echiang3/Saline_MetaG/kaiju/all_shortreads/S-S05.kaiju.output	0.000008	5	40984	Eukaryota;NA;Dinophyceae;Gonyaulacales;NA;NA;NA;
/home/glbrc.org/echiang3/Saline_MetaG/kaiju/all_shortreads/S-S05.kaiju.output	0.000008	5	55070	Eukaryota;Basidiomycota;Microbotryomycetes;Microbotryales;NA;NA;NA;
/home/glbrc.org/echiang3/Saline_MetaG/kaiju/all_shortreads/S-S05.kaiju.output	0.000008	5	73020	Eukaryota;Haptista;Haptophyta;Isochrysidales;NA;NA;NA;
/home/glbrc.org/echiang3/Saline_MetaG/kaiju/all_shortreads/S-S05.kaiju.output	0.000008	5	86652	Eukaryota;Euglenozoa;Euglenida;Eutreptiales;NA;NA;NA;
/home/glbrc.org/echiang3/Saline_MetaG/kaiju/all_shortreads/S-S05.kaiju.output	0.000008	5	90883	Eukaryota;Basidiomycota;Tremellomycetes;Cystofilobasidiales;NA;NA;NA;
/home/glbrc.org/echiang3/Saline_MetaG/kaiju/all_shortreads/S-S05.kaiju.output	0.000008	5	138177	Eukaryota;Chlorophyta;Chlorophyceae;Chlorosarcinales;NA;NA;NA;
/home/glbrc.org/echiang3/Saline_MetaG/kaiju/all_shortreads/S-S05.kaiju.output	0.000008	5	452342	Eukaryota;Basidiomycota;Agaricomycetes;Russulales;NA;NA;NA;
/home/glbrc.org/echiang3/Saline_MetaG/kaiju/all_shortreads/S-S05.kaiju.output	0.000008	5	716585	Eukaryota;Ascomycota;Dothideomycetes;Acrospermales;NA;NA;NA;
/home/glbrc.org/echiang3/Saline_MetaG/kaiju/all_shortreads/S-S05.kaiju.output	0.000008	5	2495578	Bacteria;Actinobacteria;Actinobacteria;Sporichthyales;NA;NA;NA;
/home/glbrc.org/echiang3/Saline_MetaG/kaiju/all_shortreads/S-S05.kaiju.output	0.000008	5	2681888	Eukaryota;Evosea;Variosea;Cavosteliida;NA;NA;NA;
/home/glbrc.org/echiang3/Saline_MetaG/kaiju/all_shortreads/S-S05.kaiju.output	0.000006	4	2807	Eukaryota;Rhodophyta;Florideophyceae;Nemaliales;NA;NA;NA;
/home/glbrc.org/echiang3/Saline_MetaG/kaiju/all_shortreads/S-S05.kaiju.output	0.000006	4	29823	Eukaryota;Ascomycota;Neolectomycetes;Neolectales;NA;NA;NA;
/home/glbrc.org/echiang3/Saline_MetaG/kaiju/all_shortreads/S-S05.kaiju.output	0.000006	4	33844	Eukaryota;Bacillariophyta;Coscinodiscophyceae;Rhizosoleniales;NA;NA;NA;
/home/glbrc.org/echiang3/Saline_MetaG/kaiju/all_shortreads/S-S05.kaiju.output	0.000006	4	35443	Eukaryota;Chlorophyta;Ulvophyceae;Trentepohliales;NA;NA;NA;
/home/glbrc.org/echiang3/Saline_MetaG/kaiju/all_shortreads/S-S05.kaiju.output	0.000006	4	35685	Eukaryota;NA;Dictyochophyceae;Dictyochales;NA;NA;NA;
/home/glbrc.org/echiang3/Saline_MetaG/kaiju/all_shortreads/S-S05.kaiju.output	0.000006	4	79272	Eukaryota;Chytridiomycota;Monoblepharidomycetes;Monoblepharidales;NA;NA;NA;
/home/glbrc.org/echiang3/Saline_MetaG/kaiju/all_shortreads/S-S05.kaiju.output	0.000006	4	198613	Eukaryota;Ciliophora;Oligohymenophorea;Philasterida;NA;NA;NA;
/home/glbrc.org/echiang3/Saline_MetaG/kaiju/all_shortreads/S-S05.kaiju.output	0.000006	4	231213	Eukaryota;Basidiomycota;Microbotryomycetes;Sporidiobolales;NA;NA;NA;
/home/glbrc.org/echiang3/Saline_MetaG/kaiju/all_shortreads/S-S05.kaiju.output	0.000006	4	285692	Eukaryota;Parabasalia;NA;Trichonymphida;NA;NA;NA;
/home/glbrc.org/echiang3/Saline_MetaG/kaiju/all_shortreads/S-S05.kaiju.output	0.000006	4	432026	Eukaryota;Basidiomycota;Mixiomycetes;Mixiales;NA;NA;NA;
/home/glbrc.org/echiang3/Saline_MetaG/kaiju/all_shortreads/S-S05.kaiju.output	0.000006	4	588674	Bacteria;Actinobacteria;Thermoleophilia;Thermoleophilales;NA;NA;NA;
/home/glbrc.org/echiang3/Saline_MetaG/kaiju/all_shortreads/S-S05.kaiju.output	0.000006	4	685948	Archaea;Crenarchaeota;Thermoprotei;Fervidicoccales;NA;NA;NA;
/home/glbrc.org/echiang3/Saline_MetaG/kaiju/all_shortreads/S-S05.kaiju.output	0.000006	4	1033996	Archaea;Thaumarchaeota;Nitrososphaeria;Nitrososphaerales;NA;NA;NA;
/home/glbrc.org/echiang3/Saline_MetaG/kaiju/all_shortreads/S-S05.kaiju.output	0.000006	4	1111111	Eukaryota;Ascomycota;Dothideomycetes;Venturiales;NA;NA;NA;
/home/glbrc.org/echiang3/Saline_MetaG/kaiju/all_shortreads/S-S05.kaiju.output	0.000005	3	3009	Eukaryota;NA;Phaeophyceae;Fucales;NA;NA;NA;
/home/glbrc.org/echiang3/Saline_MetaG/kaiju/all_shortreads/S-S05.kaiju.output	0.000005	3	5008	Eukaryota;Ascomycota;Taphrinomycetes;Taphrinales;NA;NA;NA;
/home/glbrc.org/echiang3/Saline_MetaG/kaiju/all_shortreads/S-S05.kaiju.output	0.000005	3	5226	Eukaryota;Basidiomycota;Agaricomycetes;Auriculariales;NA;NA;NA;
/home/glbrc.org/echiang3/Saline_MetaG/kaiju/all_shortreads/S-S05.kaiju.output	0.000005	3	31370	Eukaryota;Rhodophyta;Florideophyceae;Batrachospermales;NA;NA;NA;
/home/glbrc.org/echiang3/Saline_MetaG/kaiju/all_shortreads/S-S05.kaiju.output	0.000005	3	31491	Eukaryota;Rhodophyta;Florideophyceae;Rhodogorgonales;NA;NA;NA;
/home/glbrc.org/echiang3/Saline_MetaG/kaiju/all_shortreads/S-S05.kaiju.output	0.000005	3	45676	Eukaryota;Ascomycota;Dothideomycetes;Myriangiales;NA;NA;NA;
/home/glbrc.org/echiang3/Saline_MetaG/kaiju/all_shortreads/S-S05.kaiju.output	0.000005	3	62914	Eukaryota;Basidiomycota;Exobasidiomycetes;Entylomatales;NA;NA;NA;
/home/glbrc.org/echiang3/Saline_MetaG/kaiju/all_shortreads/S-S05.kaiju.output	0.000005	3	62916	Eukaryota;Basidiomycota;Exobasidiomycetes;Tilletiales;NA;NA;NA;
/home/glbrc.org/echiang3/Saline_MetaG/kaiju/all_shortreads/S-S05.kaiju.output	0.000005	3	199699	Eukaryota;Rhodophyta;Florideophyceae;Nemastomatales;NA;NA;NA;
/home/glbrc.org/echiang3/Saline_MetaG/kaiju/all_shortreads/S-S05.kaiju.output	0.000005	3	703495	Eukaryota;Ascomycota;Dothideomycetes;Microthyriales;NA;NA;NA;
/home/glbrc.org/echiang3/Saline_MetaG/kaiju/all_shortreads/S-S05.kaiju.output	0.000005	3	871006	Archaea;Crenarchaeota;Thermoprotei;Acidilobales;NA;NA;NA;
/home/glbrc.org/echiang3/Saline_MetaG/kaiju/all_shortreads/S-S05.kaiju.output	0.000005	3	891383	Eukaryota;Rhodophyta;Florideophyceae;Thoreales;NA;NA;NA;
/home/glbrc.org/echiang3/Saline_MetaG/kaiju/all_shortreads/S-S05.kaiju.output	0.000005	3	2562241	Bacteria;Acidobacteria;Thermoanaerobaculia;Thermoanaerobaculales;NA;NA;NA;
/home/glbrc.org/echiang3/Saline_MetaG/kaiju/all_shortreads/S-S05.kaiju.output	0.000005	3	2706121	Eukaryota;Ascomycota;Dothideomycetes;Aulographales;NA;NA;NA;
/home/glbrc.org/echiang3/Saline_MetaG/kaiju/all_shortreads/S-S05.kaiju.output	0.000003	2	5592	Eukaryota;Ascomycota;Sordariomycetes;Microascales;NA;NA;NA;
/home/glbrc.org/echiang3/Saline_MetaG/kaiju/all_shortreads/S-S05.kaiju.output	0.000003	2	5957	Eukaryota;Ciliophora;Heterotrichea;Heterotrichida;NA;NA;NA;
/home/glbrc.org/echiang3/Saline_MetaG/kaiju/all_shortreads/S-S05.kaiju.output	0.000003	2	31399	Eukaryota;Rhodophyta;Florideophyceae;Gelidiales;NA;NA;NA;
/home/glbrc.org/echiang3/Saline_MetaG/kaiju/all_shortreads/S-S05.kaiju.output	0.000003	2	31477	Eukaryota;Rhodophyta;Florideophyceae;Hildenbrandiales;NA;NA;NA;
/home/glbrc.org/echiang3/Saline_MetaG/kaiju/all_shortreads/S-S05.kaiju.output	0.000003	2	35490	Eukaryota;Chlorophyta;Chlorophyceae;Oedogoniales;NA;NA;NA;
/home/glbrc.org/echiang3/Saline_MetaG/kaiju/all_shortreads/S-S05.kaiju.output	0.000003	2	37987	Eukaryota;Ascomycota;Pneumocystidomycetes;Pneumocystidales;NA;NA;NA;
/home/glbrc.org/echiang3/Saline_MetaG/kaiju/all_shortreads/S-S05.kaiju.output	0.000003	2	452227	Eukaryota;Ascomycota;Lecanoromycetes;Umbilicariales;NA;NA;NA;
/home/glbrc.org/echiang3/Saline_MetaG/kaiju/all_shortreads/S-S05.kaiju.output	0.000003	2	452338	Eukaryota;Basidiomycota;Agaricomycetes;Corticiales;NA;NA;NA;
/home/glbrc.org/echiang3/Saline_MetaG/kaiju/all_shortreads/S-S05.kaiju.output	0.000003	2	452339	Eukaryota;Basidiomycota;Agaricomycetes;Gloeophyllales;NA;NA;NA;
/home/glbrc.org/echiang3/Saline_MetaG/kaiju/all_shortreads/S-S05.kaiju.output	0.000003	2	603422	Eukaryota;Ascomycota;Dothideomycetes;Mytilinidiales;NA;NA;NA;
/home/glbrc.org/echiang3/Saline_MetaG/kaiju/all_shortreads/S-S05.kaiju.output	0.000003	2	740976	Eukaryota;Parabasalia;NA;Cristamonadida;NA;NA;NA;
/home/glbrc.org/echiang3/Saline_MetaG/kaiju/all_shortreads/S-S05.kaiju.output	0.000003	2	1755823	Bacteria;Actinobacteria;Nitriliruptoria;Egicoccales;NA;NA;NA;
/home/glbrc.org/echiang3/Saline_MetaG/kaiju/all_shortreads/S-S05.kaiju.output	0.000003	2	1890940	Archaea;Nanoarchaeota;NA;Nanoarchaeales;NA;NA;NA;
/home/glbrc.org/echiang3/Saline_MetaG/kaiju/all_shortreads/S-S05.kaiju.output	0.000002	1	2873	Eukaryota;NA;Phaeophyceae;Dictyotales;NA;NA;NA;
/home/glbrc.org/echiang3/Saline_MetaG/kaiju/all_shortreads/S-S05.kaiju.output	0.000002	1	2953	Eukaryota;NA;Dinophyceae;Gymnodiniales;NA;NA;NA;
/home/glbrc.org/echiang3/Saline_MetaG/kaiju/all_shortreads/S-S05.kaiju.output	0.000002	1	4857	Eukaryota;Zoopagomycota;Entomophthoromycetes;Entomophthorales;NA;NA;NA;
/home/glbrc.org/echiang3/Saline_MetaG/kaiju/all_shortreads/S-S05.kaiju.output	0.000002	1	31306	Eukaryota;Chlorophyta;Ulvophyceae;Ulotrichales;NA;NA;NA;
/home/glbrc.org/echiang3/Saline_MetaG/kaiju/all_shortreads/S-S05.kaiju.output	0.000002	1	31395	Eukaryota;Rhodophyta;Florideophyceae;Corallinales;NA;NA;NA;
/home/glbrc.org/echiang3/Saline_MetaG/kaiju/all_shortreads/S-S05.kaiju.output	0.000002	1	33831	Eukaryota;Ciliophora;Spirotrichea;Euplotida;NA;NA;NA;
/home/glbrc.org/echiang3/Saline_MetaG/kaiju/all_shortreads/S-S05.kaiju.output	0.000002	1	38262	Eukaryota;NA;Glaucocystophyceae;Gloeochaetales;NA;NA;NA;
/home/glbrc.org/echiang3/Saline_MetaG/kaiju/all_shortreads/S-S05.kaiju.output	0.000002	1	42111	Eukaryota;Chlorophyta;Trebouxiophyceae;Microthamniales;NA;NA;NA;
/home/glbrc.org/echiang3/Saline_MetaG/kaiju/all_shortreads/S-S05.kaiju.output	0.000002	1	62913	Eukaryota;Basidiomycota;Exobasidiomycetes;Georgefischeriales;NA;NA;NA;
/home/glbrc.org/echiang3/Saline_MetaG/kaiju/all_shortreads/S-S05.kaiju.output	0.000002	1	73026	Eukaryota;Haptista;Haptophyta;Pavlovales;NA;NA;NA;
/home/glbrc.org/echiang3/Saline_MetaG/kaiju/all_shortreads/S-S05.kaiju.output	0.000002	1	162475	Eukaryota;Basidiomycota;Exobasidiomycetes;Microstromatales;NA;NA;NA;
/home/glbrc.org/echiang3/Saline_MetaG/kaiju/all_shortreads/S-S05.kaiju.output	0.000002	1	188941	Eukaryota;Cercozoa;NA;Cercomonadida;NA;NA;NA;
/home/glbrc.org/echiang3/Saline_MetaG/kaiju/all_shortreads/S-S05.kaiju.output	0.000002	1	188944	Eukaryota;Imbricatea;NA;Thaumatomonadida;NA;NA;NA;
/home/glbrc.org/echiang3/Saline_MetaG/kaiju/all_shortreads/S-S05.kaiju.output	0.000002	1	205948	Archaea;Thaumarchaeota;NA;Cenarchaeales;NA;NA;NA;
/home/glbrc.org/echiang3/Saline_MetaG/kaiju/all_shortreads/S-S05.kaiju.output	0.000002	1	216785	Eukaryota;Bacillariophyta;Coscinodiscophyceae;Coscinodiscales;NA;NA;NA;
/home/glbrc.org/echiang3/Saline_MetaG/kaiju/all_shortreads/S-S05.kaiju.output	0.000002	1	231212	Eukaryota;Basidiomycota;Microbotryomycetes;Leucosporidiales;NA;NA;NA;
/home/glbrc.org/echiang3/Saline_MetaG/kaiju/all_shortreads/S-S05.kaiju.output	0.000002	1	238897	Eukaryota;Ciliophora;Phyllopharyngea;Chlamydodontida;NA;NA;NA;
/home/glbrc.org/echiang3/Saline_MetaG/kaiju/all_shortreads/S-S05.kaiju.output	0.000002	1	285693	Eukaryota;Parabasalia;NA;Spirotrichonymphida;NA;NA;NA;
/home/glbrc.org/echiang3/Saline_MetaG/kaiju/all_shortreads/S-S05.kaiju.output	0.000002	1	418917	Eukaryota;Haptista;Haptophyta;Coccolithales;NA;NA;NA;
/home/glbrc.org/echiang3/Saline_MetaG/kaiju/all_shortreads/S-S05.kaiju.output	0.000002	1	420622	Eukaryota;NA;Synurophyceae;Synurales;NA;NA;NA;
/home/glbrc.org/echiang3/Saline_MetaG/kaiju/all_shortreads/S-S05.kaiju.output	0.000002	1	452343	Eukaryota;Basidiomycota;Agaricomycetes;Trechisporales;NA;NA;NA;
/home/glbrc.org/echiang3/Saline_MetaG/kaiju/all_shortreads/S-S05.kaiju.output	0.000002	1	590978	Eukaryota;NA;Dictyochophyceae;Rhizochromulinales;NA;NA;NA;
/home/glbrc.org/echiang3/Saline_MetaG/kaiju/all_shortreads/S-S05.kaiju.output	0.000002	1	722750	Eukaryota;NA;Bolidophyceae;Parmales;NA;NA;NA;
/home/glbrc.org/echiang3/Saline_MetaG/kaiju/all_shortreads/S-S05.kaiju.output	0.000002	1	1003138	Eukaryota;Bacillariophyta;Mediophyceae;Toxariales;NA;NA;NA;
/home/glbrc.org/echiang3/Saline_MetaG/kaiju/all_shortreads/S-S05.kaiju.output	0.000002	1	1915414	Archaea;Candidatus Verstraetearchaeota;Candidatus Methanomethylia;Candidatus Methanomethyliales;NA;NA;NA;
/home/glbrc.org/echiang3/Saline_MetaG/kaiju/all_shortreads/S-S05.kaiju.output	0.000002	1	1921567	Bacteria;Proteobacteria;Alphaproteobacteria;Micropepsales;NA;NA;NA;
/home/glbrc.org/echiang3/Saline_MetaG/kaiju/all_shortreads/S-S05.kaiju.output	0.000002	1	2493627	Bacteria;Proteobacteria;Alphaproteobacteria;Minwuiales;NA;NA;NA;
/home/glbrc.org/echiang3/Saline_MetaG/kaiju/all_shortreads/S-S05.kaiju.output	0.000002	1	2692250	Eukaryota;Chlorophyta;Picocystophyceae;Picocystales;NA;NA;NA;
/home/glbrc.org/echiang3/Saline_MetaG/kaiju/all_shortreads/S-S05.kaiju.output	0.000002	1	2714147	Eukaryota;Ascomycota;Dothideomycetes;Eremomycetales;NA;NA;NA;
/home/glbrc.org/echiang3/Saline_MetaG/kaiju/all_shortreads/S-S05.kaiju.output	0.000002	1	2714148	Eukaryota;Ascomycota;Dothideomycetes;Lineolatales;NA;NA;NA;
/home/glbrc.org/echiang3/Saline_MetaG/kaiju/all_shortreads/S-S05.kaiju.output	0.009947	6226	10239	Viruses
/home/glbrc.org/echiang3/Saline_MetaG/kaiju/all_shortreads/S-S05.kaiju.output	14.990939	9382747	NA	cannot be assigned to a (non-viral) order
/home/glbrc.org/echiang3/Saline_MetaG/kaiju/all_shortreads/S-S05.kaiju.output	52.625847	32938227	NA	unclassified
