file	percent	reads	taxon_id	taxon_name
/home/glbrc.org/echiang3/Saline_MetaG/kaiju/all_shortreads/S-S32.kaiju.output	20.686142	7713333	171549	Bacteria;Bacteroidetes;Bacteroidia;Bacteroidales;NA;NA;NA;
/home/glbrc.org/echiang3/Saline_MetaG/kaiju/all_shortreads/S-S32.kaiju.output	17.522263	6533603	186802	Bacteria;Firmicutes;Clostridia;Clostridiales;NA;NA;NA;
/home/glbrc.org/echiang3/Saline_MetaG/kaiju/all_shortreads/S-S32.kaiju.output	1.250048	466111	48461	Bacteria;Verrucomicrobia;Verrucomicrobiae;Verrucomicrobiales;NA;NA;NA;
/home/glbrc.org/echiang3/Saline_MetaG/kaiju/all_shortreads/S-S32.kaiju.output	0.483742	180375	186826	Bacteria;Firmicutes;Bacilli;Lactobacillales;NA;NA;NA;
/home/glbrc.org/echiang3/Saline_MetaG/kaiju/all_shortreads/S-S32.kaiju.output	0.335998	125285	213115	Bacteria;Proteobacteria;Deltaproteobacteria;Desulfovibrionales;NA;NA;NA;
/home/glbrc.org/echiang3/Saline_MetaG/kaiju/all_shortreads/S-S32.kaiju.output	0.299473	111666	204441	Bacteria;Proteobacteria;Alphaproteobacteria;Rhodospirillales;NA;NA;NA;
/home/glbrc.org/echiang3/Saline_MetaG/kaiju/all_shortreads/S-S32.kaiju.output	0.155098	57832	1385	Bacteria;Firmicutes;Bacilli;Bacillales;NA;NA;NA;
/home/glbrc.org/echiang3/Saline_MetaG/kaiju/all_shortreads/S-S32.kaiju.output	0.112057	41783	526525	Bacteria;Firmicutes;Erysipelotrichia;Erysipelotrichales;NA;NA;NA;
/home/glbrc.org/echiang3/Saline_MetaG/kaiju/all_shortreads/S-S32.kaiju.output	0.060307	22487	909929	Bacteria;Firmicutes;Negativicutes;Selenomonadales;NA;NA;NA;
/home/glbrc.org/echiang3/Saline_MetaG/kaiju/all_shortreads/S-S32.kaiju.output	0.058744	21904	91347	Bacteria;Proteobacteria;Gammaproteobacteria;Enterobacterales;NA;NA;NA;
/home/glbrc.org/echiang3/Saline_MetaG/kaiju/all_shortreads/S-S32.kaiju.output	0.058403	21777	213849	Bacteria;Proteobacteria;Epsilonproteobacteria;Campylobacterales;NA;NA;NA;
/home/glbrc.org/echiang3/Saline_MetaG/kaiju/all_shortreads/S-S32.kaiju.output	0.049692	18529	200644	Bacteria;Bacteroidetes;Flavobacteriia;Flavobacteriales;NA;NA;NA;
/home/glbrc.org/echiang3/Saline_MetaG/kaiju/all_shortreads/S-S32.kaiju.output	0.041671	15538	1843489	Bacteria;Firmicutes;Negativicutes;Veillonellales;NA;NA;NA;
/home/glbrc.org/echiang3/Saline_MetaG/kaiju/all_shortreads/S-S32.kaiju.output	0.038032	14181	136	Bacteria;Spirochaetes;Spirochaetia;Spirochaetales;NA;NA;NA;
/home/glbrc.org/echiang3/Saline_MetaG/kaiju/all_shortreads/S-S32.kaiju.output	0.038010	14173	84999	Bacteria;Actinobacteria;Coriobacteriia;Coriobacteriales;NA;NA;NA;
/home/glbrc.org/echiang3/Saline_MetaG/kaiju/all_shortreads/S-S32.kaiju.output	0.037495	13981	1643822	Bacteria;Actinobacteria;Coriobacteriia;Eggerthellales;NA;NA;NA;
/home/glbrc.org/echiang3/Saline_MetaG/kaiju/all_shortreads/S-S32.kaiju.output	0.031871	11884	203491	Bacteria;Fusobacteria;Fusobacteriia;Fusobacteriales;NA;NA;NA;
/home/glbrc.org/echiang3/Saline_MetaG/kaiju/all_shortreads/S-S32.kaiju.output	0.028012	10445	1737405	Bacteria;Firmicutes;Tissierellia;Tissierellales;NA;NA;NA;
/home/glbrc.org/echiang3/Saline_MetaG/kaiju/all_shortreads/S-S32.kaiju.output	0.027798	10365	1906119	Bacteria;Candidatus Melainabacteria;NA;Candidatus Gastranaerophilales;NA;NA;NA;
/home/glbrc.org/echiang3/Saline_MetaG/kaiju/all_shortreads/S-S32.kaiju.output	0.026741	9971	1970189	Bacteria;Bacteroidetes;Bacteroidia;Marinilabiliales;NA;NA;NA;
/home/glbrc.org/echiang3/Saline_MetaG/kaiju/all_shortreads/S-S32.kaiju.output	0.025384	9465	80840	Bacteria;Proteobacteria;Betaproteobacteria;Burkholderiales;NA;NA;NA;
/home/glbrc.org/echiang3/Saline_MetaG/kaiju/all_shortreads/S-S32.kaiju.output	0.024606	9175	768507	Bacteria;Bacteroidetes;Cytophagia;Cytophagales;NA;NA;NA;
/home/glbrc.org/echiang3/Saline_MetaG/kaiju/all_shortreads/S-S32.kaiju.output	0.023482	8756	200666	Bacteria;Bacteroidetes;Sphingobacteriia;Sphingobacteriales;NA;NA;NA;
/home/glbrc.org/echiang3/Saline_MetaG/kaiju/all_shortreads/S-S32.kaiju.output	0.023292	8685	85004	Bacteria;Actinobacteria;Actinobacteria;Bifidobacteriales;NA;NA;NA;
/home/glbrc.org/echiang3/Saline_MetaG/kaiju/all_shortreads/S-S32.kaiju.output	0.021197	7904	1643686	Bacteria;Spirochaetes;Spirochaetia;Brachyspirales;NA;NA;NA;
/home/glbrc.org/echiang3/Saline_MetaG/kaiju/all_shortreads/S-S32.kaiju.output	0.019819	7390	135623	Bacteria;Proteobacteria;Gammaproteobacteria;Vibrionales;NA;NA;NA;
/home/glbrc.org/echiang3/Saline_MetaG/kaiju/all_shortreads/S-S32.kaiju.output	0.015611	5821	1843488	Bacteria;Firmicutes;Negativicutes;Acidaminococcales;NA;NA;NA;
/home/glbrc.org/echiang3/Saline_MetaG/kaiju/all_shortreads/S-S32.kaiju.output	0.014506	5409	1853229	Bacteria;Bacteroidetes;Chitinophagia;Chitinophagales;NA;NA;NA;
/home/glbrc.org/echiang3/Saline_MetaG/kaiju/all_shortreads/S-S32.kaiju.output	0.014487	5402	66288	Eukaryota;Preaxostyla;NA;Oxymonadida;NA;NA;NA;
/home/glbrc.org/echiang3/Saline_MetaG/kaiju/all_shortreads/S-S32.kaiju.output	0.014402	5370	68295	Bacteria;Firmicutes;Clostridia;Thermoanaerobacterales;NA;NA;NA;
/home/glbrc.org/echiang3/Saline_MetaG/kaiju/all_shortreads/S-S32.kaiju.output	0.012516	4667	292629	Bacteria;Chloroflexi;Anaerolineae;Anaerolineales;NA;NA;NA;
/home/glbrc.org/echiang3/Saline_MetaG/kaiju/all_shortreads/S-S32.kaiju.output	0.012160	4534	649776	Bacteria;Synergistetes;Synergistia;Synergistales;NA;NA;NA;
/home/glbrc.org/echiang3/Saline_MetaG/kaiju/all_shortreads/S-S32.kaiju.output	0.011199	4176	2508939	Bacteria;Firmicutes;Clostridia;Candidatus Borkfalkiales;NA;NA;NA;
/home/glbrc.org/echiang3/Saline_MetaG/kaiju/all_shortreads/S-S32.kaiju.output	0.009851	3673	356	Bacteria;Proteobacteria;Alphaproteobacteria;Rhizobiales;NA;NA;NA;
/home/glbrc.org/echiang3/Saline_MetaG/kaiju/all_shortreads/S-S32.kaiju.output	0.009496	3541	85006	Bacteria;Actinobacteria;Actinobacteria;Micrococcales;NA;NA;NA;
/home/glbrc.org/echiang3/Saline_MetaG/kaiju/all_shortreads/S-S32.kaiju.output	0.009389	3501	218872	Bacteria;Fibrobacteres;Fibrobacteria;Fibrobacterales;NA;NA;NA;
/home/glbrc.org/echiang3/Saline_MetaG/kaiju/all_shortreads/S-S32.kaiju.output	0.006324	2358	135624	Bacteria;Proteobacteria;Gammaproteobacteria;Aeromonadales;NA;NA;NA;
/home/glbrc.org/echiang3/Saline_MetaG/kaiju/all_shortreads/S-S32.kaiju.output	0.005726	2135	72274	Bacteria;Proteobacteria;Gammaproteobacteria;Pseudomonadales;NA;NA;NA;
/home/glbrc.org/echiang3/Saline_MetaG/kaiju/all_shortreads/S-S32.kaiju.output	0.005281	1969	204455	Bacteria;Proteobacteria;Alphaproteobacteria;Rhodobacterales;NA;NA;NA;
/home/glbrc.org/echiang3/Saline_MetaG/kaiju/all_shortreads/S-S32.kaiju.output	0.004841	1805	213118	Bacteria;Proteobacteria;Deltaproteobacteria;Desulfobacterales;NA;NA;NA;
/home/glbrc.org/echiang3/Saline_MetaG/kaiju/all_shortreads/S-S32.kaiju.output	0.004666	1740	53433	Bacteria;Firmicutes;Clostridia;Halanaerobiales;NA;NA;NA;
/home/glbrc.org/echiang3/Saline_MetaG/kaiju/all_shortreads/S-S32.kaiju.output	0.004605	1717	135625	Bacteria;Proteobacteria;Gammaproteobacteria;Pasteurellales;NA;NA;NA;
/home/glbrc.org/echiang3/Saline_MetaG/kaiju/all_shortreads/S-S32.kaiju.output	0.004457	1662	2037	Bacteria;Actinobacteria;Actinobacteria;Actinomycetales;NA;NA;NA;
/home/glbrc.org/echiang3/Saline_MetaG/kaiju/all_shortreads/S-S32.kaiju.output	0.004189	1562	85007	Bacteria;Actinobacteria;Actinobacteria;Corynebacteriales;NA;NA;NA;
/home/glbrc.org/echiang3/Saline_MetaG/kaiju/all_shortreads/S-S32.kaiju.output	0.004127	1539	85011	Bacteria;Actinobacteria;Actinobacteria;Streptomycetales;NA;NA;NA;
/home/glbrc.org/echiang3/Saline_MetaG/kaiju/all_shortreads/S-S32.kaiju.output	0.004009	1495	135622	Bacteria;Proteobacteria;Gammaproteobacteria;Alteromonadales;NA;NA;NA;
/home/glbrc.org/echiang3/Saline_MetaG/kaiju/all_shortreads/S-S32.kaiju.output	0.003776	1408	135619	Bacteria;Proteobacteria;Gammaproteobacteria;Oceanospirillales;NA;NA;NA;
/home/glbrc.org/echiang3/Saline_MetaG/kaiju/all_shortreads/S-S32.kaiju.output	0.003704	1381	69541	Bacteria;Proteobacteria;Deltaproteobacteria;Desulfuromonadales;NA;NA;NA;
/home/glbrc.org/echiang3/Saline_MetaG/kaiju/all_shortreads/S-S32.kaiju.output	0.003012	1123	1161	Bacteria;Cyanobacteria;NA;Nostocales;NA;NA;NA;
/home/glbrc.org/echiang3/Saline_MetaG/kaiju/all_shortreads/S-S32.kaiju.output	0.002859	1066	135614	Bacteria;Proteobacteria;Gammaproteobacteria;Xanthomonadales;NA;NA;NA;
/home/glbrc.org/echiang3/Saline_MetaG/kaiju/all_shortreads/S-S32.kaiju.output	0.002821	1052	29	Bacteria;Proteobacteria;Deltaproteobacteria;Myxococcales;NA;NA;NA;
/home/glbrc.org/echiang3/Saline_MetaG/kaiju/all_shortreads/S-S32.kaiju.output	0.002786	1039	204457	Bacteria;Proteobacteria;Alphaproteobacteria;Sphingomonadales;NA;NA;NA;
/home/glbrc.org/echiang3/Saline_MetaG/kaiju/all_shortreads/S-S32.kaiju.output	0.002706	1009	2158	Archaea;Euryarchaeota;Methanobacteria;Methanobacteriales;NA;NA;NA;
/home/glbrc.org/echiang3/Saline_MetaG/kaiju/all_shortreads/S-S32.kaiju.output	0.002642	985	51291	Bacteria;Chlamydiae;Chlamydiia;Chlamydiales;NA;NA;NA;
/home/glbrc.org/echiang3/Saline_MetaG/kaiju/all_shortreads/S-S32.kaiju.output	0.002457	916	1890424	Bacteria;Cyanobacteria;NA;Synechococcales;NA;NA;NA;
/home/glbrc.org/echiang3/Saline_MetaG/kaiju/all_shortreads/S-S32.kaiju.output	0.002427	905	206351	Bacteria;Proteobacteria;Betaproteobacteria;Neisseriales;NA;NA;NA;
/home/glbrc.org/echiang3/Saline_MetaG/kaiju/all_shortreads/S-S32.kaiju.output	0.002400	895	135613	Bacteria;Proteobacteria;Gammaproteobacteria;Chromatiales;NA;NA;NA;
/home/glbrc.org/echiang3/Saline_MetaG/kaiju/all_shortreads/S-S32.kaiju.output	0.002360	880	2085	Bacteria;Tenericutes;Mollicutes;Mycoplasmatales;NA;NA;NA;
/home/glbrc.org/echiang3/Saline_MetaG/kaiju/all_shortreads/S-S32.kaiju.output	0.002341	873	85009	Bacteria;Actinobacteria;Actinobacteria;Propionibacteriales;NA;NA;NA;
/home/glbrc.org/echiang3/Saline_MetaG/kaiju/all_shortreads/S-S32.kaiju.output	0.002199	820	29006	Eukaryota;Chytridiomycota;Neocallimastigomycetes;Neocallimastigales;NA;NA;NA;
/home/glbrc.org/echiang3/Saline_MetaG/kaiju/all_shortreads/S-S32.kaiju.output	0.002183	814	94695	Archaea;Euryarchaeota;Methanomicrobia;Methanosarcinales;NA;NA;NA;
/home/glbrc.org/echiang3/Saline_MetaG/kaiju/all_shortreads/S-S32.kaiju.output	0.002159	805	189778	Bacteria;Nitrospirae;Nitrospira;Nitrospirales;NA;NA;NA;
/home/glbrc.org/echiang3/Saline_MetaG/kaiju/all_shortreads/S-S32.kaiju.output	0.002154	803	85008	Bacteria;Actinobacteria;Actinobacteria;Micromonosporales;NA;NA;NA;
/home/glbrc.org/echiang3/Saline_MetaG/kaiju/all_shortreads/S-S32.kaiju.output	0.002076	774	2191	Archaea;Euryarchaeota;Methanomicrobia;Methanomicrobiales;NA;NA;NA;
/home/glbrc.org/echiang3/Saline_MetaG/kaiju/all_shortreads/S-S32.kaiju.output	0.002038	760	32003	Bacteria;Proteobacteria;Betaproteobacteria;Nitrosomonadales;NA;NA;NA;
/home/glbrc.org/echiang3/Saline_MetaG/kaiju/all_shortreads/S-S32.kaiju.output	0.001864	695	4827	Eukaryota;Mucoromycota;Mucoromycetes;Mucorales;NA;NA;NA;
/home/glbrc.org/echiang3/Saline_MetaG/kaiju/all_shortreads/S-S32.kaiju.output	0.001834	684	1235850	Archaea;Euryarchaeota;Thermoplasmata;Methanomassiliicoccales;NA;NA;NA;
/home/glbrc.org/echiang3/Saline_MetaG/kaiju/all_shortreads/S-S32.kaiju.output	0.001703	635	85010	Bacteria;Actinobacteria;Actinobacteria;Pseudonocardiales;NA;NA;NA;
/home/glbrc.org/echiang3/Saline_MetaG/kaiju/all_shortreads/S-S32.kaiju.output	0.001703	635	206389	Bacteria;Proteobacteria;Betaproteobacteria;Rhodocyclales;NA;NA;NA;
/home/glbrc.org/echiang3/Saline_MetaG/kaiju/all_shortreads/S-S32.kaiju.output	0.001652	616	1936988	Bacteria;Bacteroidetes;Saprospiria;Saprospirales;NA;NA;NA;
/home/glbrc.org/echiang3/Saline_MetaG/kaiju/all_shortreads/S-S32.kaiju.output	0.001631	608	72273	Bacteria;Proteobacteria;Gammaproteobacteria;Thiotrichales;NA;NA;NA;
/home/glbrc.org/echiang3/Saline_MetaG/kaiju/all_shortreads/S-S32.kaiju.output	0.001365	509	213462	Bacteria;Proteobacteria;Deltaproteobacteria;Syntrophobacterales;NA;NA;NA;
/home/glbrc.org/echiang3/Saline_MetaG/kaiju/all_shortreads/S-S32.kaiju.output	0.001360	507	191411	Bacteria;Chlorobi;Chlorobia;Chlorobiales;NA;NA;NA;
/home/glbrc.org/echiang3/Saline_MetaG/kaiju/all_shortreads/S-S32.kaiju.output	0.001352	504	1643688	Bacteria;Spirochaetes;Spirochaetia;Leptospirales;NA;NA;NA;
/home/glbrc.org/echiang3/Saline_MetaG/kaiju/all_shortreads/S-S32.kaiju.output	0.001338	499	186329	Bacteria;Tenericutes;Mollicutes;Acholeplasmatales;NA;NA;NA;
/home/glbrc.org/echiang3/Saline_MetaG/kaiju/all_shortreads/S-S32.kaiju.output	0.001317	491	1706369	Bacteria;Proteobacteria;Gammaproteobacteria;Cellvibrionales;NA;NA;NA;
/home/glbrc.org/echiang3/Saline_MetaG/kaiju/all_shortreads/S-S32.kaiju.output	0.001290	481	1240482	Bacteria;Proteobacteria;Gammaproteobacteria;Orbales;NA;NA;NA;
/home/glbrc.org/echiang3/Saline_MetaG/kaiju/all_shortreads/S-S32.kaiju.output	0.001172	437	1853223	Bacteria;Balneolaeota;Balneolia;Balneolales;NA;NA;NA;
/home/glbrc.org/echiang3/Saline_MetaG/kaiju/all_shortreads/S-S32.kaiju.output	0.001159	432	2419	Bacteria;Thermotogae;Thermotogae;Thermotogales;NA;NA;NA;
/home/glbrc.org/echiang3/Saline_MetaG/kaiju/all_shortreads/S-S32.kaiju.output	0.001153	430	766	Bacteria;Proteobacteria;Alphaproteobacteria;Rickettsiales;NA;NA;NA;
/home/glbrc.org/echiang3/Saline_MetaG/kaiju/all_shortreads/S-S32.kaiju.output	0.001081	403	415000	Bacteria;Verrucomicrobia;Opitutae;Opitutales;NA;NA;NA;
/home/glbrc.org/echiang3/Saline_MetaG/kaiju/all_shortreads/S-S32.kaiju.output	0.000995	371	795748	Bacteria;Ignavibacteriae;Ignavibacteria;Ignavibacteriales;NA;NA;NA;
/home/glbrc.org/echiang3/Saline_MetaG/kaiju/all_shortreads/S-S32.kaiju.output	0.000979	365	278082	Bacteria;Lentisphaerae;Lentisphaeria;Victivallales;NA;NA;NA;
/home/glbrc.org/echiang3/Saline_MetaG/kaiju/all_shortreads/S-S32.kaiju.output	0.000960	358	1643947	Bacteria;Thermotogae;Thermotogae;Petrotogales;NA;NA;NA;
/home/glbrc.org/echiang3/Saline_MetaG/kaiju/all_shortreads/S-S32.kaiju.output	0.000944	352	1150	Bacteria;Cyanobacteria;NA;Oscillatoriales;NA;NA;NA;
/home/glbrc.org/echiang3/Saline_MetaG/kaiju/all_shortreads/S-S32.kaiju.output	0.000931	347	118964	Bacteria;Deinococcus-Thermus;Deinococci;Deinococcales;NA;NA;NA;
/home/glbrc.org/echiang3/Saline_MetaG/kaiju/all_shortreads/S-S32.kaiju.output	0.000888	331	118969	Bacteria;Proteobacteria;Gammaproteobacteria;Legionellales;NA;NA;NA;
/home/glbrc.org/echiang3/Saline_MetaG/kaiju/all_shortreads/S-S32.kaiju.output	0.000866	323	191393	Bacteria;Deferribacteres;Deferribacteres;Deferribacterales;NA;NA;NA;
/home/glbrc.org/echiang3/Saline_MetaG/kaiju/all_shortreads/S-S32.kaiju.output	0.000847	316	135618	Bacteria;Proteobacteria;Gammaproteobacteria;Methylococcales;NA;NA;NA;
/home/glbrc.org/echiang3/Saline_MetaG/kaiju/all_shortreads/S-S32.kaiju.output	0.000764	285	85012	Bacteria;Actinobacteria;Actinobacteria;Streptosporangiales;NA;NA;NA;
/home/glbrc.org/echiang3/Saline_MetaG/kaiju/all_shortreads/S-S32.kaiju.output	0.000743	277	740972	Eukaryota;Parabasalia;NA;Tritrichomonadida;NA;NA;NA;
/home/glbrc.org/echiang3/Saline_MetaG/kaiju/all_shortreads/S-S32.kaiju.output	0.000735	274	204458	Bacteria;Proteobacteria;Alphaproteobacteria;Caulobacterales;NA;NA;NA;
/home/glbrc.org/echiang3/Saline_MetaG/kaiju/all_shortreads/S-S32.kaiju.output	0.000697	260	186332	Bacteria;Tenericutes;Mollicutes;Anaeroplasmatales;NA;NA;NA;
/home/glbrc.org/echiang3/Saline_MetaG/kaiju/all_shortreads/S-S32.kaiju.output	0.000697	260	641854	Bacteria;Elusimicrobia;Elusimicrobia;Elusimicrobiales;NA;NA;NA;
/home/glbrc.org/echiang3/Saline_MetaG/kaiju/all_shortreads/S-S32.kaiju.output	0.000679	253	204433	Bacteria;Acidobacteria;Acidobacteriia;Acidobacteriales;NA;NA;NA;
/home/glbrc.org/echiang3/Saline_MetaG/kaiju/all_shortreads/S-S32.kaiju.output	0.000625	233	1127829	Bacteria;Planctomycetes;Candidatus Brocadiae;Candidatus Brocadiales;NA;NA;NA;
/home/glbrc.org/echiang3/Saline_MetaG/kaiju/all_shortreads/S-S32.kaiju.output	0.000601	224	1217098	Bacteria;Actinobacteria;Actinobacteria;Jiangellales;NA;NA;NA;
/home/glbrc.org/echiang3/Saline_MetaG/kaiju/all_shortreads/S-S32.kaiju.output	0.000601	224	2691354	Bacteria;Planctomycetes;Planctomycetia;Pirellulales;NA;NA;NA;
/home/glbrc.org/echiang3/Saline_MetaG/kaiju/all_shortreads/S-S32.kaiju.output	0.000550	205	415001	Bacteria;Verrucomicrobia;Opitutae;Puniceicoccales;NA;NA;NA;
/home/glbrc.org/echiang3/Saline_MetaG/kaiju/all_shortreads/S-S32.kaiju.output	0.000531	198	5178	Eukaryota;Ascomycota;Leotiomycetes;Helotiales;NA;NA;NA;
/home/glbrc.org/echiang3/Saline_MetaG/kaiju/all_shortreads/S-S32.kaiju.output	0.000512	191	1775403	Bacteria;Proteobacteria;Gammaproteobacteria;Nevskiales;NA;NA;NA;
/home/glbrc.org/echiang3/Saline_MetaG/kaiju/all_shortreads/S-S32.kaiju.output	0.000496	185	54526	Bacteria;Proteobacteria;Alphaproteobacteria;Pelagibacterales;NA;NA;NA;
/home/glbrc.org/echiang3/Saline_MetaG/kaiju/all_shortreads/S-S32.kaiju.output	0.000496	185	471822	Bacteria;NA;NA;Haloplasmatales;NA;NA;NA;
/home/glbrc.org/echiang3/Saline_MetaG/kaiju/all_shortreads/S-S32.kaiju.output	0.000491	183	1202465	Bacteria;Chloroflexi;Dehalococcoidia;Dehalococcoidales;NA;NA;NA;
/home/glbrc.org/echiang3/Saline_MetaG/kaiju/all_shortreads/S-S32.kaiju.output	0.000480	179	36750	Eukaryota;Mucoromycota;Glomeromycetes;Glomerales;NA;NA;NA;
/home/glbrc.org/echiang3/Saline_MetaG/kaiju/all_shortreads/S-S32.kaiju.output	0.000472	176	1118	Bacteria;Cyanobacteria;NA;Chroococcales;NA;NA;NA;
/home/glbrc.org/echiang3/Saline_MetaG/kaiju/all_shortreads/S-S32.kaiju.output	0.000472	176	84993	Bacteria;Actinobacteria;Acidimicrobiia;Acidimicrobiales;NA;NA;NA;
/home/glbrc.org/echiang3/Saline_MetaG/kaiju/all_shortreads/S-S32.kaiju.output	0.000467	174	1921002	Bacteria;Proteobacteria;Alphaproteobacteria;Holosporales;NA;NA;NA;
/home/glbrc.org/echiang3/Saline_MetaG/kaiju/all_shortreads/S-S32.kaiju.output	0.000440	164	213481	Bacteria;Proteobacteria;Oligoflexia;Bdellovibrionales;NA;NA;NA;
/home/glbrc.org/echiang3/Saline_MetaG/kaiju/all_shortreads/S-S32.kaiju.output	0.000432	161	4892	Eukaryota;Ascomycota;Saccharomycetes;Saccharomycetales;NA;NA;NA;
/home/glbrc.org/echiang3/Saline_MetaG/kaiju/all_shortreads/S-S32.kaiju.output	0.000432	161	35087	Eukaryota;Apicomplexa;Conoidasida;Eugregarinorida;NA;NA;NA;
/home/glbrc.org/echiang3/Saline_MetaG/kaiju/all_shortreads/S-S32.kaiju.output	0.000410	153	5819	Eukaryota;Apicomplexa;Aconoidasida;Haemosporida;NA;NA;NA;
/home/glbrc.org/echiang3/Saline_MetaG/kaiju/all_shortreads/S-S32.kaiju.output	0.000397	148	213113	Bacteria;Proteobacteria;Deltaproteobacteria;Desulfurellales;NA;NA;NA;
/home/glbrc.org/echiang3/Saline_MetaG/kaiju/all_shortreads/S-S32.kaiju.output	0.000392	146	1643682	Bacteria;Actinobacteria;Actinobacteria;Geodermatophilales;NA;NA;NA;
/home/glbrc.org/echiang3/Saline_MetaG/kaiju/all_shortreads/S-S32.kaiju.output	0.000375	140	68933	Bacteria;Deinococcus-Thermus;Deinococci;Thermales;NA;NA;NA;
/home/glbrc.org/echiang3/Saline_MetaG/kaiju/all_shortreads/S-S32.kaiju.output	0.000365	136	5042	Eukaryota;Ascomycota;Eurotiomycetes;Eurotiales;NA;NA;NA;
/home/glbrc.org/echiang3/Saline_MetaG/kaiju/all_shortreads/S-S32.kaiju.output	0.000351	131	219686	Bacteria;Gemmatimonadetes;Gemmatimonadetes;Gemmatimonadales;NA;NA;NA;
/home/glbrc.org/echiang3/Saline_MetaG/kaiju/all_shortreads/S-S32.kaiju.output	0.000343	128	1643946	Bacteria;Thermotogae;Thermotogae;Kosmotogales;NA;NA;NA;
/home/glbrc.org/echiang3/Saline_MetaG/kaiju/all_shortreads/S-S32.kaiju.output	0.000333	124	189769	Bacteria;Chrysiogenetes;Chrysiogenetes;Chrysiogenales;NA;NA;NA;
/home/glbrc.org/echiang3/Saline_MetaG/kaiju/all_shortreads/S-S32.kaiju.output	0.000308	115	453227	Bacteria;Proteobacteria;Deltaproteobacteria;Desulfarculales;NA;NA;NA;
/home/glbrc.org/echiang3/Saline_MetaG/kaiju/all_shortreads/S-S32.kaiju.output	0.000282	105	37104	Eukaryota;Parabasalia;NA;Trichomonadida;NA;NA;NA;
/home/glbrc.org/echiang3/Saline_MetaG/kaiju/all_shortreads/S-S32.kaiju.output	0.000279	104	2258	Archaea;Euryarchaeota;Thermococci;Thermococcales;NA;NA;NA;
/home/glbrc.org/echiang3/Saline_MetaG/kaiju/all_shortreads/S-S32.kaiju.output	0.000276	103	388448	Bacteria;Chloroflexi;Ktedonobacteria;Ktedonobacterales;NA;NA;NA;
/home/glbrc.org/echiang3/Saline_MetaG/kaiju/all_shortreads/S-S32.kaiju.output	0.000276	103	1485951	Bacteria;Aquificae;Aquificae;Desulfurobacteriales;NA;NA;NA;
/home/glbrc.org/echiang3/Saline_MetaG/kaiju/all_shortreads/S-S32.kaiju.output	0.000274	102	112	Bacteria;Planctomycetes;Planctomycetia;Planctomycetales;NA;NA;NA;
/home/glbrc.org/echiang3/Saline_MetaG/kaiju/all_shortreads/S-S32.kaiju.output	0.000268	100	186328	Bacteria;Tenericutes;Mollicutes;Entomoplasmatales;NA;NA;NA;
/home/glbrc.org/echiang3/Saline_MetaG/kaiju/all_shortreads/S-S32.kaiju.output	0.000268	100	693921	Eukaryota;Ciliophora;Spirotrichea;Sporadotrichida;NA;NA;NA;
/home/glbrc.org/echiang3/Saline_MetaG/kaiju/all_shortreads/S-S32.kaiju.output	0.000263	98	32069	Bacteria;Aquificae;Aquificae;Aquificales;NA;NA;NA;
/home/glbrc.org/echiang3/Saline_MetaG/kaiju/all_shortreads/S-S32.kaiju.output	0.000249	93	5125	Eukaryota;Ascomycota;Sordariomycetes;Hypocreales;NA;NA;NA;
/home/glbrc.org/echiang3/Saline_MetaG/kaiju/all_shortreads/S-S32.kaiju.output	0.000249	93	2704949	Eukaryota;Euglenozoa;Kinetoplastea;Trypanosomatida;NA;NA;NA;
/home/glbrc.org/echiang3/Saline_MetaG/kaiju/all_shortreads/S-S32.kaiju.output	0.000247	92	1963360	Bacteria;Chlamydiae;Chlamydiia;Parachlamydiales;NA;NA;NA;
/home/glbrc.org/echiang3/Saline_MetaG/kaiju/all_shortreads/S-S32.kaiju.output	0.000241	90	4776	Eukaryota;NA;Oomycota;Peronosporales;NA;NA;NA;
/home/glbrc.org/echiang3/Saline_MetaG/kaiju/all_shortreads/S-S32.kaiju.output	0.000241	90	214509	Eukaryota;Mucoromycota;Glomeromycetes;Diversisporales;NA;NA;NA;
/home/glbrc.org/echiang3/Saline_MetaG/kaiju/all_shortreads/S-S32.kaiju.output	0.000233	87	2301	Archaea;Euryarchaeota;Thermoplasmata;Thermoplasmatales;NA;NA;NA;
/home/glbrc.org/echiang3/Saline_MetaG/kaiju/all_shortreads/S-S32.kaiju.output	0.000225	84	2182	Archaea;Euryarchaeota;Methanococci;Methanococcales;NA;NA;NA;
/home/glbrc.org/echiang3/Saline_MetaG/kaiju/all_shortreads/S-S32.kaiju.output	0.000225	84	5738	Eukaryota;Fornicata;NA;Diplomonadida;NA;NA;NA;
/home/glbrc.org/echiang3/Saline_MetaG/kaiju/all_shortreads/S-S32.kaiju.output	0.000215	80	5338	Eukaryota;Basidiomycota;Agaricomycetes;Agaricales;NA;NA;NA;
/home/glbrc.org/echiang3/Saline_MetaG/kaiju/all_shortreads/S-S32.kaiju.output	0.000215	80	255473	Bacteria;Proteobacteria;Alphaproteobacteria;Parvularculales;NA;NA;NA;
/home/glbrc.org/echiang3/Saline_MetaG/kaiju/all_shortreads/S-S32.kaiju.output	0.000212	79	32064	Bacteria;Chloroflexi;Chloroflexia;Chloroflexales;NA;NA;NA;
/home/glbrc.org/echiang3/Saline_MetaG/kaiju/all_shortreads/S-S32.kaiju.output	0.000209	78	85013	Bacteria;Actinobacteria;Actinobacteria;Frankiales;NA;NA;NA;
/home/glbrc.org/echiang3/Saline_MetaG/kaiju/all_shortreads/S-S32.kaiju.output	0.000209	78	1921782	Bacteria;Kiritimatiellaeota;Kiritimatiellae;Kiritimatiellales;NA;NA;NA;
/home/glbrc.org/echiang3/Saline_MetaG/kaiju/all_shortreads/S-S32.kaiju.output	0.000198	74	119069	Bacteria;Proteobacteria;Hydrogenophilalia;Hydrogenophilales;NA;NA;NA;
/home/glbrc.org/echiang3/Saline_MetaG/kaiju/all_shortreads/S-S32.kaiju.output	0.000198	74	1100069	Bacteria;Bacteroidetes;NA;Bacteroidetes Order II. Incertae sedis;NA;NA;NA;
/home/glbrc.org/echiang3/Saline_MetaG/kaiju/all_shortreads/S-S32.kaiju.output	0.000193	72	188710	Bacteria;Thermodesulfobacteria;Thermodesulfobacteria;Thermodesulfobacteriales;NA;NA;NA;
/home/glbrc.org/echiang3/Saline_MetaG/kaiju/all_shortreads/S-S32.kaiju.output	0.000190	71	235899	Bacteria;Proteobacteria;Epsilonproteobacteria;Nautiliales;NA;NA;NA;
/home/glbrc.org/echiang3/Saline_MetaG/kaiju/all_shortreads/S-S32.kaiju.output	0.000188	70	2235	Archaea;Euryarchaeota;Halobacteria;Halobacteriales;NA;NA;NA;
/home/glbrc.org/echiang3/Saline_MetaG/kaiju/all_shortreads/S-S32.kaiju.output	0.000185	69	693072	Bacteria;Caldiserica;Caldisericia;Caldisericales;NA;NA;NA;
/home/glbrc.org/echiang3/Saline_MetaG/kaiju/all_shortreads/S-S32.kaiju.output	0.000185	69	2498707	Bacteria;Candidatus Cryosericota;Candidatus Cryosericia;Candidatus Cryosericales;NA;NA;NA;
/home/glbrc.org/echiang3/Saline_MetaG/kaiju/all_shortreads/S-S32.kaiju.output	0.000182	68	133814	Archaea;Euryarchaeota;Candidatus Poseidoniia;Candidatus Poseidoniales;NA;NA;NA;
/home/glbrc.org/echiang3/Saline_MetaG/kaiju/all_shortreads/S-S32.kaiju.output	0.000182	68	2691355	Bacteria;Planctomycetes;Planctomycetia;Gemmatales;NA;NA;NA;
/home/glbrc.org/echiang3/Saline_MetaG/kaiju/all_shortreads/S-S32.kaiju.output	0.000174	65	42740	Eukaryota;NA;Bigyra;Opalinata;NA;NA;NA;
/home/glbrc.org/echiang3/Saline_MetaG/kaiju/all_shortreads/S-S32.kaiju.output	0.000174	65	1191478	Bacteria;Proteobacteria;Alphaproteobacteria;Magnetococcales;NA;NA;NA;
/home/glbrc.org/echiang3/Saline_MetaG/kaiju/all_shortreads/S-S32.kaiju.output	0.000169	63	278081	Bacteria;Lentisphaerae;Lentisphaeria;Lentisphaerales;NA;NA;NA;
/home/glbrc.org/echiang3/Saline_MetaG/kaiju/all_shortreads/S-S32.kaiju.output	0.000161	60	73020	Eukaryota;Haptista;Haptophyta;Isochrysidales;NA;NA;NA;
/home/glbrc.org/echiang3/Saline_MetaG/kaiju/all_shortreads/S-S32.kaiju.output	0.000161	60	362534	Bacteria;Proteobacteria;Alphaproteobacteria;Kordiimonadales;NA;NA;NA;
/home/glbrc.org/echiang3/Saline_MetaG/kaiju/all_shortreads/S-S32.kaiju.output	0.000148	55	5863	Eukaryota;Apicomplexa;Aconoidasida;Piroplasmida;NA;NA;NA;
/home/glbrc.org/echiang3/Saline_MetaG/kaiju/all_shortreads/S-S32.kaiju.output	0.000145	54	4763	Eukaryota;NA;Oomycota;Saprolegniales;NA;NA;NA;
/home/glbrc.org/echiang3/Saline_MetaG/kaiju/all_shortreads/S-S32.kaiju.output	0.000145	54	35460	Eukaryota;Chlorophyta;Trebouxiophyceae;Chlorellales;NA;NA;NA;
/home/glbrc.org/echiang3/Saline_MetaG/kaiju/all_shortreads/S-S32.kaiju.output	0.000145	54	2138246	Bacteria;Coprothermobacterota;Coprothermobacteria;Coprothermobacterales;NA;NA;NA;
/home/glbrc.org/echiang3/Saline_MetaG/kaiju/all_shortreads/S-S32.kaiju.output	0.000142	53	225057	Bacteria;Proteobacteria;Acidithiobacillia;Acidithiobacillales;NA;NA;NA;
/home/glbrc.org/echiang3/Saline_MetaG/kaiju/all_shortreads/S-S32.kaiju.output	0.000142	53	1779134	Bacteria;Proteobacteria;Deltaproteobacteria;Bradymonadales;NA;NA;NA;
/home/glbrc.org/echiang3/Saline_MetaG/kaiju/all_shortreads/S-S32.kaiju.output	0.000142	53	2483366	Bacteria;Planctomycetes;Phycisphaerae;Sedimentisphaerales;NA;NA;NA;
/home/glbrc.org/echiang3/Saline_MetaG/kaiju/all_shortreads/S-S32.kaiju.output	0.000137	51	1962852	Bacteria;Calditrichaeota;Calditrichae;Calditrichales;NA;NA;NA;
/home/glbrc.org/echiang3/Saline_MetaG/kaiju/all_shortreads/S-S32.kaiju.output	0.000134	50	2058949	Eukaryota;Evosea;Eumycetozoa;Dictyosteliales;NA;NA;NA;
/home/glbrc.org/echiang3/Saline_MetaG/kaiju/all_shortreads/S-S32.kaiju.output	0.000131	49	1692040	Bacteria;Proteobacteria;Gammaproteobacteria;Acidiferrobacterales;NA;NA;NA;
/home/glbrc.org/echiang3/Saline_MetaG/kaiju/all_shortreads/S-S32.kaiju.output	0.000126	47	61421	Eukaryota;Zoopagomycota;Harpellomycetes;Harpellales;NA;NA;NA;
/home/glbrc.org/echiang3/Saline_MetaG/kaiju/all_shortreads/S-S32.kaiju.output	0.000121	45	3042	Eukaryota;Chlorophyta;Chlorophyceae;Chlamydomonadales;NA;NA;NA;
/home/glbrc.org/echiang3/Saline_MetaG/kaiju/all_shortreads/S-S32.kaiju.output	0.000121	45	2682482	Eukaryota;Evosea;NA;Mastigamoebida;NA;NA;NA;
/home/glbrc.org/echiang3/Saline_MetaG/kaiju/all_shortreads/S-S32.kaiju.output	0.000115	43	75739	Eukaryota;Apicomplexa;Conoidasida;Eucoccidiorida;NA;NA;NA;
/home/glbrc.org/echiang3/Saline_MetaG/kaiju/all_shortreads/S-S32.kaiju.output	0.000115	43	307595	Bacteria;Cyanobacteria;Gloeobacteria;Gloeobacterales;NA;NA;NA;
/home/glbrc.org/echiang3/Saline_MetaG/kaiju/all_shortreads/S-S32.kaiju.output	0.000115	43	332160	Bacteria;Acidobacteria;Acidobacteriia;Bryobacterales;NA;NA;NA;
/home/glbrc.org/echiang3/Saline_MetaG/kaiju/all_shortreads/S-S32.kaiju.output	0.000115	43	2507543	Bacteria;Candidatus Margulisbacteria;Candidatus Termititenacia;Candidatus Termititenacales;NA;NA;NA;
/home/glbrc.org/echiang3/Saline_MetaG/kaiju/all_shortreads/S-S32.kaiju.output	0.000113	42	265318	Eukaryota;Rhodophyta;Bangiophyceae;Cyanidiales;NA;NA;NA;
/home/glbrc.org/echiang3/Saline_MetaG/kaiju/all_shortreads/S-S32.kaiju.output	0.000110	41	1643687	Bacteria;Spirochaetes;Spirochaetia;Brevinematales;NA;NA;NA;
/home/glbrc.org/echiang3/Saline_MetaG/kaiju/all_shortreads/S-S32.kaiju.output	0.000107	40	666506	Bacteria;Planctomycetes;Phycisphaerae;Phycisphaerales;NA;NA;NA;
/home/glbrc.org/echiang3/Saline_MetaG/kaiju/all_shortreads/S-S32.kaiju.output	0.000107	40	1676649	Bacteria;Firmicutes;Limnochordia;Limnochordales;NA;NA;NA;
/home/glbrc.org/echiang3/Saline_MetaG/kaiju/all_shortreads/S-S32.kaiju.output	0.000105	39	92860	Eukaryota;Ascomycota;Dothideomycetes;Pleosporales;NA;NA;NA;
/home/glbrc.org/echiang3/Saline_MetaG/kaiju/all_shortreads/S-S32.kaiju.output	0.000105	39	510684	Bacteria;Proteobacteria;Alphaproteobacteria;Sneathiellales;NA;NA;NA;
/home/glbrc.org/echiang3/Saline_MetaG/kaiju/all_shortreads/S-S32.kaiju.output	0.000105	39	1924738	Eukaryota;NA;Choanoflagellata;Craspedida;NA;NA;NA;
/home/glbrc.org/echiang3/Saline_MetaG/kaiju/all_shortreads/S-S32.kaiju.output	0.000102	38	1853224	Bacteria;Rhodothermaeota;Rhodothermia;Rhodothermales;NA;NA;NA;
/home/glbrc.org/echiang3/Saline_MetaG/kaiju/all_shortreads/S-S32.kaiju.output	0.000099	37	89954	Eukaryota;NA;Dinophyceae;Suessiales;NA;NA;NA;
/home/glbrc.org/echiang3/Saline_MetaG/kaiju/all_shortreads/S-S32.kaiju.output	0.000094	35	52604	Bacteria;Cyanobacteria;NA;Pleurocapsales;NA;NA;NA;
/home/glbrc.org/echiang3/Saline_MetaG/kaiju/all_shortreads/S-S32.kaiju.output	0.000094	35	580371	Bacteria;Proteobacteria;Zetaproteobacteria;Mariprofundales;NA;NA;NA;
/home/glbrc.org/echiang3/Saline_MetaG/kaiju/all_shortreads/S-S32.kaiju.output	0.000091	34	134362	Eukaryota;Ascomycota;Dothideomycetes;Capnodiales;NA;NA;NA;
/home/glbrc.org/echiang3/Saline_MetaG/kaiju/all_shortreads/S-S32.kaiju.output	0.000091	34	203487	Bacteria;Dictyoglomi;Dictyoglomia;Dictyoglomales;NA;NA;NA;
/home/glbrc.org/echiang3/Saline_MetaG/kaiju/all_shortreads/S-S32.kaiju.output	0.000091	34	1769716	Bacteria;Thermotogae;Thermotogae;Mesoaciditogales;NA;NA;NA;
/home/glbrc.org/echiang3/Saline_MetaG/kaiju/all_shortreads/S-S32.kaiju.output	0.000089	33	33847	Eukaryota;Bacillariophyta;Coscinodiscophyceae;Thalassiosirales;NA;NA;NA;
/home/glbrc.org/echiang3/Saline_MetaG/kaiju/all_shortreads/S-S32.kaiju.output	0.000089	33	622452	Bacteria;Actinobacteria;Actinobacteria;Kineosporiales;NA;NA;NA;
/home/glbrc.org/echiang3/Saline_MetaG/kaiju/all_shortreads/S-S32.kaiju.output	0.000086	32	86650	Eukaryota;Euglenozoa;Euglenida;Euglenales;NA;NA;NA;
/home/glbrc.org/echiang3/Saline_MetaG/kaiju/all_shortreads/S-S32.kaiju.output	0.000083	31	588673	Bacteria;Actinobacteria;Thermoleophilia;Solirubrobacterales;NA;NA;NA;
/home/glbrc.org/echiang3/Saline_MetaG/kaiju/all_shortreads/S-S32.kaiju.output	0.000080	30	33851	Eukaryota;Bacillariophyta;Bacillariophyceae;Bacillariales;NA;NA;NA;
/home/glbrc.org/echiang3/Saline_MetaG/kaiju/all_shortreads/S-S32.kaiju.output	0.000080	30	485256	Bacteria;Firmicutes;Clostridia;Natranaerobiales;NA;NA;NA;
/home/glbrc.org/echiang3/Saline_MetaG/kaiju/all_shortreads/S-S32.kaiju.output	0.000080	30	570264	Archaea;Euryarchaeota;Methanomicrobia;Methanocellales;NA;NA;NA;
/home/glbrc.org/echiang3/Saline_MetaG/kaiju/all_shortreads/S-S32.kaiju.output	0.000080	30	1293499	Bacteria;Nitrospinae;Nitrospinia;Nitrospinales;NA;NA;NA;
/home/glbrc.org/echiang3/Saline_MetaG/kaiju/all_shortreads/S-S32.kaiju.output	0.000078	29	27998	Eukaryota;Perkinsozoa;NA;Perkinsida;NA;NA;NA;
/home/glbrc.org/echiang3/Saline_MetaG/kaiju/all_shortreads/S-S32.kaiju.output	0.000078	29	2024979	Bacteria;Proteobacteria;Oligoflexia;Bacteriovoracales;NA;NA;NA;
/home/glbrc.org/echiang3/Saline_MetaG/kaiju/all_shortreads/S-S32.kaiju.output	0.000075	28	13792	Eukaryota;Chlorophyta;Mamiellophyceae;Mamiellales;NA;NA;NA;
/home/glbrc.org/echiang3/Saline_MetaG/kaiju/all_shortreads/S-S32.kaiju.output	0.000075	28	1644055	Archaea;Euryarchaeota;Halobacteria;Haloferacales;NA;NA;NA;
/home/glbrc.org/echiang3/Saline_MetaG/kaiju/all_shortreads/S-S32.kaiju.output	0.000075	28	1783344	Bacteria;Elusimicrobia;Endomicrobia;Endomicrobiales;NA;NA;NA;
/home/glbrc.org/echiang3/Saline_MetaG/kaiju/all_shortreads/S-S32.kaiju.output	0.000075	28	2691356	Bacteria;Planctomycetes;Planctomycetia;Isosphaerales;NA;NA;NA;
/home/glbrc.org/echiang3/Saline_MetaG/kaiju/all_shortreads/S-S32.kaiju.output	0.000072	27	135615	Bacteria;Proteobacteria;Gammaproteobacteria;Cardiobacteriales;NA;NA;NA;
/home/glbrc.org/echiang3/Saline_MetaG/kaiju/all_shortreads/S-S32.kaiju.output	0.000072	27	1890443	Bacteria;Cyanobacteria;NA;Spirulinales;NA;NA;NA;
/home/glbrc.org/echiang3/Saline_MetaG/kaiju/all_shortreads/S-S32.kaiju.output	0.000070	26	162474	Eukaryota;Basidiomycota;Malasseziomycetes;Malasseziales;NA;NA;NA;
/home/glbrc.org/echiang3/Saline_MetaG/kaiju/all_shortreads/S-S32.kaiju.output	0.000070	26	589342	Eukaryota;NA;Cryptophyceae;Pyrenomonadales;NA;NA;NA;
/home/glbrc.org/echiang3/Saline_MetaG/kaiju/all_shortreads/S-S32.kaiju.output	0.000067	25	34395	Eukaryota;Ascomycota;Eurotiomycetes;Chaetothyriales;NA;NA;NA;
/home/glbrc.org/echiang3/Saline_MetaG/kaiju/all_shortreads/S-S32.kaiju.output	0.000067	25	85014	Bacteria;Actinobacteria;Actinobacteria;Glycomycetales;NA;NA;NA;
/home/glbrc.org/echiang3/Saline_MetaG/kaiju/all_shortreads/S-S32.kaiju.output	0.000067	25	1154584	Bacteria;Actinobacteria;Rubrobacteria;Gaiellales;NA;NA;NA;
/home/glbrc.org/echiang3/Saline_MetaG/kaiju/all_shortreads/S-S32.kaiju.output	0.000064	24	28997	Eukaryota;Basidiomycota;Dacrymycetes;Dacrymycetales;NA;NA;NA;
/home/glbrc.org/echiang3/Saline_MetaG/kaiju/all_shortreads/S-S32.kaiju.output	0.000062	23	1890505	Bacteria;Cyanobacteria;NA;Chroococcidiopsidales;NA;NA;NA;
/home/glbrc.org/echiang3/Saline_MetaG/kaiju/all_shortreads/S-S32.kaiju.output	0.000062	23	2597219	Bacteria;Proteobacteria;Deltaproteobacteria;Candidatus Acidulodesulfobacterales;NA;NA;NA;
/home/glbrc.org/echiang3/Saline_MetaG/kaiju/all_shortreads/S-S32.kaiju.output	0.000059	22	5234	Eukaryota;Basidiomycota;Tremellomycetes;Tremellales;NA;NA;NA;
/home/glbrc.org/echiang3/Saline_MetaG/kaiju/all_shortreads/S-S32.kaiju.output	0.000059	22	5303	Eukaryota;Basidiomycota;Agaricomycetes;Polyporales;NA;NA;NA;
/home/glbrc.org/echiang3/Saline_MetaG/kaiju/all_shortreads/S-S32.kaiju.output	0.000059	22	475963	Bacteria;Chloroflexi;Caldilineae;Caldilineales;NA;NA;NA;
/home/glbrc.org/echiang3/Saline_MetaG/kaiju/all_shortreads/S-S32.kaiju.output	0.000059	22	1028384	Eukaryota;Ascomycota;Sordariomycetes;Glomerellales;NA;NA;NA;
/home/glbrc.org/echiang3/Saline_MetaG/kaiju/all_shortreads/S-S32.kaiju.output	0.000059	22	1485168	Eukaryota;Discosea;NA;Longamoebia;NA;NA;NA;
/home/glbrc.org/echiang3/Saline_MetaG/kaiju/all_shortreads/S-S32.kaiju.output	0.000059	22	1644060	Archaea;Euryarchaeota;Halobacteria;Natrialbales;NA;NA;NA;
/home/glbrc.org/echiang3/Saline_MetaG/kaiju/all_shortreads/S-S32.kaiju.output	0.000059	22	2494207	Bacteria;Armatimonadetes;Armatimonadia;Capsulimonadales;NA;NA;NA;
/home/glbrc.org/echiang3/Saline_MetaG/kaiju/all_shortreads/S-S32.kaiju.output	0.000056	21	4810	Eukaryota;Chytridiomycota;Chytridiomycetes;Chytridiales;NA;NA;NA;
/home/glbrc.org/echiang3/Saline_MetaG/kaiju/all_shortreads/S-S32.kaiju.output	0.000056	21	31277	Eukaryota;Ciliophora;Oligohymenophorea;Hymenostomatida;NA;NA;NA;
/home/glbrc.org/echiang3/Saline_MetaG/kaiju/all_shortreads/S-S32.kaiju.output	0.000056	21	38748	Eukaryota;Bacillariophyta;Bacillariophyceae;Naviculales;NA;NA;NA;
/home/glbrc.org/echiang3/Saline_MetaG/kaiju/all_shortreads/S-S32.kaiju.output	0.000056	21	45676	Eukaryota;Ascomycota;Dothideomycetes;Myriangiales;NA;NA;NA;
/home/glbrc.org/echiang3/Saline_MetaG/kaiju/all_shortreads/S-S32.kaiju.output	0.000056	21	2066490	Bacteria;Proteobacteria;Alphaproteobacteria;Emcibacterales;NA;NA;NA;
/home/glbrc.org/echiang3/Saline_MetaG/kaiju/all_shortreads/S-S32.kaiju.output	0.000054	20	768667	Bacteria;Chloroflexi;Ktedonobacteria;Thermogemmatisporales;NA;NA;NA;
/home/glbrc.org/echiang3/Saline_MetaG/kaiju/all_shortreads/S-S32.kaiju.output	0.000051	19	4805	Eukaryota;Blastocladiomycota;Blastocladiomycetes;Blastocladiales;NA;NA;NA;
/home/glbrc.org/echiang3/Saline_MetaG/kaiju/all_shortreads/S-S32.kaiju.output	0.000051	19	5957	Eukaryota;Ciliophora;Heterotrichea;Heterotrichida;NA;NA;NA;
/home/glbrc.org/echiang3/Saline_MetaG/kaiju/all_shortreads/S-S32.kaiju.output	0.000051	19	85001	Bacteria;Chloroflexi;Thermomicrobia;Sphaerobacterales;NA;NA;NA;
/home/glbrc.org/echiang3/Saline_MetaG/kaiju/all_shortreads/S-S32.kaiju.output	0.000051	19	1860137	Bacteria;Fibrobacteres;Chitinispirillia;Chitinispirillales;NA;NA;NA;
/home/glbrc.org/echiang3/Saline_MetaG/kaiju/all_shortreads/S-S32.kaiju.output	0.000051	19	2495577	Bacteria;Actinobacteria;Actinobacteria;Cryptosporangiales;NA;NA;NA;
/home/glbrc.org/echiang3/Saline_MetaG/kaiju/all_shortreads/S-S32.kaiju.output	0.000048	18	33825	Eukaryota;Ciliophora;Oligohymenophorea;Peniculida;NA;NA;NA;
/home/glbrc.org/echiang3/Saline_MetaG/kaiju/all_shortreads/S-S32.kaiju.output	0.000048	18	37989	Eukaryota;Ascomycota;Sordariomycetes;Xylariales;NA;NA;NA;
/home/glbrc.org/echiang3/Saline_MetaG/kaiju/all_shortreads/S-S32.kaiju.output	0.000048	18	214503	Eukaryota;Mucoromycota;Mortierellomycetes;Mortierellales;NA;NA;NA;
/home/glbrc.org/echiang3/Saline_MetaG/kaiju/all_shortreads/S-S32.kaiju.output	0.000048	18	597358	Bacteria;Proteobacteria;Alphaproteobacteria;Kiloniellales;NA;NA;NA;
/home/glbrc.org/echiang3/Saline_MetaG/kaiju/all_shortreads/S-S32.kaiju.output	0.000048	18	1389450	Bacteria;Actinobacteria;Actinobacteria;Candidatus Actinomarinales;NA;NA;NA;
/home/glbrc.org/echiang3/Saline_MetaG/kaiju/all_shortreads/S-S32.kaiju.output	0.000048	18	2681888	Eukaryota;Evosea;Variosea;Cavosteliida;NA;NA;NA;
/home/glbrc.org/echiang3/Saline_MetaG/kaiju/all_shortreads/S-S32.kaiju.output	0.000046	17	114380	Archaea;Crenarchaeota;Thermoprotei;Desulfurococcales;NA;NA;NA;
/home/glbrc.org/echiang3/Saline_MetaG/kaiju/all_shortreads/S-S32.kaiju.output	0.000046	17	189772	Bacteria;Chloroflexi;Chloroflexia;Herpetosiphonales;NA;NA;NA;
/home/glbrc.org/echiang3/Saline_MetaG/kaiju/all_shortreads/S-S32.kaiju.output	0.000046	17	574975	Bacteria;Acidobacteria;Holophagae;Holophagales;NA;NA;NA;
/home/glbrc.org/echiang3/Saline_MetaG/kaiju/all_shortreads/S-S32.kaiju.output	0.000046	17	596497	Bacteria;Actinobacteria;Nitriliruptoria;Nitriliruptorales;NA;NA;NA;
/home/glbrc.org/echiang3/Saline_MetaG/kaiju/all_shortreads/S-S32.kaiju.output	0.000046	17	2058181	Eukaryota;Evosea;Eumycetozoa;Acytosteliales;NA;NA;NA;
/home/glbrc.org/echiang3/Saline_MetaG/kaiju/all_shortreads/S-S32.kaiju.output	0.000043	16	54409	Eukaryota;NA;Pelagophyceae;Pelagomonadales;NA;NA;NA;
/home/glbrc.org/echiang3/Saline_MetaG/kaiju/all_shortreads/S-S32.kaiju.output	0.000040	15	5404	Eukaryota;Basidiomycota;Exobasidiomycetes;Exobasidiales;NA;NA;NA;
/home/glbrc.org/echiang3/Saline_MetaG/kaiju/all_shortreads/S-S32.kaiju.output	0.000040	15	33651	Eukaryota;NA;Bigyra;Bicosoecida;NA;NA;NA;
/home/glbrc.org/echiang3/Saline_MetaG/kaiju/all_shortreads/S-S32.kaiju.output	0.000040	15	36064	Eukaryota;Basidiomycota;Agaricomycetes;Cantharellales;NA;NA;NA;
/home/glbrc.org/echiang3/Saline_MetaG/kaiju/all_shortreads/S-S32.kaiju.output	0.000040	15	1077263	Bacteria;Armatimonadetes;Chthonomonadetes;Chthonomonadales;NA;NA;NA;
/home/glbrc.org/echiang3/Saline_MetaG/kaiju/all_shortreads/S-S32.kaiju.output	0.000038	14	28017	Eukaryota;Rhodophyta;Florideophyceae;Gigartinales;NA;NA;NA;
/home/glbrc.org/echiang3/Saline_MetaG/kaiju/all_shortreads/S-S32.kaiju.output	0.000038	14	31468	Eukaryota;Rhodophyta;Florideophyceae;Gracilariales;NA;NA;NA;
/home/glbrc.org/echiang3/Saline_MetaG/kaiju/all_shortreads/S-S32.kaiju.output	0.000038	14	198613	Eukaryota;Ciliophora;Oligohymenophorea;Philasterida;NA;NA;NA;
/home/glbrc.org/echiang3/Saline_MetaG/kaiju/all_shortreads/S-S32.kaiju.output	0.000038	14	1553901	Bacteria;Proteobacteria;Oligoflexia;Oligoflexales;NA;NA;NA;
/home/glbrc.org/echiang3/Saline_MetaG/kaiju/all_shortreads/S-S32.kaiju.output	0.000038	14	2231171	Eukaryota;Chytridiomycota;Chytridiomycetes;Synchytriales;NA;NA;NA;
/home/glbrc.org/echiang3/Saline_MetaG/kaiju/all_shortreads/S-S32.kaiju.output	0.000035	13	2798	Eukaryota;Rhodophyta;Bangiophyceae;Porphyridiales;NA;NA;NA;
/home/glbrc.org/echiang3/Saline_MetaG/kaiju/all_shortreads/S-S32.kaiju.output	0.000035	13	34478	Eukaryota;Chytridiomycota;Chytridiomycetes;Spizellomycetales;NA;NA;NA;
/home/glbrc.org/echiang3/Saline_MetaG/kaiju/all_shortreads/S-S32.kaiju.output	0.000035	13	84996	Bacteria;Actinobacteria;Rubrobacteria;Rubrobacterales;NA;NA;NA;
/home/glbrc.org/echiang3/Saline_MetaG/kaiju/all_shortreads/S-S32.kaiju.output	0.000035	13	178369	Eukaryota;Imbricatea;NA;Euglyphida;NA;NA;NA;
/home/glbrc.org/echiang3/Saline_MetaG/kaiju/all_shortreads/S-S32.kaiju.output	0.000035	13	742030	Bacteria;Proteobacteria;Gammaproteobacteria;Salinisphaerales;NA;NA;NA;
/home/glbrc.org/echiang3/Saline_MetaG/kaiju/all_shortreads/S-S32.kaiju.output	0.000035	13	908621	Bacteria;Actinobacteria;Nitriliruptoria;Euzebyales;NA;NA;NA;
/home/glbrc.org/echiang3/Saline_MetaG/kaiju/all_shortreads/S-S32.kaiju.output	0.000035	13	1508535	Bacteria;Chloroflexi;Chloroflexia;Kallotenuales;NA;NA;NA;
/home/glbrc.org/echiang3/Saline_MetaG/kaiju/all_shortreads/S-S32.kaiju.output	0.000035	13	2302912	Eukaryota;Chlorophyta;Chloropicophyceae;Chloropicales;NA;NA;NA;
/home/glbrc.org/echiang3/Saline_MetaG/kaiju/all_shortreads/S-S32.kaiju.output	0.000032	12	37357	Eukaryota;Endomyxa;NA;Plasmodiophorida;NA;NA;NA;
/home/glbrc.org/echiang3/Saline_MetaG/kaiju/all_shortreads/S-S32.kaiju.output	0.000032	12	40634	Eukaryota;Ciliophora;Litostomatea;Entodiniomorphida;NA;NA;NA;
/home/glbrc.org/echiang3/Saline_MetaG/kaiju/all_shortreads/S-S32.kaiju.output	0.000032	12	451442	Eukaryota;Chytridiomycota;Chytridiomycetes;Rhizophydiales;NA;NA;NA;
/home/glbrc.org/echiang3/Saline_MetaG/kaiju/all_shortreads/S-S32.kaiju.output	0.000032	12	451869	Eukaryota;Ascomycota;Dothideomycetes;Botryosphaeriales;NA;NA;NA;
/home/glbrc.org/echiang3/Saline_MetaG/kaiju/all_shortreads/S-S32.kaiju.output	0.000032	12	1748771	Bacteria;Acidobacteria;Blastocatellia;Blastocatellales;NA;NA;NA;
/home/glbrc.org/echiang3/Saline_MetaG/kaiju/all_shortreads/S-S32.kaiju.output	0.000032	12	2545689	Archaea;Euryarchaeota;Candidatus Methanoliparia;Candidatus Methanoliparales;NA;NA;NA;
/home/glbrc.org/echiang3/Saline_MetaG/kaiju/all_shortreads/S-S32.kaiju.output	0.000032	12	2699528	Eukaryota;NA;Bigyra;Thraustochytrida;NA;NA;NA;
/home/glbrc.org/echiang3/Saline_MetaG/kaiju/all_shortreads/S-S32.kaiju.output	0.000030	11	5267	Eukaryota;Basidiomycota;Ustilaginomycetes;Ustilaginales;NA;NA;NA;
/home/glbrc.org/echiang3/Saline_MetaG/kaiju/all_shortreads/S-S32.kaiju.output	0.000030	11	37987	Eukaryota;Ascomycota;Pneumocystidomycetes;Pneumocystidales;NA;NA;NA;
/home/glbrc.org/echiang3/Saline_MetaG/kaiju/all_shortreads/S-S32.kaiju.output	0.000030	11	68889	Eukaryota;Basidiomycota;Agaricomycetes;Boletales;NA;NA;NA;
/home/glbrc.org/echiang3/Saline_MetaG/kaiju/all_shortreads/S-S32.kaiju.output	0.000030	11	414714	Bacteria;Actinobacteria;Actinobacteria;Catenulisporales;NA;NA;NA;
/home/glbrc.org/echiang3/Saline_MetaG/kaiju/all_shortreads/S-S32.kaiju.output	0.000030	11	1442155	Bacteria;Proteobacteria;Betaproteobacteria;Ferrovales;NA;NA;NA;
/home/glbrc.org/echiang3/Saline_MetaG/kaiju/all_shortreads/S-S32.kaiju.output	0.000030	11	2152897	Bacteria;Candidatus Fermentibacteria;Candidatus Fermentibacteria (class);Candidatus Fermentibacterales;NA;NA;NA;
/home/glbrc.org/echiang3/Saline_MetaG/kaiju/all_shortreads/S-S32.kaiju.output	0.000027	10	121069	Eukaryota;NA;Oomycota;Pythiales;NA;NA;NA;
/home/glbrc.org/echiang3/Saline_MetaG/kaiju/all_shortreads/S-S32.kaiju.output	0.000027	10	556282	Eukaryota;NA;NA;Jakobida;NA;NA;NA;
/home/glbrc.org/echiang3/Saline_MetaG/kaiju/all_shortreads/S-S32.kaiju.output	0.000027	10	1382929	Bacteria;Chloroflexi;Ardenticatenia;Ardenticatenales;NA;NA;NA;
/home/glbrc.org/echiang3/Saline_MetaG/kaiju/all_shortreads/S-S32.kaiju.output	0.000027	10	2231168	Eukaryota;Chytridiomycota;Chytridiomycetes;Caulochytriales;NA;NA;NA;
/home/glbrc.org/echiang3/Saline_MetaG/kaiju/all_shortreads/S-S32.kaiju.output	0.000024	9	5258	Eukaryota;Basidiomycota;Pucciniomycetes;Pucciniales;NA;NA;NA;
/home/glbrc.org/echiang3/Saline_MetaG/kaiju/all_shortreads/S-S32.kaiju.output	0.000024	9	73028	Eukaryota;Haptista;Haptophyta;Prymnesiales;NA;NA;NA;
/home/glbrc.org/echiang3/Saline_MetaG/kaiju/all_shortreads/S-S32.kaiju.output	0.000024	9	78899	Eukaryota;Zoopagomycota;Zoopagomycetes;Zoopagales;NA;NA;NA;
/home/glbrc.org/echiang3/Saline_MetaG/kaiju/all_shortreads/S-S32.kaiju.output	0.000024	9	79272	Eukaryota;Chytridiomycota;Monoblepharidomycetes;Monoblepharidales;NA;NA;NA;
/home/glbrc.org/echiang3/Saline_MetaG/kaiju/all_shortreads/S-S32.kaiju.output	0.000024	9	139380	Eukaryota;Basidiomycota;Agaricomycetes;Hymenochaetales;NA;NA;NA;
/home/glbrc.org/echiang3/Saline_MetaG/kaiju/all_shortreads/S-S32.kaiju.output	0.000024	9	1264872	Eukaryota;Zoopagomycota;Basidiobolomycetes;Basidiobolales;NA;NA;NA;
/home/glbrc.org/echiang3/Saline_MetaG/kaiju/all_shortreads/S-S32.kaiju.output	0.000021	8	2877	Eukaryota;NA;Phaeophyceae;Ectocarpales;NA;NA;NA;
/home/glbrc.org/echiang3/Saline_MetaG/kaiju/all_shortreads/S-S32.kaiju.output	0.000021	8	4857	Eukaryota;Zoopagomycota;Entomophthoromycetes;Entomophthorales;NA;NA;NA;
/home/glbrc.org/echiang3/Saline_MetaG/kaiju/all_shortreads/S-S32.kaiju.output	0.000021	8	5139	Eukaryota;Ascomycota;Sordariomycetes;Sordariales;NA;NA;NA;
/home/glbrc.org/echiang3/Saline_MetaG/kaiju/all_shortreads/S-S32.kaiju.output	0.000021	8	29216	Eukaryota;Rhodophyta;Bangiophyceae;Bangiales;NA;NA;NA;
/home/glbrc.org/echiang3/Saline_MetaG/kaiju/all_shortreads/S-S32.kaiju.output	0.000021	8	33183	Eukaryota;Ascomycota;Eurotiomycetes;Onygenales;NA;NA;NA;
/home/glbrc.org/echiang3/Saline_MetaG/kaiju/all_shortreads/S-S32.kaiju.output	0.000021	8	452342	Eukaryota;Basidiomycota;Agaricomycetes;Russulales;NA;NA;NA;
/home/glbrc.org/echiang3/Saline_MetaG/kaiju/all_shortreads/S-S32.kaiju.output	0.000021	8	1643684	Bacteria;Actinobacteria;Actinobacteria;Nakamurellales;NA;NA;NA;
/home/glbrc.org/echiang3/Saline_MetaG/kaiju/all_shortreads/S-S32.kaiju.output	0.000021	8	2024973	Bacteria;Proteobacteria;Oligoflexia;Silvanigrellales;NA;NA;NA;
/home/glbrc.org/echiang3/Saline_MetaG/kaiju/all_shortreads/S-S32.kaiju.output	0.000021	8	2599631	Bacteria;Candidatus Eremiobacteraeota;NA;Candidatus Eremiobacterales;NA;NA;NA;
/home/glbrc.org/echiang3/Saline_MetaG/kaiju/all_shortreads/S-S32.kaiju.output	0.000019	7	5014	Eukaryota;Ascomycota;Dothideomycetes;Dothideales;NA;NA;NA;
/home/glbrc.org/echiang3/Saline_MetaG/kaiju/all_shortreads/S-S32.kaiju.output	0.000019	7	35491	Eukaryota;Chlorophyta;Chlorophyceae;Sphaeropleales;NA;NA;NA;
/home/glbrc.org/echiang3/Saline_MetaG/kaiju/all_shortreads/S-S32.kaiju.output	0.000019	7	370421	Eukaryota;NA;Oomycota;Albuginales;NA;NA;NA;
/home/glbrc.org/echiang3/Saline_MetaG/kaiju/all_shortreads/S-S32.kaiju.output	0.000019	7	589350	Eukaryota;NA;Cryptophyceae;Cryptomonadales;NA;NA;NA;
/home/glbrc.org/echiang3/Saline_MetaG/kaiju/all_shortreads/S-S32.kaiju.output	0.000016	6	2281	Archaea;Crenarchaeota;Thermoprotei;Sulfolobales;NA;NA;NA;
/home/glbrc.org/echiang3/Saline_MetaG/kaiju/all_shortreads/S-S32.kaiju.output	0.000016	6	5008	Eukaryota;Ascomycota;Taphrinomycetes;Taphrinales;NA;NA;NA;
/home/glbrc.org/echiang3/Saline_MetaG/kaiju/all_shortreads/S-S32.kaiju.output	0.000016	6	34346	Eukaryota;Ascomycota;Schizosaccharomycetes;Schizosaccharomycetales;NA;NA;NA;
/home/glbrc.org/echiang3/Saline_MetaG/kaiju/all_shortreads/S-S32.kaiju.output	0.000016	6	78918	Eukaryota;Zoopagomycota;Dimargaritomycetes;Dimargaritales;NA;NA;NA;
/home/glbrc.org/echiang3/Saline_MetaG/kaiju/all_shortreads/S-S32.kaiju.output	0.000016	6	231213	Eukaryota;Basidiomycota;Microbotryomycetes;Sporidiobolales;NA;NA;NA;
/home/glbrc.org/echiang3/Saline_MetaG/kaiju/all_shortreads/S-S32.kaiju.output	0.000016	6	278980	Eukaryota;NA;Polycystinea;Nassellaria;NA;NA;NA;
/home/glbrc.org/echiang3/Saline_MetaG/kaiju/all_shortreads/S-S32.kaiju.output	0.000016	6	425074	Eukaryota;NA;Eustigmatophyceae;Eustigmatales;NA;NA;NA;
/home/glbrc.org/echiang3/Saline_MetaG/kaiju/all_shortreads/S-S32.kaiju.output	0.000016	6	717963	Bacteria;Verrucomicrobia;Methylacidiphilae;Methylacidiphilales;NA;NA;NA;
/home/glbrc.org/echiang3/Saline_MetaG/kaiju/all_shortreads/S-S32.kaiju.output	0.000016	6	891383	Eukaryota;Rhodophyta;Florideophyceae;Thoreales;NA;NA;NA;
/home/glbrc.org/echiang3/Saline_MetaG/kaiju/all_shortreads/S-S32.kaiju.output	0.000016	6	1747768	Bacteria;Actinobacteria;Nitriliruptoria;Egibacterales;NA;NA;NA;
/home/glbrc.org/echiang3/Saline_MetaG/kaiju/all_shortreads/S-S32.kaiju.output	0.000016	6	1803511	Archaea;Candidatus Altiarchaeota;NA;Candidatus Altiarchaeales;NA;NA;NA;
/home/glbrc.org/echiang3/Saline_MetaG/kaiju/all_shortreads/S-S32.kaiju.output	0.000016	6	2039638	Bacteria;Actinobacteria;Actinobacteria;Candidatus Nanopelagicales;NA;NA;NA;
/home/glbrc.org/echiang3/Saline_MetaG/kaiju/all_shortreads/S-S32.kaiju.output	0.000016	6	2704650	Eukaryota;Euglenozoa;Kinetoplastea;Eubodonida;NA;NA;NA;
/home/glbrc.org/echiang3/Saline_MetaG/kaiju/all_shortreads/S-S32.kaiju.output	0.000013	5	2942	Eukaryota;NA;Dinophyceae;Prorocentrales;NA;NA;NA;
/home/glbrc.org/echiang3/Saline_MetaG/kaiju/all_shortreads/S-S32.kaiju.output	0.000013	5	4869	Eukaryota;Mucoromycota;Endogonomycetes;Endogonales;NA;NA;NA;
/home/glbrc.org/echiang3/Saline_MetaG/kaiju/all_shortreads/S-S32.kaiju.output	0.000013	5	5185	Eukaryota;Ascomycota;Pezizomycetes;Pezizales;NA;NA;NA;
/home/glbrc.org/echiang3/Saline_MetaG/kaiju/all_shortreads/S-S32.kaiju.output	0.000013	5	33104	Eukaryota;Chlorophyta;Ulvophyceae;Bryopsidales;NA;NA;NA;
/home/glbrc.org/echiang3/Saline_MetaG/kaiju/all_shortreads/S-S32.kaiju.output	0.000013	5	721927	Eukaryota;Basidiomycota;Agaricomycetes;Jaapiales;NA;NA;NA;
/home/glbrc.org/echiang3/Saline_MetaG/kaiju/all_shortreads/S-S32.kaiju.output	0.000013	5	1617890	Bacteria;Proteobacteria;Gammaproteobacteria;Arenicellales;NA;NA;NA;
/home/glbrc.org/echiang3/Saline_MetaG/kaiju/all_shortreads/S-S32.kaiju.output	0.000013	5	2507901	Eukaryota;Chlorophyta;Trebouxiophyceae;Trebouxiales;NA;NA;NA;
/home/glbrc.org/echiang3/Saline_MetaG/kaiju/all_shortreads/S-S32.kaiju.output	0.000013	5	2703812	Bacteria;Candidatus Mcinerneyibacteriota;Candidatus Mcinerneyibacteria;Candidatus Mcinerneyibacteriales;NA;NA;NA;
/home/glbrc.org/echiang3/Saline_MetaG/kaiju/all_shortreads/S-S32.kaiju.output	0.000011	4	2231	Archaea;Euryarchaeota;Archaeoglobi;Archaeoglobales;NA;NA;NA;
/home/glbrc.org/echiang3/Saline_MetaG/kaiju/all_shortreads/S-S32.kaiju.output	0.000011	4	4861	Eukaryota;Zoopagomycota;Kickxellomycetes;Kickxellales;NA;NA;NA;
/home/glbrc.org/echiang3/Saline_MetaG/kaiju/all_shortreads/S-S32.kaiju.output	0.000011	4	5120	Eukaryota;Ascomycota;Leotiomycetes;Erysiphales;NA;NA;NA;
/home/glbrc.org/echiang3/Saline_MetaG/kaiju/all_shortreads/S-S32.kaiju.output	0.000011	4	29823	Eukaryota;Ascomycota;Neolectomycetes;Neolectales;NA;NA;NA;
/home/glbrc.org/echiang3/Saline_MetaG/kaiju/all_shortreads/S-S32.kaiju.output	0.000011	4	90883	Eukaryota;Basidiomycota;Tremellomycetes;Cystofilobasidiales;NA;NA;NA;
/home/glbrc.org/echiang3/Saline_MetaG/kaiju/all_shortreads/S-S32.kaiju.output	0.000011	4	189776	Bacteria;Chloroflexi;Thermomicrobia;Thermomicrobiales;NA;NA;NA;
/home/glbrc.org/echiang3/Saline_MetaG/kaiju/all_shortreads/S-S32.kaiju.output	0.000011	4	191814	Eukaryota;Euglenozoa;NA;Diplonemea;NA;NA;NA;
/home/glbrc.org/echiang3/Saline_MetaG/kaiju/all_shortreads/S-S32.kaiju.output	0.000011	4	452334	Eukaryota;Basidiomycota;Agaricomycetes;Atheliales;NA;NA;NA;
/home/glbrc.org/echiang3/Saline_MetaG/kaiju/all_shortreads/S-S32.kaiju.output	0.000011	4	452339	Eukaryota;Basidiomycota;Agaricomycetes;Gloeophyllales;NA;NA;NA;
/home/glbrc.org/echiang3/Saline_MetaG/kaiju/all_shortreads/S-S32.kaiju.output	0.000011	4	1836787	Bacteria;Verrucomicrobia;Spartobacteria;Chthoniobacterales;NA;NA;NA;
/home/glbrc.org/echiang3/Saline_MetaG/kaiju/all_shortreads/S-S32.kaiju.output	0.000011	4	2109260	Bacteria;Abditibacteriota;Abditibacteria;Abditibacteriales;NA;NA;NA;
/home/glbrc.org/echiang3/Saline_MetaG/kaiju/all_shortreads/S-S32.kaiju.output	0.000008	3	2266	Archaea;Crenarchaeota;Thermoprotei;Thermoproteales;NA;NA;NA;
/home/glbrc.org/echiang3/Saline_MetaG/kaiju/all_shortreads/S-S32.kaiju.output	0.000008	3	2802	Eukaryota;Rhodophyta;Florideophyceae;Ceramiales;NA;NA;NA;
/home/glbrc.org/echiang3/Saline_MetaG/kaiju/all_shortreads/S-S32.kaiju.output	0.000008	3	2807	Eukaryota;Rhodophyta;Florideophyceae;Nemaliales;NA;NA;NA;
/home/glbrc.org/echiang3/Saline_MetaG/kaiju/all_shortreads/S-S32.kaiju.output	0.000008	3	2953	Eukaryota;NA;Dinophyceae;Gymnodiniales;NA;NA;NA;
/home/glbrc.org/echiang3/Saline_MetaG/kaiju/all_shortreads/S-S32.kaiju.output	0.000008	3	3009	Eukaryota;NA;Phaeophyceae;Fucales;NA;NA;NA;
/home/glbrc.org/echiang3/Saline_MetaG/kaiju/all_shortreads/S-S32.kaiju.output	0.000008	3	5151	Eukaryota;Ascomycota;Sordariomycetes;Ophiostomatales;NA;NA;NA;
/home/glbrc.org/echiang3/Saline_MetaG/kaiju/all_shortreads/S-S32.kaiju.output	0.000008	3	5592	Eukaryota;Ascomycota;Sordariomycetes;Microascales;NA;NA;NA;
/home/glbrc.org/echiang3/Saline_MetaG/kaiju/all_shortreads/S-S32.kaiju.output	0.000008	3	29185	Eukaryota;Foraminifera;NA;Rotaliida;NA;NA;NA;
/home/glbrc.org/echiang3/Saline_MetaG/kaiju/all_shortreads/S-S32.kaiju.output	0.000008	3	31932	Archaea;Thaumarchaeota;NA;Nitrosopumilales;NA;NA;NA;
/home/glbrc.org/echiang3/Saline_MetaG/kaiju/all_shortreads/S-S32.kaiju.output	0.000008	3	33831	Eukaryota;Ciliophora;Spirotrichea;Euplotida;NA;NA;NA;
/home/glbrc.org/echiang3/Saline_MetaG/kaiju/all_shortreads/S-S32.kaiju.output	0.000008	3	35426	Eukaryota;Chlorophyta;Chlorodendrophyceae;Chlorodendrales;NA;NA;NA;
/home/glbrc.org/echiang3/Saline_MetaG/kaiju/all_shortreads/S-S32.kaiju.output	0.000008	3	40984	Eukaryota;NA;Dinophyceae;Gonyaulacales;NA;NA;NA;
/home/glbrc.org/echiang3/Saline_MetaG/kaiju/all_shortreads/S-S32.kaiju.output	0.000008	3	486728	Eukaryota;Ciliophora;Spirotrichea;Urostylida;NA;NA;NA;
/home/glbrc.org/echiang3/Saline_MetaG/kaiju/all_shortreads/S-S32.kaiju.output	0.000008	3	622450	Bacteria;Actinobacteria;Actinobacteria;Actinopolysporales;NA;NA;NA;
/home/glbrc.org/echiang3/Saline_MetaG/kaiju/all_shortreads/S-S32.kaiju.output	0.000008	3	1033996	Archaea;Thaumarchaeota;Nitrososphaeria;Nitrososphaerales;NA;NA;NA;
/home/glbrc.org/echiang3/Saline_MetaG/kaiju/all_shortreads/S-S32.kaiju.output	0.000008	3	1544799	Bacteria;Proteobacteria;Alphaproteobacteria;Rhodothalassiales;NA;NA;NA;
/home/glbrc.org/echiang3/Saline_MetaG/kaiju/all_shortreads/S-S32.kaiju.output	0.000008	3	1934945	Bacteria;Proteobacteria;Gammaproteobacteria;Immundisolibacterales;NA;NA;NA;
/home/glbrc.org/echiang3/Saline_MetaG/kaiju/all_shortreads/S-S32.kaiju.output	0.000008	3	2202723	Archaea;Euryarchaeota;Methanonatronarchaeia;Methanonatronarchaeales;NA;NA;NA;
/home/glbrc.org/echiang3/Saline_MetaG/kaiju/all_shortreads/S-S32.kaiju.output	0.000005	2	5226	Eukaryota;Basidiomycota;Agaricomycetes;Auriculariales;NA;NA;NA;
/home/glbrc.org/echiang3/Saline_MetaG/kaiju/all_shortreads/S-S32.kaiju.output	0.000005	2	5989	Eukaryota;Ciliophora;Litostomatea;Haptorida;NA;NA;NA;
/home/glbrc.org/echiang3/Saline_MetaG/kaiju/all_shortreads/S-S32.kaiju.output	0.000005	2	33844	Eukaryota;Bacillariophyta;Coscinodiscophyceae;Rhizosoleniales;NA;NA;NA;
/home/glbrc.org/echiang3/Saline_MetaG/kaiju/all_shortreads/S-S32.kaiju.output	0.000005	2	35490	Eukaryota;Chlorophyta;Chlorophyceae;Oedogoniales;NA;NA;NA;
/home/glbrc.org/echiang3/Saline_MetaG/kaiju/all_shortreads/S-S32.kaiju.output	0.000005	2	38834	Eukaryota;Chlorophyta;Pyramimonadophyceae;Pyramimonadales;NA;NA;NA;
/home/glbrc.org/echiang3/Saline_MetaG/kaiju/all_shortreads/S-S32.kaiju.output	0.000005	2	42111	Eukaryota;Chlorophyta;Trebouxiophyceae;Microthamniales;NA;NA;NA;
/home/glbrc.org/echiang3/Saline_MetaG/kaiju/all_shortreads/S-S32.kaiju.output	0.000005	2	62916	Eukaryota;Basidiomycota;Exobasidiomycetes;Tilletiales;NA;NA;NA;
/home/glbrc.org/echiang3/Saline_MetaG/kaiju/all_shortreads/S-S32.kaiju.output	0.000005	2	162475	Eukaryota;Basidiomycota;Exobasidiomycetes;Microstromatales;NA;NA;NA;
/home/glbrc.org/echiang3/Saline_MetaG/kaiju/all_shortreads/S-S32.kaiju.output	0.000005	2	452343	Eukaryota;Basidiomycota;Agaricomycetes;Trechisporales;NA;NA;NA;
/home/glbrc.org/echiang3/Saline_MetaG/kaiju/all_shortreads/S-S32.kaiju.output	0.000005	2	588674	Bacteria;Actinobacteria;Thermoleophilia;Thermoleophilales;NA;NA;NA;
/home/glbrc.org/echiang3/Saline_MetaG/kaiju/all_shortreads/S-S32.kaiju.output	0.000005	2	588814	Archaea;Euryarchaeota;Methanomicrobia;Methanophagales;NA;NA;NA;
/home/glbrc.org/echiang3/Saline_MetaG/kaiju/all_shortreads/S-S32.kaiju.output	0.000005	2	603422	Eukaryota;Ascomycota;Dothideomycetes;Mytilinidiales;NA;NA;NA;
/home/glbrc.org/echiang3/Saline_MetaG/kaiju/all_shortreads/S-S32.kaiju.output	0.000005	2	714581	Eukaryota;Ascomycota;Dothideomycetes;Trypetheliales;NA;NA;NA;
/home/glbrc.org/echiang3/Saline_MetaG/kaiju/all_shortreads/S-S32.kaiju.output	0.000005	2	721947	Eukaryota;Basidiomycota;Agaricomycetes;Amylocorticiales;NA;NA;NA;
/home/glbrc.org/echiang3/Saline_MetaG/kaiju/all_shortreads/S-S32.kaiju.output	0.000005	2	742846	Eukaryota;Basidiomycota;Exobasidiomycetes;Ceraceosorales;NA;NA;NA;
/home/glbrc.org/echiang3/Saline_MetaG/kaiju/all_shortreads/S-S32.kaiju.output	0.000005	2	1217820	Eukaryota;Ascomycota;Xylonomycetes;Xylonales;NA;NA;NA;
/home/glbrc.org/echiang3/Saline_MetaG/kaiju/all_shortreads/S-S32.kaiju.output	0.000005	2	1505233	Bacteria;Fibrobacteres;Chitinivibrionia;Chitinivibrionales;NA;NA;NA;
/home/glbrc.org/echiang3/Saline_MetaG/kaiju/all_shortreads/S-S32.kaiju.output	0.000005	2	1663425	Bacteria;Armatimonadetes;Fimbriimonadia;Fimbriimonadales;NA;NA;NA;
/home/glbrc.org/echiang3/Saline_MetaG/kaiju/all_shortreads/S-S32.kaiju.output	0.000005	2	1955042	Bacteria;Cyanobacteria;NA;Gloeoemargaritales;NA;NA;NA;
/home/glbrc.org/echiang3/Saline_MetaG/kaiju/all_shortreads/S-S32.kaiju.output	0.000005	2	2706121	Eukaryota;Ascomycota;Dothideomycetes;Aulographales;NA;NA;NA;
/home/glbrc.org/echiang3/Saline_MetaG/kaiju/all_shortreads/S-S32.kaiju.output	0.000005	2	2714147	Eukaryota;Ascomycota;Dothideomycetes;Eremomycetales;NA;NA;NA;
/home/glbrc.org/echiang3/Saline_MetaG/kaiju/all_shortreads/S-S32.kaiju.output	0.000003	1	5114	Eukaryota;Ascomycota;Sordariomycetes;Diaporthales;NA;NA;NA;
/home/glbrc.org/echiang3/Saline_MetaG/kaiju/all_shortreads/S-S32.kaiju.output	0.000003	1	5789	Eukaryota;Evosea;Eumycetozoa;Physariida;NA;NA;NA;
/home/glbrc.org/echiang3/Saline_MetaG/kaiju/all_shortreads/S-S32.kaiju.output	0.000003	1	31477	Eukaryota;Rhodophyta;Florideophyceae;Hildenbrandiales;NA;NA;NA;
/home/glbrc.org/echiang3/Saline_MetaG/kaiju/all_shortreads/S-S32.kaiju.output	0.000003	1	37882	Eukaryota;Ascomycota;Dothideomycetes;Patellariales;NA;NA;NA;
/home/glbrc.org/echiang3/Saline_MetaG/kaiju/all_shortreads/S-S32.kaiju.output	0.000003	1	62914	Eukaryota;Basidiomycota;Exobasidiomycetes;Entylomatales;NA;NA;NA;
/home/glbrc.org/echiang3/Saline_MetaG/kaiju/all_shortreads/S-S32.kaiju.output	0.000003	1	135250	Eukaryota;Chlorophyta;Trebouxiophyceae;Prasiolales;NA;NA;NA;
/home/glbrc.org/echiang3/Saline_MetaG/kaiju/all_shortreads/S-S32.kaiju.output	0.000003	1	138177	Eukaryota;Chlorophyta;Chlorophyceae;Chlorosarcinales;NA;NA;NA;
/home/glbrc.org/echiang3/Saline_MetaG/kaiju/all_shortreads/S-S32.kaiju.output	0.000003	1	146291	Eukaryota;Ascomycota;Eurotiomycetes;Verrucariales;NA;NA;NA;
/home/glbrc.org/echiang3/Saline_MetaG/kaiju/all_shortreads/S-S32.kaiju.output	0.000003	1	205948	Archaea;Thaumarchaeota;NA;Cenarchaeales;NA;NA;NA;
/home/glbrc.org/echiang3/Saline_MetaG/kaiju/all_shortreads/S-S32.kaiju.output	0.000003	1	285692	Eukaryota;Parabasalia;NA;Trichonymphida;NA;NA;NA;
/home/glbrc.org/echiang3/Saline_MetaG/kaiju/all_shortreads/S-S32.kaiju.output	0.000003	1	297313	Eukaryota;Basidiomycota;Agaricomycetes;Sebacinales;NA;NA;NA;
/home/glbrc.org/echiang3/Saline_MetaG/kaiju/all_shortreads/S-S32.kaiju.output	0.000003	1	431958	Eukaryota;Basidiomycota;Wallemiomycetes;Wallemiales;NA;NA;NA;
/home/glbrc.org/echiang3/Saline_MetaG/kaiju/all_shortreads/S-S32.kaiju.output	0.000003	1	432026	Eukaryota;Basidiomycota;Mixiomycetes;Mixiales;NA;NA;NA;
/home/glbrc.org/echiang3/Saline_MetaG/kaiju/all_shortreads/S-S32.kaiju.output	0.000003	1	452227	Eukaryota;Ascomycota;Lecanoromycetes;Umbilicariales;NA;NA;NA;
/home/glbrc.org/echiang3/Saline_MetaG/kaiju/all_shortreads/S-S32.kaiju.output	0.000003	1	452338	Eukaryota;Basidiomycota;Agaricomycetes;Corticiales;NA;NA;NA;
/home/glbrc.org/echiang3/Saline_MetaG/kaiju/all_shortreads/S-S32.kaiju.output	0.000003	1	639021	Eukaryota;Ascomycota;Sordariomycetes;Magnaporthales;NA;NA;NA;
/home/glbrc.org/echiang3/Saline_MetaG/kaiju/all_shortreads/S-S32.kaiju.output	0.000003	1	740984	Eukaryota;Parabasalia;NA;Hypotrichomonadida;NA;NA;NA;
/home/glbrc.org/echiang3/Saline_MetaG/kaiju/all_shortreads/S-S32.kaiju.output	0.000003	1	1495647	Bacteria;Chloroflexi;Thermoflexia;Thermoflexales;NA;NA;NA;
/home/glbrc.org/echiang3/Saline_MetaG/kaiju/all_shortreads/S-S32.kaiju.output	0.000003	1	1618100	Eukaryota;Ascomycota;Eurotiomycetes;Phaeomoniellales;NA;NA;NA;
/home/glbrc.org/echiang3/Saline_MetaG/kaiju/all_shortreads/S-S32.kaiju.output	0.000003	1	1749035	Eukaryota;Basidiomycota;Ustilaginomycetes;Violaceomycetales;NA;NA;NA;
/home/glbrc.org/echiang3/Saline_MetaG/kaiju/all_shortreads/S-S32.kaiju.output	0.000003	1	1755823	Bacteria;Actinobacteria;Nitriliruptoria;Egicoccales;NA;NA;NA;
/home/glbrc.org/echiang3/Saline_MetaG/kaiju/all_shortreads/S-S32.kaiju.output	0.000003	1	1818663	Eukaryota;Ascomycota;Dothideomycetes;Phaeotrichales;NA;NA;NA;
/home/glbrc.org/echiang3/Saline_MetaG/kaiju/all_shortreads/S-S32.kaiju.output	0.000003	1	1851469	Eukaryota;Basidiomycota;Tremellomycetes;Trichosporonales;NA;NA;NA;
/home/glbrc.org/echiang3/Saline_MetaG/kaiju/all_shortreads/S-S32.kaiju.output	0.000003	1	1890940	Archaea;Nanoarchaeota;NA;Nanoarchaeales;NA;NA;NA;
/home/glbrc.org/echiang3/Saline_MetaG/kaiju/all_shortreads/S-S32.kaiju.output	0.000003	1	1921567	Bacteria;Proteobacteria;Alphaproteobacteria;Micropepsales;NA;NA;NA;
/home/glbrc.org/echiang3/Saline_MetaG/kaiju/all_shortreads/S-S32.kaiju.output	0.000003	1	2315420	Bacteria;Candidatus Sumerlaeota;Candidatus Sumerlaeia;Candidatus Sumerlaeales;NA;NA;NA;
/home/glbrc.org/echiang3/Saline_MetaG/kaiju/all_shortreads/S-S32.kaiju.output	0.000003	1	2492834	Eukaryota;Rhodophyta;Florideophyceae;Sporolithales;NA;NA;NA;
/home/glbrc.org/echiang3/Saline_MetaG/kaiju/all_shortreads/S-S32.kaiju.output	0.000003	1	2493627	Bacteria;Proteobacteria;Alphaproteobacteria;Minwuiales;NA;NA;NA;
/home/glbrc.org/echiang3/Saline_MetaG/kaiju/all_shortreads/S-S32.kaiju.output	0.000003	1	2570648	Eukaryota;Euglenozoa;Euglenida;Petalomonadida;NA;NA;NA;
/home/glbrc.org/echiang3/Saline_MetaG/kaiju/all_shortreads/S-S32.kaiju.output	0.000003	1	2714148	Eukaryota;Ascomycota;Dothideomycetes;Lineolatales;NA;NA;NA;
/home/glbrc.org/echiang3/Saline_MetaG/kaiju/all_shortreads/S-S32.kaiju.output	0.002580	962	10239	Viruses
/home/glbrc.org/echiang3/Saline_MetaG/kaiju/all_shortreads/S-S32.kaiju.output	12.632773	4710438	NA	cannot be assigned to a (non-viral) order
/home/glbrc.org/echiang3/Saline_MetaG/kaiju/all_shortreads/S-S32.kaiju.output	45.601222	17003527	NA	unclassified
