file	percent	reads	taxon_id	taxon_name
/home/glbrc.org/echiang3/Saline_MetaG/kaiju/all_shortreads/S-W20.kaiju.output	66.584129	21306259	976	Bacteria;Bacteroidetes;NA;NA;NA;NA;NA;
/home/glbrc.org/echiang3/Saline_MetaG/kaiju/all_shortreads/S-W20.kaiju.output	9.818289	3141755	1239	Bacteria;Firmicutes;NA;NA;NA;NA;NA;
/home/glbrc.org/echiang3/Saline_MetaG/kaiju/all_shortreads/S-W20.kaiju.output	0.754336	241380	1224	Bacteria;Proteobacteria;NA;NA;NA;NA;NA;
/home/glbrc.org/echiang3/Saline_MetaG/kaiju/all_shortreads/S-W20.kaiju.output	0.060558	19378	201174	Bacteria;Actinobacteria;NA;NA;NA;NA;NA;
/home/glbrc.org/echiang3/Saline_MetaG/kaiju/all_shortreads/S-W20.kaiju.output	0.032129	10281	74201	Bacteria;Verrucomicrobia;NA;NA;NA;NA;NA;
/home/glbrc.org/echiang3/Saline_MetaG/kaiju/all_shortreads/S-W20.kaiju.output	0.011144	3566	203691	Bacteria;Spirochaetes;NA;NA;NA;NA;NA;
/home/glbrc.org/echiang3/Saline_MetaG/kaiju/all_shortreads/S-W20.kaiju.output	0.010291	3293	65842	Bacteria;Fibrobacteres;NA;NA;NA;NA;NA;
/home/glbrc.org/echiang3/Saline_MetaG/kaiju/all_shortreads/S-W20.kaiju.output	0.009100	2912	204428	Bacteria;Chlamydiae;NA;NA;NA;NA;NA;
/home/glbrc.org/echiang3/Saline_MetaG/kaiju/all_shortreads/S-W20.kaiju.output	0.005866	1877	256845	Bacteria;Lentisphaerae;NA;NA;NA;NA;NA;
/home/glbrc.org/echiang3/Saline_MetaG/kaiju/all_shortreads/S-W20.kaiju.output	0.005050	1616	32066	Bacteria;Fusobacteria;NA;NA;NA;NA;NA;
/home/glbrc.org/echiang3/Saline_MetaG/kaiju/all_shortreads/S-W20.kaiju.output	0.004894	1566	200795	Bacteria;Chloroflexi;NA;NA;NA;NA;NA;
/home/glbrc.org/echiang3/Saline_MetaG/kaiju/all_shortreads/S-W20.kaiju.output	0.004644	1486	203682	Bacteria;Planctomycetes;NA;NA;NA;NA;NA;
/home/glbrc.org/echiang3/Saline_MetaG/kaiju/all_shortreads/S-W20.kaiju.output	0.004375	1400	508458	Bacteria;Synergistetes;NA;NA;NA;NA;NA;
/home/glbrc.org/echiang3/Saline_MetaG/kaiju/all_shortreads/S-W20.kaiju.output	0.003753	1201	1117	Bacteria;Cyanobacteria;NA;NA;NA;NA;NA;
/home/glbrc.org/echiang3/Saline_MetaG/kaiju/all_shortreads/S-W20.kaiju.output	0.003250	1040	2662611	Eukaryota;Preaxostyla;NA;NA;NA;NA;NA;
/home/glbrc.org/echiang3/Saline_MetaG/kaiju/all_shortreads/S-W20.kaiju.output	0.002663	852	57723	Bacteria;Acidobacteria;NA;NA;NA;NA;NA;
/home/glbrc.org/echiang3/Saline_MetaG/kaiju/all_shortreads/S-W20.kaiju.output	0.002413	772	28890	Archaea;Euryarchaeota;NA;NA;NA;NA;NA;
/home/glbrc.org/echiang3/Saline_MetaG/kaiju/all_shortreads/S-W20.kaiju.output	0.002056	658	1134404	Bacteria;Ignavibacteriae;NA;NA;NA;NA;NA;
/home/glbrc.org/echiang3/Saline_MetaG/kaiju/all_shortreads/S-W20.kaiju.output	0.001172	375	40117	Bacteria;Nitrospirae;NA;NA;NA;NA;NA;
/home/glbrc.org/echiang3/Saline_MetaG/kaiju/all_shortreads/S-W20.kaiju.output	0.001125	360	4890	Eukaryota;Ascomycota;NA;NA;NA;NA;NA;
/home/glbrc.org/echiang3/Saline_MetaG/kaiju/all_shortreads/S-W20.kaiju.output	0.001109	355	1817808	Bacteria;Candidatus Margulisbacteria;NA;NA;NA;NA;NA;
/home/glbrc.org/echiang3/Saline_MetaG/kaiju/all_shortreads/S-W20.kaiju.output	0.001075	344	544448	Bacteria;Tenericutes;NA;NA;NA;NA;NA;
/home/glbrc.org/echiang3/Saline_MetaG/kaiju/all_shortreads/S-W20.kaiju.output	0.001069	342	134625	Bacteria;Kiritimatiellaeota;NA;NA;NA;NA;NA;
/home/glbrc.org/echiang3/Saline_MetaG/kaiju/all_shortreads/S-W20.kaiju.output	0.001066	341	200918	Bacteria;Thermotogae;NA;NA;NA;NA;NA;
/home/glbrc.org/echiang3/Saline_MetaG/kaiju/all_shortreads/S-W20.kaiju.output	0.000928	297	456828	Bacteria;Candidatus Cloacimonetes;NA;NA;NA;NA;NA;
/home/glbrc.org/echiang3/Saline_MetaG/kaiju/all_shortreads/S-W20.kaiju.output	0.000881	282	74152	Bacteria;Elusimicrobia;NA;NA;NA;NA;NA;
/home/glbrc.org/echiang3/Saline_MetaG/kaiju/all_shortreads/S-W20.kaiju.output	0.000803	257	1090	Bacteria;Chlorobi;NA;NA;NA;NA;NA;
/home/glbrc.org/echiang3/Saline_MetaG/kaiju/all_shortreads/S-W20.kaiju.output	0.000800	256	1297	Bacteria;Deinococcus-Thermus;NA;NA;NA;NA;NA;
/home/glbrc.org/echiang3/Saline_MetaG/kaiju/all_shortreads/S-W20.kaiju.output	0.000756	242	67812	Bacteria;Candidatus Omnitrophica;NA;NA;NA;NA;NA;
/home/glbrc.org/echiang3/Saline_MetaG/kaiju/all_shortreads/S-W20.kaiju.output	0.000669	214	67819	Bacteria;Armatimonadetes;NA;NA;NA;NA;NA;
/home/glbrc.org/echiang3/Saline_MetaG/kaiju/all_shortreads/S-W20.kaiju.output	0.000597	191	1379697	Bacteria;candidate division Zixibacteria;NA;NA;NA;NA;NA;
/home/glbrc.org/echiang3/Saline_MetaG/kaiju/all_shortreads/S-W20.kaiju.output	0.000556	178	1798710	Bacteria;Candidatus Melainabacteria;NA;NA;NA;NA;NA;
/home/glbrc.org/echiang3/Saline_MetaG/kaiju/all_shortreads/S-W20.kaiju.output	0.000534	171	1930617	Bacteria;Calditrichaeota;NA;NA;NA;NA;NA;
/home/glbrc.org/echiang3/Saline_MetaG/kaiju/all_shortreads/S-W20.kaiju.output	0.000472	151	142182	Bacteria;Gemmatimonadetes;NA;NA;NA;NA;NA;
/home/glbrc.org/echiang3/Saline_MetaG/kaiju/all_shortreads/S-W20.kaiju.output	0.000466	149	1936987	Bacteria;Balneolaeota;NA;NA;NA;NA;NA;
/home/glbrc.org/echiang3/Saline_MetaG/kaiju/all_shortreads/S-W20.kaiju.output	0.000444	142	200930	Bacteria;Deferribacteres;NA;NA;NA;NA;NA;
/home/glbrc.org/echiang3/Saline_MetaG/kaiju/all_shortreads/S-W20.kaiju.output	0.000413	132	5204	Eukaryota;Basidiomycota;NA;NA;NA;NA;NA;
/home/glbrc.org/echiang3/Saline_MetaG/kaiju/all_shortreads/S-W20.kaiju.output	0.000403	129	200783	Bacteria;Aquificae;NA;NA;NA;NA;NA;
/home/glbrc.org/echiang3/Saline_MetaG/kaiju/all_shortreads/S-W20.kaiju.output	0.000359	115	2605435	Eukaryota;Evosea;NA;NA;NA;NA;NA;
/home/glbrc.org/echiang3/Saline_MetaG/kaiju/all_shortreads/S-W20.kaiju.output	0.000347	111	3041	Eukaryota;Chlorophyta;NA;NA;NA;NA;NA;
/home/glbrc.org/echiang3/Saline_MetaG/kaiju/all_shortreads/S-W20.kaiju.output	0.000338	108	1703755	Bacteria;candidate division WOR-3;NA;NA;NA;NA;NA;
/home/glbrc.org/echiang3/Saline_MetaG/kaiju/all_shortreads/S-W20.kaiju.output	0.000322	103	62680	Bacteria;Candidatus Marinimicrobia;NA;NA;NA;NA;NA;
/home/glbrc.org/echiang3/Saline_MetaG/kaiju/all_shortreads/S-W20.kaiju.output	0.000278	89	200295	Bacteria;Candidatus Sumerlaeota;NA;NA;NA;NA;NA;
/home/glbrc.org/echiang3/Saline_MetaG/kaiju/all_shortreads/S-W20.kaiju.output	0.000269	86	4761	Eukaryota;Chytridiomycota;NA;NA;NA;NA;NA;
/home/glbrc.org/echiang3/Saline_MetaG/kaiju/all_shortreads/S-W20.kaiju.output	0.000266	85	1752708	Bacteria;Candidatus Rokubacteria;NA;NA;NA;NA;NA;
/home/glbrc.org/echiang3/Saline_MetaG/kaiju/all_shortreads/S-W20.kaiju.output	0.000259	83	67817	Bacteria;Candidatus Aminicenantes;NA;NA;NA;NA;NA;
/home/glbrc.org/echiang3/Saline_MetaG/kaiju/all_shortreads/S-W20.kaiju.output	0.000256	82	200940	Bacteria;Thermodesulfobacteria;NA;NA;NA;NA;NA;
/home/glbrc.org/echiang3/Saline_MetaG/kaiju/all_shortreads/S-W20.kaiju.output	0.000253	81	95818	Bacteria;Candidatus Saccharibacteria;NA;NA;NA;NA;NA;
/home/glbrc.org/echiang3/Saline_MetaG/kaiju/all_shortreads/S-W20.kaiju.output	0.000225	72	1913637	Eukaryota;Mucoromycota;NA;NA;NA;NA;NA;
/home/glbrc.org/echiang3/Saline_MetaG/kaiju/all_shortreads/S-W20.kaiju.output	0.000219	70	207245	Eukaryota;Fornicata;NA;NA;NA;NA;NA;
/home/glbrc.org/echiang3/Saline_MetaG/kaiju/all_shortreads/S-W20.kaiju.output	0.000216	69	5878	Eukaryota;Ciliophora;NA;NA;NA;NA;NA;
/home/glbrc.org/echiang3/Saline_MetaG/kaiju/all_shortreads/S-W20.kaiju.output	0.000213	68	1817903	Bacteria;Candidatus Buchananbacteria;NA;NA;NA;NA;NA;
/home/glbrc.org/echiang3/Saline_MetaG/kaiju/all_shortreads/S-W20.kaiju.output	0.000203	65	2763	Eukaryota;Rhodophyta;NA;NA;NA;NA;NA;
/home/glbrc.org/echiang3/Saline_MetaG/kaiju/all_shortreads/S-W20.kaiju.output	0.000197	63	1293497	Bacteria;Nitrospinae;NA;NA;NA;NA;NA;
/home/glbrc.org/echiang3/Saline_MetaG/kaiju/all_shortreads/S-W20.kaiju.output	0.000188	60	1817810	Bacteria;Candidatus Riflebacteria;NA;NA;NA;NA;NA;
/home/glbrc.org/echiang3/Saline_MetaG/kaiju/all_shortreads/S-W20.kaiju.output	0.000178	57	1052815	Bacteria;Candidatus Aerophobetes;NA;NA;NA;NA;NA;
/home/glbrc.org/echiang3/Saline_MetaG/kaiju/all_shortreads/S-W20.kaiju.output	0.000169	54	5794	Eukaryota;Apicomplexa;NA;NA;NA;NA;NA;
/home/glbrc.org/echiang3/Saline_MetaG/kaiju/all_shortreads/S-W20.kaiju.output	0.000169	54	1619053	Bacteria;Candidatus Peregrinibacteria;NA;NA;NA;NA;NA;
/home/glbrc.org/echiang3/Saline_MetaG/kaiju/all_shortreads/S-W20.kaiju.output	0.000156	50	142187	Bacteria;Candidatus Hydrogenedentes;NA;NA;NA;NA;NA;
/home/glbrc.org/echiang3/Saline_MetaG/kaiju/all_shortreads/S-W20.kaiju.output	0.000156	50	928852	Archaea;Candidatus Bathyarchaeota;NA;NA;NA;NA;NA;
/home/glbrc.org/echiang3/Saline_MetaG/kaiju/all_shortreads/S-W20.kaiju.output	0.000156	50	1729712	Bacteria;Candidatus Fermentibacteria;NA;NA;NA;NA;NA;
/home/glbrc.org/echiang3/Saline_MetaG/kaiju/all_shortreads/S-W20.kaiju.output	0.000150	48	67818	Bacteria;Candidatus Atribacteria;NA;NA;NA;NA;NA;
/home/glbrc.org/echiang3/Saline_MetaG/kaiju/all_shortreads/S-W20.kaiju.output	0.000141	45	200938	Bacteria;Chrysiogenetes;NA;NA;NA;NA;NA;
/home/glbrc.org/echiang3/Saline_MetaG/kaiju/all_shortreads/S-W20.kaiju.output	0.000138	44	1752731	Bacteria;Candidatus Magasanikbacteria;NA;NA;NA;NA;NA;
/home/glbrc.org/echiang3/Saline_MetaG/kaiju/all_shortreads/S-W20.kaiju.output	0.000134	43	33682	Eukaryota;Euglenozoa;NA;NA;NA;NA;NA;
/home/glbrc.org/echiang3/Saline_MetaG/kaiju/all_shortreads/S-W20.kaiju.output	0.000134	43	1913638	Eukaryota;Zoopagomycota;NA;NA;NA;NA;NA;
/home/glbrc.org/echiang3/Saline_MetaG/kaiju/all_shortreads/S-W20.kaiju.output	0.000131	42	5719	Eukaryota;Parabasalia;NA;NA;NA;NA;NA;
/home/glbrc.org/echiang3/Saline_MetaG/kaiju/all_shortreads/S-W20.kaiju.output	0.000131	42	221216	Bacteria;Candidatus Parcubacteria;NA;NA;NA;NA;NA;
/home/glbrc.org/echiang3/Saline_MetaG/kaiju/all_shortreads/S-W20.kaiju.output	0.000131	42	1655434	Archaea;Candidatus Lokiarchaeota;NA;NA;NA;NA;NA;
/home/glbrc.org/echiang3/Saline_MetaG/kaiju/all_shortreads/S-W20.kaiju.output	0.000125	40	74015	Bacteria;Candidatus Latescibacteria;NA;NA;NA;NA;NA;
/home/glbrc.org/echiang3/Saline_MetaG/kaiju/all_shortreads/S-W20.kaiju.output	0.000122	39	1618330	Bacteria;Candidatus Berkelbacteria;NA;NA;NA;NA;NA;
/home/glbrc.org/echiang3/Saline_MetaG/kaiju/all_shortreads/S-W20.kaiju.output	0.000119	38	1752728	Bacteria;Candidatus Falkowbacteria;NA;NA;NA;NA;NA;
/home/glbrc.org/echiang3/Saline_MetaG/kaiju/all_shortreads/S-W20.kaiju.output	0.000116	37	2497438	Eukaryota;Perkinsozoa;NA;NA;NA;NA;NA;
/home/glbrc.org/echiang3/Saline_MetaG/kaiju/all_shortreads/S-W20.kaiju.output	0.000113	36	640293	Bacteria;candidate division NC10;NA;NA;NA;NA;NA;
/home/glbrc.org/echiang3/Saline_MetaG/kaiju/all_shortreads/S-W20.kaiju.output	0.000113	36	1802339	Bacteria;Candidatus Tectomicrobia;NA;NA;NA;NA;NA;
/home/glbrc.org/echiang3/Saline_MetaG/kaiju/all_shortreads/S-W20.kaiju.output	0.000103	33	265317	Bacteria;Candidatus Poribacteria;NA;NA;NA;NA;NA;
/home/glbrc.org/echiang3/Saline_MetaG/kaiju/all_shortreads/S-W20.kaiju.output	0.000100	32	1752732	Bacteria;Candidatus Uhrbacteria;NA;NA;NA;NA;NA;
/home/glbrc.org/echiang3/Saline_MetaG/kaiju/all_shortreads/S-W20.kaiju.output	0.000100	32	1817806	Bacteria;Candidatus Handelsmanbacteria;NA;NA;NA;NA;NA;
/home/glbrc.org/echiang3/Saline_MetaG/kaiju/all_shortreads/S-W20.kaiju.output	0.000097	31	1855361	Bacteria;Candidatus Kryptonia;NA;NA;NA;NA;NA;
/home/glbrc.org/echiang3/Saline_MetaG/kaiju/all_shortreads/S-W20.kaiju.output	0.000091	29	1031332	Eukaryota;Cryptomycota;NA;NA;NA;NA;NA;
/home/glbrc.org/echiang3/Saline_MetaG/kaiju/all_shortreads/S-W20.kaiju.output	0.000091	29	1618339	Bacteria;candidate division CPR2;NA;NA;NA;NA;NA;
/home/glbrc.org/echiang3/Saline_MetaG/kaiju/all_shortreads/S-W20.kaiju.output	0.000091	29	1752725	Bacteria;Candidatus Collierbacteria;NA;NA;NA;NA;NA;
/home/glbrc.org/echiang3/Saline_MetaG/kaiju/all_shortreads/S-W20.kaiju.output	0.000091	29	1752737	Bacteria;Candidatus Moranbacteria;NA;NA;NA;NA;NA;
/home/glbrc.org/echiang3/Saline_MetaG/kaiju/all_shortreads/S-W20.kaiju.output	0.000088	28	1752723	Bacteria;Candidatus Roizmanbacteria;NA;NA;NA;NA;NA;
/home/glbrc.org/echiang3/Saline_MetaG/kaiju/all_shortreads/S-W20.kaiju.output	0.000084	27	2836	Eukaryota;Bacillariophyta;NA;NA;NA;NA;NA;
/home/glbrc.org/echiang3/Saline_MetaG/kaiju/all_shortreads/S-W20.kaiju.output	0.000078	25	1817811	Bacteria;Candidatus Schekmanbacteria;NA;NA;NA;NA;NA;
/home/glbrc.org/echiang3/Saline_MetaG/kaiju/all_shortreads/S-W20.kaiju.output	0.000075	24	1752716	Bacteria;Candidatus Dadabacteria;NA;NA;NA;NA;NA;
/home/glbrc.org/echiang3/Saline_MetaG/kaiju/all_shortreads/S-W20.kaiju.output	0.000075	24	2576005	Bacteria;candidate division LCP-89;NA;NA;NA;NA;NA;
/home/glbrc.org/echiang3/Saline_MetaG/kaiju/all_shortreads/S-W20.kaiju.output	0.000072	23	1936272	Archaea;Candidatus Heimdallarchaeota;NA;NA;NA;NA;NA;
/home/glbrc.org/echiang3/Saline_MetaG/kaiju/all_shortreads/S-W20.kaiju.output	0.000066	21	1817911	Bacteria;Candidatus Nealsonbacteria;NA;NA;NA;NA;NA;
/home/glbrc.org/echiang3/Saline_MetaG/kaiju/all_shortreads/S-W20.kaiju.output	0.000063	20	1752734	Bacteria;Candidatus Kaiserbacteria;NA;NA;NA;NA;NA;
/home/glbrc.org/echiang3/Saline_MetaG/kaiju/all_shortreads/S-W20.kaiju.output	0.000056	18	1752729	Bacteria;Candidatus Nomurabacteria;NA;NA;NA;NA;NA;
/home/glbrc.org/echiang3/Saline_MetaG/kaiju/all_shortreads/S-W20.kaiju.output	0.000056	18	1817812	Bacteria;Candidatus Wallbacteria;NA;NA;NA;NA;NA;
/home/glbrc.org/echiang3/Saline_MetaG/kaiju/all_shortreads/S-W20.kaiju.output	0.000056	18	1817898	Bacteria;Candidatus Blackburnbacteria;NA;NA;NA;NA;NA;
/home/glbrc.org/echiang3/Saline_MetaG/kaiju/all_shortreads/S-W20.kaiju.output	0.000056	18	2498705	Bacteria;Candidatus Cryosericota;NA;NA;NA;NA;NA;
/home/glbrc.org/echiang3/Saline_MetaG/kaiju/all_shortreads/S-W20.kaiju.output	0.000053	17	651137	Archaea;Thaumarchaeota;NA;NA;NA;NA;NA;
/home/glbrc.org/echiang3/Saline_MetaG/kaiju/all_shortreads/S-W20.kaiju.output	0.000053	17	1752718	Bacteria;Candidatus Daviesbacteria;NA;NA;NA;NA;NA;
/home/glbrc.org/echiang3/Saline_MetaG/kaiju/all_shortreads/S-W20.kaiju.output	0.000053	17	2109258	Bacteria;Abditibacteriota;NA;NA;NA;NA;NA;
/home/glbrc.org/echiang3/Saline_MetaG/kaiju/all_shortreads/S-W20.kaiju.output	0.000050	16	1801616	Archaea;Candidatus Woesearchaeota;NA;NA;NA;NA;NA;
/home/glbrc.org/echiang3/Saline_MetaG/kaiju/all_shortreads/S-W20.kaiju.output	0.000047	15	1706441	Archaea;Candidatus Thorarchaeota;NA;NA;NA;NA;NA;
/home/glbrc.org/echiang3/Saline_MetaG/kaiju/all_shortreads/S-W20.kaiju.output	0.000047	15	1817801	Bacteria;Candidatus Eisenbacteria;NA;NA;NA;NA;NA;
/home/glbrc.org/echiang3/Saline_MetaG/kaiju/all_shortreads/S-W20.kaiju.output	0.000047	15	1853220	Bacteria;Rhodothermaeota;NA;NA;NA;NA;NA;
/home/glbrc.org/echiang3/Saline_MetaG/kaiju/all_shortreads/S-W20.kaiju.output	0.000044	14	1817799	Bacteria;Candidatus Doudnabacteria;NA;NA;NA;NA;NA;
/home/glbrc.org/echiang3/Saline_MetaG/kaiju/all_shortreads/S-W20.kaiju.output	0.000041	13	6029	Eukaryota;Microsporidia;NA;NA;NA;NA;NA;
/home/glbrc.org/echiang3/Saline_MetaG/kaiju/all_shortreads/S-W20.kaiju.output	0.000041	13	67814	Bacteria;Caldiserica;NA;NA;NA;NA;NA;
/home/glbrc.org/echiang3/Saline_MetaG/kaiju/all_shortreads/S-W20.kaiju.output	0.000041	13	1752720	Bacteria;Candidatus Gottesmanbacteria;NA;NA;NA;NA;NA;
/home/glbrc.org/echiang3/Saline_MetaG/kaiju/all_shortreads/S-W20.kaiju.output	0.000038	12	51967	Archaea;Candidatus Korarchaeota;NA;NA;NA;NA;NA;
/home/glbrc.org/echiang3/Saline_MetaG/kaiju/all_shortreads/S-W20.kaiju.output	0.000038	12	1704031	Bacteria;candidate division KD3-62;NA;NA;NA;NA;NA;
/home/glbrc.org/echiang3/Saline_MetaG/kaiju/all_shortreads/S-W20.kaiju.output	0.000034	11	5752	Eukaryota;Heterolobosea;NA;NA;NA;NA;NA;
/home/glbrc.org/echiang3/Saline_MetaG/kaiju/all_shortreads/S-W20.kaiju.output	0.000034	11	68297	Bacteria;Dictyoglomi;NA;NA;NA;NA;NA;
/home/glbrc.org/echiang3/Saline_MetaG/kaiju/all_shortreads/S-W20.kaiju.output	0.000034	11	1817910	Bacteria;Candidatus Lloydbacteria;NA;NA;NA;NA;NA;
/home/glbrc.org/echiang3/Saline_MetaG/kaiju/all_shortreads/S-W20.kaiju.output	0.000034	11	1817922	Bacteria;Candidatus Vogelbacteria;NA;NA;NA;NA;NA;
/home/glbrc.org/echiang3/Saline_MetaG/kaiju/all_shortreads/S-W20.kaiju.output	0.000034	11	2608109	Eukaryota;Haptista;NA;NA;NA;NA;NA;
/home/glbrc.org/echiang3/Saline_MetaG/kaiju/all_shortreads/S-W20.kaiju.output	0.000031	10	1662329	Bacteria;Candidatus Kapabacteria;NA;NA;NA;NA;NA;
/home/glbrc.org/echiang3/Saline_MetaG/kaiju/all_shortreads/S-W20.kaiju.output	0.000031	10	1817802	Bacteria;Candidatus Firestonebacteria;NA;NA;NA;NA;NA;
/home/glbrc.org/echiang3/Saline_MetaG/kaiju/all_shortreads/S-W20.kaiju.output	0.000031	10	1817926	Bacteria;Candidatus Wirthbacteria;NA;NA;NA;NA;NA;
/home/glbrc.org/echiang3/Saline_MetaG/kaiju/all_shortreads/S-W20.kaiju.output	0.000031	10	2052312	Bacteria;Candidatus Dormibacteraeota;NA;NA;NA;NA;NA;
/home/glbrc.org/echiang3/Saline_MetaG/kaiju/all_shortreads/S-W20.kaiju.output	0.000028	9	28889	Archaea;Crenarchaeota;NA;NA;NA;NA;NA;
/home/glbrc.org/echiang3/Saline_MetaG/kaiju/all_shortreads/S-W20.kaiju.output	0.000028	9	67810	Bacteria;Candidatus Bipolaricaulota;NA;NA;NA;NA;NA;
/home/glbrc.org/echiang3/Saline_MetaG/kaiju/all_shortreads/S-W20.kaiju.output	0.000028	9	743724	Archaea;Candidatus Aenigmarchaeota;NA;NA;NA;NA;NA;
/home/glbrc.org/echiang3/Saline_MetaG/kaiju/all_shortreads/S-W20.kaiju.output	0.000028	9	1154676	Bacteria;Candidatus Eremiobacteraeota;NA;NA;NA;NA;NA;
/home/glbrc.org/echiang3/Saline_MetaG/kaiju/all_shortreads/S-W20.kaiju.output	0.000028	9	1752733	Bacteria;Candidatus Yanofskybacteria;NA;NA;NA;NA;NA;
/home/glbrc.org/echiang3/Saline_MetaG/kaiju/all_shortreads/S-W20.kaiju.output	0.000028	9	1817798	Bacteria;Candidatus Delongbacteria;NA;NA;NA;NA;NA;
/home/glbrc.org/echiang3/Saline_MetaG/kaiju/all_shortreads/S-W20.kaiju.output	0.000028	9	2604748	Eukaryota;Endomyxa;NA;NA;NA;NA;NA;
/home/glbrc.org/echiang3/Saline_MetaG/kaiju/all_shortreads/S-W20.kaiju.output	0.000025	8	1817899	Bacteria;Candidatus Woykebacteria;NA;NA;NA;NA;NA;
/home/glbrc.org/echiang3/Saline_MetaG/kaiju/all_shortreads/S-W20.kaiju.output	0.000025	8	2093358	Bacteria;Candidatus Abyssubacteria;NA;NA;NA;NA;NA;
/home/glbrc.org/echiang3/Saline_MetaG/kaiju/all_shortreads/S-W20.kaiju.output	0.000022	7	363464	Bacteria;Candidatus Gracilibacteria;NA;NA;NA;NA;NA;
/home/glbrc.org/echiang3/Saline_MetaG/kaiju/all_shortreads/S-W20.kaiju.output	0.000022	7	555280	Eukaryota;Discosea;NA;NA;NA;NA;NA;
/home/glbrc.org/echiang3/Saline_MetaG/kaiju/all_shortreads/S-W20.kaiju.output	0.000022	7	2013583	Bacteria;Candidatus Goldbacteria;NA;NA;NA;NA;NA;
/home/glbrc.org/echiang3/Saline_MetaG/kaiju/all_shortreads/S-W20.kaiju.output	0.000019	6	1752730	Bacteria;Candidatus Amesbacteria;NA;NA;NA;NA;NA;
/home/glbrc.org/echiang3/Saline_MetaG/kaiju/all_shortreads/S-W20.kaiju.output	0.000019	6	1817904	Bacteria;Candidatus Colwellbacteria;NA;NA;NA;NA;NA;
/home/glbrc.org/echiang3/Saline_MetaG/kaiju/all_shortreads/S-W20.kaiju.output	0.000019	6	2093364	Bacteria;Candidatus Aureabacteria;NA;NA;NA;NA;NA;
/home/glbrc.org/echiang3/Saline_MetaG/kaiju/all_shortreads/S-W20.kaiju.output	0.000016	5	1817797	Bacteria;Candidatus Coatesbacteria;NA;NA;NA;NA;NA;
/home/glbrc.org/echiang3/Saline_MetaG/kaiju/all_shortreads/S-W20.kaiju.output	0.000016	5	1817809	Bacteria;Candidatus Raymondbacteria;NA;NA;NA;NA;NA;
/home/glbrc.org/echiang3/Saline_MetaG/kaiju/all_shortreads/S-W20.kaiju.output	0.000016	5	1817914	Bacteria;Candidatus Ryanbacteria;NA;NA;NA;NA;NA;
/home/glbrc.org/echiang3/Saline_MetaG/kaiju/all_shortreads/S-W20.kaiju.output	0.000016	5	1817925	Bacteria;Candidatus Zambryskibacteria;NA;NA;NA;NA;NA;
/home/glbrc.org/echiang3/Saline_MetaG/kaiju/all_shortreads/S-W20.kaiju.output	0.000013	4	1130266	Bacteria;Candidatus Hydrothermae;NA;NA;NA;NA;NA;
/home/glbrc.org/echiang3/Saline_MetaG/kaiju/all_shortreads/S-W20.kaiju.output	0.000013	4	1817905	Bacteria;Candidatus Harrisonbacteria;NA;NA;NA;NA;NA;
/home/glbrc.org/echiang3/Saline_MetaG/kaiju/all_shortreads/S-W20.kaiju.output	0.000013	4	1817917	Bacteria;Candidatus Sungbacteria;NA;NA;NA;NA;NA;
/home/glbrc.org/echiang3/Saline_MetaG/kaiju/all_shortreads/S-W20.kaiju.output	0.000013	4	1819803	Bacteria;Candidatus Desantisbacteria;NA;NA;NA;NA;NA;
/home/glbrc.org/echiang3/Saline_MetaG/kaiju/all_shortreads/S-W20.kaiju.output	0.000013	4	2582935	Archaea;Candidatus Altiarchaeota;NA;NA;NA;NA;NA;
/home/glbrc.org/echiang3/Saline_MetaG/kaiju/all_shortreads/S-W20.kaiju.output	0.000009	3	422282	Bacteria;candidate division WWE3;NA;NA;NA;NA;NA;
/home/glbrc.org/echiang3/Saline_MetaG/kaiju/all_shortreads/S-W20.kaiju.output	0.000009	3	1752719	Bacteria;Candidatus Levybacteria;NA;NA;NA;NA;NA;
/home/glbrc.org/echiang3/Saline_MetaG/kaiju/all_shortreads/S-W20.kaiju.output	0.000009	3	1752721	Bacteria;Candidatus Shapirobacteria;NA;NA;NA;NA;NA;
/home/glbrc.org/echiang3/Saline_MetaG/kaiju/all_shortreads/S-W20.kaiju.output	0.000009	3	1817800	Bacteria;Candidatus Edwardsbacteria;NA;NA;NA;NA;NA;
/home/glbrc.org/echiang3/Saline_MetaG/kaiju/all_shortreads/S-W20.kaiju.output	0.000009	3	1817907	Bacteria;Candidatus Kerfeldbacteria;NA;NA;NA;NA;NA;
/home/glbrc.org/echiang3/Saline_MetaG/kaiju/all_shortreads/S-W20.kaiju.output	0.000009	3	1817916	Bacteria;Candidatus Staskawiczbacteria;NA;NA;NA;NA;NA;
/home/glbrc.org/echiang3/Saline_MetaG/kaiju/all_shortreads/S-W20.kaiju.output	0.000006	2	29178	Eukaryota;Foraminifera;NA;NA;NA;NA;NA;
/home/glbrc.org/echiang3/Saline_MetaG/kaiju/all_shortreads/S-W20.kaiju.output	0.000006	2	67820	Bacteria;Candidatus Microgenomates;NA;NA;NA;NA;NA;
/home/glbrc.org/echiang3/Saline_MetaG/kaiju/all_shortreads/S-W20.kaiju.output	0.000006	2	1752740	Bacteria;Candidatus Kuenenbacteria;NA;NA;NA;NA;NA;
/home/glbrc.org/echiang3/Saline_MetaG/kaiju/all_shortreads/S-W20.kaiju.output	0.000003	1	136419	Eukaryota;Cercozoa;NA;NA;NA;NA;NA;
/home/glbrc.org/echiang3/Saline_MetaG/kaiju/all_shortreads/S-W20.kaiju.output	0.000003	1	451459	Eukaryota;Blastocladiomycota;NA;NA;NA;NA;NA;
/home/glbrc.org/echiang3/Saline_MetaG/kaiju/all_shortreads/S-W20.kaiju.output	0.000003	1	555369	Eukaryota;Tubulinea;NA;NA;NA;NA;NA;
/home/glbrc.org/echiang3/Saline_MetaG/kaiju/all_shortreads/S-W20.kaiju.output	0.000003	1	743725	Archaea;Candidatus Diapherotrites;NA;NA;NA;NA;NA;
/home/glbrc.org/echiang3/Saline_MetaG/kaiju/all_shortreads/S-W20.kaiju.output	0.000003	1	1752724	Bacteria;Candidatus Pacebacteria;NA;NA;NA;NA;NA;
/home/glbrc.org/echiang3/Saline_MetaG/kaiju/all_shortreads/S-W20.kaiju.output	0.000003	1	1752726	Bacteria;Candidatus Beckwithbacteria;NA;NA;NA;NA;NA;
/home/glbrc.org/echiang3/Saline_MetaG/kaiju/all_shortreads/S-W20.kaiju.output	0.000003	1	1752735	Bacteria;Candidatus Wolfebacteria;NA;NA;NA;NA;NA;
/home/glbrc.org/echiang3/Saline_MetaG/kaiju/all_shortreads/S-W20.kaiju.output	0.000003	1	1752739	Bacteria;Candidatus Jorgensenbacteria;NA;NA;NA;NA;NA;
/home/glbrc.org/echiang3/Saline_MetaG/kaiju/all_shortreads/S-W20.kaiju.output	0.000003	1	1801631	Archaea;Candidatus Micrarchaeota;NA;NA;NA;NA;NA;
/home/glbrc.org/echiang3/Saline_MetaG/kaiju/all_shortreads/S-W20.kaiju.output	0.000003	1	1817804	Bacteria;Candidatus Fraserbacteria;NA;NA;NA;NA;NA;
/home/glbrc.org/echiang3/Saline_MetaG/kaiju/all_shortreads/S-W20.kaiju.output	0.000003	1	1817805	Bacteria;Candidatus Glassbacteria;NA;NA;NA;NA;NA;
/home/glbrc.org/echiang3/Saline_MetaG/kaiju/all_shortreads/S-W20.kaiju.output	0.000003	1	1817900	Bacteria;Candidatus Chisholmbacteria;NA;NA;NA;NA;NA;
/home/glbrc.org/echiang3/Saline_MetaG/kaiju/all_shortreads/S-W20.kaiju.output	0.000003	1	1817908	Bacteria;Candidatus Komeilibacteria;NA;NA;NA;NA;NA;
/home/glbrc.org/echiang3/Saline_MetaG/kaiju/all_shortreads/S-W20.kaiju.output	0.000003	1	1817913	Bacteria;Candidatus Portnoybacteria;NA;NA;NA;NA;NA;
/home/glbrc.org/echiang3/Saline_MetaG/kaiju/all_shortreads/S-W20.kaiju.output	0.000003	1	1817919	Bacteria;Candidatus Taylorbacteria;NA;NA;NA;NA;NA;
/home/glbrc.org/echiang3/Saline_MetaG/kaiju/all_shortreads/S-W20.kaiju.output	0.000003	1	1915410	Archaea;Candidatus Verstraetearchaeota;NA;NA;NA;NA;NA;
/home/glbrc.org/echiang3/Saline_MetaG/kaiju/all_shortreads/S-W20.kaiju.output	0.000003	1	2138240	Bacteria;Coprothermobacterota;NA;NA;NA;NA;NA;
/home/glbrc.org/echiang3/Saline_MetaG/kaiju/all_shortreads/S-W20.kaiju.output	0.000003	1	2301208	Bacteria;Candidatus Cerribacteria;NA;NA;NA;NA;NA;
/home/glbrc.org/echiang3/Saline_MetaG/kaiju/all_shortreads/S-W20.kaiju.output	0.001738	556	10239	Viruses
/home/glbrc.org/echiang3/Saline_MetaG/kaiju/all_shortreads/S-W20.kaiju.output	3.539069	1132467	NA	cannot be assigned to a (non-viral) phylum
/home/glbrc.org/echiang3/Saline_MetaG/kaiju/all_shortreads/S-W20.kaiju.output	19.114633	6116493	NA	unclassified
